# Observed Manhattan patches; unknown cells remain absent. Units: meters.
v 1.917535 -1.050000 0.150000
v 1.917535 -0.900000 0.150000
v 1.917535 -0.900000 0.300000
v 1.917535 -1.050000 0.300000
v 1.917535 -0.900000 0.450000
v 1.917535 -1.050000 0.450000
v 1.917535 -0.900000 0.600000
v 1.917535 -1.050000 0.600000
v 1.917535 -0.900000 0.750000
v 1.917535 -1.050000 0.750000
v 1.917535 -0.900000 0.900000
v 1.917535 -1.050000 0.900000
v 1.917535 -0.900000 1.050000
v 1.917535 -1.050000 1.050000
v 1.917535 -0.900000 1.200000
v 1.917535 -1.050000 1.200000
v 1.917535 -0.900000 1.350000
v 1.917535 -1.050000 1.350000
v 1.917535 -0.900000 1.500000
v 1.917535 -1.050000 1.500000
v 1.917535 -0.900000 1.650000
v 1.917535 -1.050000 1.650000
v 1.917535 -1.050000 2.100000
v 1.917535 -0.900000 2.100000
v 1.917535 -0.900000 2.250000
v 1.917535 -1.050000 2.250000
v 1.917535 -0.900000 2.400000
v 1.917535 -1.050000 2.400000
v 1.917535 -0.900000 2.550000
v 1.917535 -1.050000 2.550000
v 1.917535 -0.900000 2.700000
v 1.917535 -1.050000 2.700000
v 1.917535 -0.900000 2.850000
v 1.917535 -1.050000 2.850000
v 1.917535 -0.900000 3.000000
v 1.917535 -1.050000 3.000000
v 1.917535 -0.900000 3.150000
v 1.917535 -1.050000 3.150000
v 1.917535 -0.750000 1.500000
v 1.917535 -0.750000 1.650000
v 1.917535 -0.750000 1.800000
v 1.917535 -0.900000 1.800000
v 1.917535 -0.750000 1.950000
v 1.917535 -0.900000 1.950000
v 1.917535 -0.750000 2.100000
v 1.917535 -0.750000 2.250000
v 1.917535 -0.750000 3.000000
v 1.917535 -0.750000 3.150000
v 1.917535 -0.600000 3.000000
v 1.917535 -0.600000 3.150000
v 1.917535 -0.450000 3.000000
v 1.917535 -0.450000 3.150000
v 1.917535 -0.300000 3.000000
v 1.917535 -0.300000 3.150000
v 1.917535 -0.150000 3.000000
v 1.917535 -0.150000 3.150000
v 1.917535 0.000000 3.000000
v 1.917535 0.000000 3.150000
v 1.917535 0.150000 3.000000
v 1.917535 0.150000 3.150000
v 1.917535 0.300000 3.000000
v 1.917535 0.300000 3.150000
v 1.917535 0.450000 3.000000
v 1.917535 0.450000 3.150000
v 1.917535 0.600000 3.000000
v 1.917535 0.600000 3.150000
v 1.917535 0.750000 3.000000
v 1.917535 0.750000 3.150000
v 1.917535 0.900000 3.000000
v 1.917535 0.900000 3.150000
v 1.917535 0.900000 0.150000
v 1.917535 1.050000 0.150000
v 1.917535 1.050000 0.300000
v 1.917535 0.900000 0.300000
v 1.917535 1.050000 0.450000
v 1.917535 0.900000 0.450000
v 1.917535 1.050000 0.600000
v 1.917535 0.900000 0.600000
v 1.917535 1.050000 0.750000
v 1.917535 0.900000 0.750000
v 1.917535 1.050000 0.900000
v 1.917535 0.900000 0.900000
v 1.917535 1.050000 1.050000
v 1.917535 0.900000 1.050000
v 1.917535 1.050000 1.200000
v 1.917535 0.900000 1.200000
v 1.917535 1.050000 1.350000
v 1.917535 0.900000 1.350000
v 1.917535 1.050000 1.500000
v 1.917535 0.900000 1.500000
v 1.917535 1.050000 1.650000
v 1.917535 0.900000 1.650000
v 1.917535 1.050000 1.800000
v 1.917535 0.900000 1.800000
v 1.917535 1.050000 1.950000
v 1.917535 0.900000 1.950000
v 1.917535 1.050000 2.100000
v 1.917535 0.900000 2.100000
v 1.917535 1.050000 2.250000
v 1.917535 0.900000 2.250000
v 1.917535 1.050000 2.400000
v 1.917535 0.900000 2.400000
v 1.917535 1.050000 2.550000
v 1.917535 0.900000 2.550000
v 1.917535 1.050000 2.700000
v 1.917535 0.900000 2.700000
v 1.917535 1.200000 0.150000
v 1.917535 1.200000 0.300000
v 1.917535 1.200000 0.450000
v 1.917535 1.200000 0.600000
v 1.917535 1.200000 0.750000
v 1.917535 1.200000 0.900000
v 1.917535 1.200000 1.050000
v 1.917535 1.200000 1.200000
v 1.917535 1.200000 1.350000
v 1.917535 1.200000 1.500000
v 1.917535 1.200000 1.650000
v 1.917535 1.200000 1.800000
v 1.917535 1.350000 0.150000
v 1.917535 1.350000 0.300000
v 1.917535 1.350000 0.450000
v 1.917535 1.350000 0.600000
v 1.917535 1.350000 0.750000
v 1.917535 1.350000 0.900000
v 1.917535 1.350000 1.050000
v 1.917535 1.350000 1.200000
v 1.917535 1.350000 1.350000
v 1.917535 1.350000 1.500000
v 1.917535 1.350000 1.650000
v 1.917535 1.350000 1.800000
v 1.917535 1.350000 1.950000
v 1.917535 1.200000 1.950000
v 1.917535 1.350000 2.100000
v 1.917535 1.200000 2.100000
v 1.917535 1.350000 2.250000
v 1.917535 1.200000 2.250000
v 1.917535 1.350000 2.400000
v 1.917535 1.200000 2.400000
v 1.917535 1.200000 2.550000
v 1.917535 1.350000 2.550000
v 1.917535 1.350000 2.700000
v 1.917535 1.200000 2.700000
v 1.917535 1.350000 2.850000
v 1.917535 1.200000 2.850000
v 1.917535 1.350000 3.000000
v 1.917535 1.200000 3.000000
v 1.917535 1.350000 3.150000
v 1.917535 1.200000 3.150000
v 1.917535 1.500000 0.150000
v 1.917535 1.500000 0.300000
v 1.917535 1.500000 0.450000
v 1.917535 1.500000 0.600000
v 1.917535 1.500000 0.750000
v 1.917535 1.500000 0.900000
v 1.917535 1.500000 1.050000
v 1.917535 1.500000 1.200000
v 1.917535 1.500000 1.350000
v 1.917535 1.500000 1.500000
v 1.917535 1.500000 1.650000
v 1.917535 1.500000 1.800000
v 1.917535 1.500000 1.950000
v 1.917535 1.500000 2.100000
v 1.917535 1.500000 2.250000
v 1.917535 1.500000 2.400000
v 1.917535 1.500000 2.550000
v 1.917535 1.500000 2.700000
v 1.917535 1.500000 2.850000
v 1.917535 1.500000 3.000000
v 1.917535 1.500000 3.150000
v 1.917535 1.650000 0.150000
v 1.917535 1.650000 0.300000
v 1.917535 1.650000 0.450000
v 1.917535 1.650000 0.600000
v 1.917535 1.650000 0.750000
v 1.917535 1.650000 0.900000
v 1.917535 1.650000 1.050000
v 1.917535 1.650000 1.200000
v 1.917535 1.650000 1.350000
v 1.917535 1.650000 1.500000
v 1.917535 1.650000 1.650000
v 1.917535 1.650000 1.800000
v 1.917535 1.650000 1.950000
v 1.917535 1.650000 2.100000
v 1.917535 1.650000 2.250000
v 1.917535 1.650000 2.400000
v 1.917535 1.650000 2.550000
v 1.917535 1.650000 2.700000
v 1.917535 1.650000 2.850000
v 1.917535 1.650000 3.000000
v 1.917535 1.650000 3.150000
v 1.917535 1.800000 0.150000
v 1.917535 1.800000 0.300000
v 1.917535 1.800000 0.450000
v 1.917535 1.800000 0.600000
v 1.917535 1.800000 0.750000
v 1.917535 1.800000 0.900000
v 1.917535 1.800000 1.050000
v 1.917535 1.800000 1.200000
v 1.917535 1.800000 1.350000
v 1.917535 1.800000 1.500000
v 1.917535 1.800000 1.650000
v 1.917535 1.800000 1.800000
v 1.917535 1.800000 1.950000
v 1.917535 1.800000 2.100000
v 1.917535 1.800000 2.250000
v 1.917535 1.800000 2.400000
v 1.917535 1.800000 2.550000
v 1.917535 1.800000 2.700000
v 1.917535 1.800000 2.850000
v 1.917535 1.800000 3.000000
v 1.917535 1.800000 3.150000
v 1.917535 1.950000 0.150000
v 1.917535 1.950000 0.300000
v 1.917535 1.950000 0.450000
v 1.917535 1.950000 0.600000
v 1.917535 1.950000 0.750000
v 1.917535 1.950000 0.900000
v 1.917535 1.950000 1.050000
v 1.917535 1.950000 1.200000
v 1.917535 1.950000 1.350000
v 1.917535 1.950000 1.500000
v 1.917535 1.950000 1.650000
v 1.917535 1.950000 1.800000
v 1.917535 1.950000 1.950000
v 1.917535 1.950000 2.100000
v 1.917535 1.950000 2.250000
v 1.917535 1.950000 2.400000
v 1.917535 1.950000 2.550000
v 1.917535 1.950000 2.700000
v 1.917535 1.950000 2.850000
v 1.917535 1.950000 3.000000
v 1.917535 1.950000 3.150000
v 1.917535 2.100000 0.150000
v 1.917535 2.100000 0.300000
v 1.917535 2.100000 0.450000
v 1.917535 2.100000 0.600000
v 1.917535 2.100000 0.750000
v 1.917535 2.100000 0.900000
v 1.917535 2.100000 1.050000
v 1.917535 2.100000 1.200000
v 1.917535 2.100000 1.350000
v 1.917535 2.100000 1.500000
v 1.917535 2.100000 1.650000
v 1.917535 2.100000 1.800000
v 1.917535 2.100000 1.950000
v 1.917535 2.100000 2.100000
v 1.917535 2.100000 2.250000
v 1.917535 2.100000 2.400000
v 1.917535 2.100000 2.550000
v 1.917535 2.100000 2.700000
v 1.917535 2.100000 2.850000
v 1.917535 2.100000 3.000000
v 1.917535 2.100000 3.150000
v 1.917535 2.250000 0.150000
v 1.917535 2.250000 0.300000
v 1.917535 2.250000 0.450000
v 1.917535 2.250000 0.600000
v 1.917535 2.250000 0.750000
v 1.917535 2.250000 0.900000
v 1.917535 2.250000 1.050000
v 1.917535 2.250000 1.200000
v 1.917535 2.250000 1.350000
v 1.917535 2.250000 1.500000
v 1.917535 2.250000 1.650000
v 1.917535 2.250000 1.800000
v 1.917535 2.250000 1.950000
v 1.917535 2.250000 2.100000
v 1.917535 2.250000 2.250000
v 1.917535 2.250000 2.400000
v 1.917535 2.250000 2.550000
v 1.917535 2.250000 2.700000
v 1.917535 2.250000 2.850000
v 1.917535 2.250000 3.000000
v 1.917535 2.250000 3.150000
v 1.917535 2.400000 0.150000
v 1.917535 2.400000 0.300000
v 1.917535 2.400000 0.450000
v 1.917535 2.400000 0.600000
v 1.917535 2.400000 0.750000
v 1.917535 2.400000 0.900000
v 1.917535 2.400000 1.050000
v 1.917535 2.400000 1.200000
v 1.917535 2.400000 1.350000
v 1.917535 2.400000 1.500000
v 1.917535 2.400000 1.650000
v 1.917535 2.400000 1.800000
v 1.917535 2.400000 1.950000
v 1.917535 2.400000 2.100000
v 1.917535 2.400000 2.250000
v 1.917535 2.400000 2.400000
v 1.917535 2.400000 2.550000
v 1.917535 2.400000 2.700000
v 1.917535 2.400000 2.850000
v 1.917535 2.400000 3.000000
v 1.917535 2.400000 3.150000
v 1.917535 2.550000 0.150000
v 1.917535 2.550000 0.300000
v 1.917535 2.550000 0.450000
v 1.917535 2.550000 0.600000
v 1.917535 2.550000 0.750000
v 1.917535 2.550000 0.900000
v 1.917535 2.550000 1.050000
v 1.917535 2.550000 1.200000
v 1.917535 2.550000 1.350000
v 1.917535 2.550000 1.500000
v 1.917535 2.550000 1.650000
v 1.917535 2.550000 1.800000
v 1.917535 2.550000 1.950000
v 1.917535 2.550000 2.100000
v 1.917535 2.550000 2.250000
v 1.917535 2.550000 2.400000
v 1.917535 2.550000 2.550000
v 1.917535 2.550000 2.700000
v 1.917535 2.550000 2.850000
v 1.917535 2.550000 3.000000
v 1.917535 2.550000 3.150000
v 1.917535 2.700000 0.150000
v 1.917535 2.700000 0.300000
v 1.917535 2.700000 0.450000
v 1.917535 2.700000 0.600000
v 1.917535 2.700000 0.750000
v 1.917535 2.700000 0.900000
v 1.917535 2.700000 1.050000
v 1.917535 2.700000 1.200000
v 1.917535 2.700000 1.350000
v 1.917535 2.700000 1.500000
v 1.917535 2.700000 1.650000
v 1.917535 2.700000 1.800000
v 1.917535 2.700000 1.950000
v 1.917535 2.700000 2.100000
v 1.917535 2.700000 2.250000
v 1.917535 2.700000 2.400000
v 1.917535 2.700000 2.550000
v 1.917535 2.700000 2.700000
v 1.917535 2.700000 2.850000
v 1.917535 2.700000 3.000000
v 1.917535 2.700000 3.150000
v 1.917535 2.850000 0.150000
v 1.917535 2.850000 0.300000
v 1.917535 2.850000 0.450000
v 1.917535 2.850000 0.600000
v 1.917535 2.850000 0.750000
v 1.917535 2.850000 0.900000
v 1.917535 2.850000 1.050000
v 1.917535 2.850000 1.200000
v 1.917535 2.850000 1.350000
v 1.917535 2.850000 1.500000
v 1.917535 2.850000 1.650000
v 1.917535 2.850000 1.800000
v 1.917535 2.850000 2.550000
v 1.917535 2.850000 2.700000
v 1.917535 2.850000 2.850000
v 1.917535 2.850000 3.000000
v 1.917535 2.850000 3.150000
v 1.917535 3.000000 0.150000
v 1.917535 3.000000 0.300000
v 1.917535 3.000000 0.450000
v 1.917535 3.000000 0.600000
v 1.917535 3.000000 0.750000
v 1.917535 3.000000 0.900000
v 1.917535 3.000000 1.050000
v 1.917535 3.000000 1.200000
v 1.917535 3.000000 1.350000
v 1.917535 3.000000 1.500000
v 1.917535 3.000000 1.650000
v 1.917535 3.000000 1.800000
v 1.917535 3.000000 2.550000
v 1.917535 3.000000 2.700000
v 1.917535 3.000000 2.850000
v 1.917535 3.000000 3.000000
v 1.917535 3.000000 3.150000
v 1.917535 3.150000 0.150000
v 1.917535 3.150000 0.300000
v 1.917535 3.150000 0.450000
v 1.917535 3.150000 0.600000
v 1.917535 3.150000 0.750000
v 1.917535 3.150000 0.900000
v 1.917535 3.150000 1.050000
v 1.917535 3.150000 1.200000
v 1.917535 3.150000 1.350000
v 1.917535 3.150000 1.500000
v 1.917535 3.150000 1.650000
v 1.917535 3.150000 1.800000
v 1.917535 3.150000 1.950000
v 1.917535 3.000000 1.950000
v 1.917535 3.300000 0.150000
v 1.917535 3.300000 0.300000
v 1.917535 3.300000 0.450000
v 1.917535 3.300000 0.600000
v 1.917535 3.300000 0.750000
v 1.917535 3.300000 0.900000
v 1.917535 3.300000 1.050000
v 1.917535 3.300000 1.200000
v 1.917535 3.300000 1.350000
v 1.917535 3.300000 1.500000
v 1.917535 3.300000 1.650000
v 1.917535 3.300000 1.800000
v 1.917535 3.300000 1.950000
v 1.917535 3.150000 2.850000
v 1.917535 3.300000 2.850000
v 1.917535 3.300000 3.000000
v 1.917535 3.150000 3.000000
v 1.917535 3.450000 0.150000
v 1.917535 3.450000 0.300000
v 1.917535 3.450000 0.450000
v 1.917535 3.450000 0.600000
v 1.917535 3.450000 0.750000
v 1.917535 3.450000 0.900000
v 1.917535 3.450000 1.050000
v 1.917535 3.450000 1.200000
v 1.917535 3.450000 1.350000
v 1.917535 3.450000 1.500000
v 1.917535 3.450000 1.650000
v 1.917535 3.450000 1.800000
v 1.917535 3.450000 1.950000
v 1.917535 3.300000 2.400000
v 1.917535 3.450000 2.400000
v 1.917535 3.450000 2.550000
v 1.917535 3.300000 2.550000
v 1.917535 3.450000 2.700000
v 1.917535 3.300000 2.700000
v 1.917535 3.450000 2.850000
v 1.917535 3.450000 3.000000
v 1.917535 3.600000 0.150000
v 1.917535 3.600000 0.300000
v 1.917535 3.600000 0.450000
v 1.917535 3.600000 0.600000
v 1.917535 3.600000 0.750000
v 1.917535 3.600000 0.900000
v 1.917535 3.600000 1.050000
v 1.917535 3.600000 1.200000
v 1.917535 3.600000 1.350000
v 1.917535 3.600000 1.500000
v 1.917535 3.600000 1.650000
v 1.917535 3.600000 1.800000
v 1.917535 3.600000 1.950000
v 1.917535 3.600000 2.100000
v 1.917535 3.450000 2.100000
v 1.917535 3.600000 2.250000
v 1.917535 3.450000 2.250000
v 1.917535 3.600000 2.400000
v 1.917535 3.600000 2.550000
v 1.917535 3.600000 2.700000
v 1.917535 3.600000 2.850000
v 1.917535 3.600000 3.000000
v 1.917535 3.750000 0.150000
v 1.917535 3.750000 0.300000
v 1.917535 3.750000 0.450000
v 1.917535 3.750000 0.600000
v 1.917535 3.750000 0.750000
v 1.917535 3.750000 0.900000
v 1.917535 3.750000 1.050000
v 1.917535 3.750000 1.200000
v 1.917535 3.750000 1.350000
v 1.917535 3.750000 1.500000
v 1.917535 3.750000 1.650000
v 1.917535 3.750000 1.800000
v 1.917535 3.750000 1.950000
v 1.917535 3.750000 2.100000
v 1.917535 3.750000 2.250000
v 1.917535 3.750000 2.400000
v 1.917535 3.750000 2.550000
v 1.917535 3.750000 2.700000
v 1.917535 3.750000 2.850000
v 1.917535 3.750000 3.000000
v 1.917535 3.900000 0.150000
v 1.917535 3.900000 0.300000
v 1.917535 3.900000 0.450000
v 1.917535 3.900000 0.600000
v 1.917535 3.900000 0.750000
v 1.917535 3.900000 0.900000
v 1.917535 3.900000 1.050000
v 1.917535 3.900000 1.200000
v 1.917535 3.900000 1.350000
v 1.917535 3.900000 1.500000
v 1.917535 3.900000 1.650000
v 1.917535 3.900000 1.800000
v 1.917535 3.900000 1.950000
v 1.917535 3.900000 2.100000
v 1.917535 3.900000 2.250000
v 1.917535 3.900000 2.400000
v 1.917535 3.900000 2.550000
v 1.917535 3.900000 2.700000
v 1.917535 3.900000 2.850000
v 1.917535 3.900000 3.000000
v 1.917535 3.900000 3.150000
v 1.917535 3.750000 3.150000
v 1.917535 4.050000 0.150000
v 1.917535 4.050000 0.300000
v 1.917535 4.050000 0.450000
v 1.917535 4.050000 0.600000
v 1.917535 4.050000 0.750000
v 1.917535 4.050000 0.900000
v 1.917535 4.050000 1.050000
v 1.917535 4.050000 1.200000
v 1.917535 4.050000 1.350000
v 1.917535 4.050000 1.500000
v 1.917535 4.050000 1.650000
v 1.917535 4.050000 1.800000
v 1.917535 4.050000 1.950000
v 1.917535 4.050000 2.100000
v 1.917535 4.050000 2.250000
v 1.917535 4.050000 2.400000
v 1.917535 4.050000 2.550000
v 1.917535 4.050000 2.700000
v 1.917535 4.050000 2.850000
v 1.917535 4.050000 3.000000
v 1.917535 4.050000 3.150000
v 1.917535 4.200000 0.150000
v 1.917535 4.200000 0.300000
v 1.917535 4.200000 0.450000
v 1.917535 4.200000 0.600000
v 1.917535 4.200000 0.750000
v 1.917535 4.200000 0.900000
v 1.917535 4.200000 1.050000
v 1.917535 4.200000 1.200000
v 1.917535 4.200000 1.350000
v 1.917535 4.200000 1.500000
v 1.917535 4.200000 1.650000
v 1.917535 4.200000 1.800000
v 1.917535 4.200000 1.950000
v 1.917535 4.200000 2.100000
v 1.917535 4.200000 2.250000
v 1.917535 4.200000 2.400000
v 1.917535 4.200000 2.550000
v 1.917535 4.200000 2.700000
v 1.917535 4.200000 2.850000
v 1.917535 4.200000 3.000000
v 1.917535 4.200000 3.150000
v 1.917535 4.350000 0.150000
v 1.917535 4.350000 0.300000
v 1.917535 4.350000 0.450000
v 1.917535 4.350000 0.600000
v 1.917535 4.350000 0.750000
v 1.917535 4.350000 0.900000
v 1.917535 4.350000 1.050000
v 1.917535 4.350000 1.200000
v 1.917535 4.350000 1.350000
v 1.917535 4.350000 1.500000
v 1.917535 4.350000 1.650000
v 1.917535 4.350000 1.800000
v 1.917535 4.350000 1.950000
v 1.917535 4.350000 2.100000
v 1.917535 4.350000 2.250000
v 1.917535 4.350000 2.400000
v 1.917535 4.350000 2.550000
v 1.917535 4.350000 2.700000
v 1.917535 4.350000 2.850000
v 1.917535 4.350000 3.000000
v 1.917535 4.350000 3.150000
v 1.917535 4.500000 0.150000
v 1.917535 4.500000 0.300000
v 1.917535 4.500000 0.450000
v 1.917535 4.500000 0.600000
v 1.917535 4.500000 0.750000
v 1.917535 4.500000 0.900000
v 1.917535 4.500000 1.050000
v 1.917535 4.500000 1.200000
v 1.917535 4.500000 1.350000
v 1.917535 4.500000 1.500000
v 1.917535 4.500000 1.650000
v 1.917535 4.500000 1.800000
v 1.917535 4.500000 1.950000
v 1.917535 4.500000 2.100000
v 1.917535 4.500000 2.250000
v 1.917535 4.500000 2.400000
v 1.917535 4.500000 2.550000
v 1.917535 4.500000 2.700000
v 1.917535 4.500000 2.850000
v 1.917535 4.500000 3.000000
v 1.917535 4.500000 3.150000
v 1.917535 4.650000 0.150000
v 1.917535 4.650000 0.300000
v 1.917535 4.650000 0.450000
v 1.917535 4.650000 0.600000
v 1.917535 4.650000 0.750000
v 1.917535 4.650000 0.900000
v 1.917535 4.650000 1.050000
v 1.917535 4.650000 1.200000
v 1.917535 4.650000 1.350000
v 1.917535 4.650000 1.500000
v 1.917535 4.650000 1.650000
v 1.917535 4.650000 1.800000
v 1.917535 4.650000 1.950000
v 1.917535 4.650000 2.100000
v 1.917535 4.650000 2.250000
v 1.917535 4.650000 2.400000
v 1.917535 4.650000 2.550000
v 1.917535 4.650000 2.700000
v 1.917535 4.650000 2.850000
v 1.917535 4.650000 3.000000
v 1.917535 4.650000 3.150000
v 1.917535 4.800000 0.300000
v 1.917535 4.800000 0.450000
v 1.917535 4.800000 0.600000
v 1.917535 4.800000 0.750000
v 1.917535 4.800000 0.900000
v 1.917535 4.800000 1.050000
v 1.917535 4.800000 1.200000
v 1.917535 4.800000 1.350000
v 1.917535 4.800000 1.500000
v 1.917535 4.800000 1.650000
v 1.917535 4.800000 1.800000
v 1.917535 4.800000 1.950000
v 1.917535 4.800000 2.100000
v 1.917535 4.800000 2.250000
v 1.917535 4.800000 2.400000
v 1.917535 4.800000 2.550000
v 1.917535 4.800000 2.700000
v 1.917535 4.800000 2.850000
v 1.917535 4.800000 3.000000
v 1.917535 4.800000 3.150000
v 1.917535 4.950000 0.300000
v 1.917535 4.950000 0.450000
v 1.917535 4.950000 0.600000
v 1.917535 4.950000 0.750000
v 1.917535 4.950000 0.900000
v 1.917535 4.950000 1.050000
v 1.917535 4.950000 1.200000
v 1.917535 4.950000 1.350000
v 1.917535 4.950000 1.500000
v 1.917535 4.950000 1.650000
v 1.917535 4.950000 1.800000
v 1.917535 4.950000 1.950000
v 1.917535 4.950000 2.100000
v 1.917535 4.950000 2.250000
v 1.917535 4.950000 2.400000
v 1.917535 4.950000 2.550000
v 1.917535 4.950000 2.700000
v 1.917535 4.950000 2.850000
v 1.917535 4.950000 3.000000
v 1.917535 4.950000 3.150000
v 1.917535 5.100000 0.300000
v 1.917535 5.100000 0.450000
v 1.917535 5.100000 0.600000
v 1.917535 5.100000 0.750000
v 1.917535 5.100000 0.900000
v 1.917535 5.100000 1.050000
v 1.917535 5.100000 1.200000
v 1.917535 5.100000 1.350000
v 1.917535 5.100000 1.500000
v 1.917535 5.100000 1.650000
v 1.917535 5.100000 1.800000
v 1.917535 5.100000 1.950000
v 1.917535 5.100000 2.100000
v 1.917535 5.100000 2.250000
v 1.917535 5.100000 2.400000
v 1.917535 5.100000 2.550000
v 1.917535 5.100000 2.700000
v 1.917535 5.100000 2.850000
v 1.917535 5.100000 3.000000
v 1.917535 5.100000 3.150000
v 1.917535 5.100000 0.150000
v 1.917535 5.250000 0.150000
v 1.917535 5.250000 0.300000
v 1.917535 5.250000 0.450000
v 1.917535 5.250000 0.600000
v 1.917535 5.250000 0.750000
v 1.917535 5.250000 0.900000
v 1.917535 5.250000 1.050000
v 1.917535 5.250000 1.200000
v 1.917535 5.250000 1.350000
v 1.917535 5.250000 1.500000
v 1.917535 5.250000 1.650000
v 1.917535 5.250000 1.800000
v 1.917535 5.250000 1.950000
v 1.917535 5.250000 2.100000
v 1.917535 5.250000 2.250000
v 1.917535 5.250000 2.400000
v 1.917535 5.250000 2.550000
v 1.917535 5.250000 2.700000
v 1.917535 5.250000 2.850000
v 1.917535 5.250000 3.000000
v 1.917535 5.250000 3.150000
v 1.917535 5.400000 0.300000
v 1.917535 5.400000 0.450000
v 1.917535 5.400000 0.600000
v 1.917535 5.400000 0.750000
v 1.917535 5.400000 0.900000
v 1.917535 5.400000 1.050000
v 1.917535 5.400000 1.200000
v 1.917535 5.400000 1.350000
v 1.917535 5.400000 1.500000
v 1.917535 5.400000 1.650000
v 1.917535 5.400000 1.800000
v 1.917535 5.400000 1.950000
v 1.917535 5.400000 2.100000
v 1.917535 5.400000 2.250000
v 1.917535 5.400000 2.400000
v 1.917535 5.400000 2.550000
v 1.917535 5.400000 2.700000
v 1.917535 5.400000 2.850000
v 1.917535 5.400000 3.000000
v 1.917535 5.400000 0.150000
v 1.917535 5.550000 0.150000
v 1.917535 5.550000 0.300000
v 1.917535 5.550000 0.450000
v 1.917535 5.550000 0.600000
v 1.917535 5.550000 0.750000
v 1.917535 5.550000 0.900000
v 1.917535 5.550000 1.050000
v 1.917535 5.550000 1.200000
v 1.917535 5.550000 1.350000
v 1.917535 5.550000 1.500000
v 1.917535 5.550000 1.650000
v 1.917535 5.550000 1.800000
v 1.917535 5.550000 1.950000
v 1.917535 5.550000 2.100000
v 1.917535 5.550000 2.250000
v 1.917535 5.550000 2.400000
v 1.917535 5.550000 2.550000
v 1.917535 5.550000 2.700000
v 1.917535 5.550000 2.850000
v 1.917535 5.550000 3.000000
v 1.917535 5.550000 3.150000
v 1.917535 5.400000 3.150000
v 1.917535 5.700000 0.150000
v 1.917535 5.700000 0.300000
v 1.917535 5.700000 0.450000
v 1.917535 5.700000 0.600000
v 1.917535 5.700000 0.750000
v 1.917535 5.700000 0.900000
v 1.917535 5.700000 1.050000
v 1.917535 5.700000 1.200000
v 1.917535 5.700000 1.350000
v 1.917535 5.700000 1.500000
v 1.917535 5.700000 1.650000
v 1.917535 5.700000 1.800000
v 1.917535 5.700000 1.950000
v 1.917535 5.700000 2.100000
v 1.917535 5.700000 2.250000
v 1.917535 5.700000 2.400000
v 1.917535 5.700000 2.550000
v 1.917535 5.700000 2.700000
v 1.917535 5.700000 2.850000
v 1.917535 5.700000 3.000000
v 1.917535 5.700000 3.150000
v 1.917535 5.850000 0.150000
v 1.917535 5.850000 0.300000
v 1.917535 5.850000 0.450000
v 1.917535 5.850000 0.600000
v 1.917535 5.850000 0.750000
v 1.917535 5.850000 0.900000
v 1.917535 5.850000 1.050000
v 1.917535 5.850000 1.200000
v 1.917535 5.850000 1.350000
v 1.917535 5.850000 1.500000
v 1.917535 5.850000 1.650000
v 1.917535 5.850000 1.800000
v 1.917535 5.850000 1.950000
v 1.917535 5.850000 2.100000
v 1.917535 5.850000 2.250000
v 1.917535 5.850000 2.400000
v 1.917535 5.850000 2.550000
v 1.917535 5.850000 2.700000
v 1.917535 5.850000 2.850000
v 1.917535 5.850000 3.000000
v 1.917535 5.850000 3.150000
v 1.917535 6.000000 0.150000
v 1.917535 6.000000 0.300000
v 1.917535 6.000000 0.450000
v 1.917535 6.000000 0.600000
v 1.917535 6.000000 0.750000
v 1.917535 6.000000 0.900000
v 1.917535 6.000000 1.050000
v 1.917535 6.000000 1.200000
v 1.917535 6.000000 1.350000
v 1.917535 6.000000 1.500000
v 1.917535 6.000000 1.650000
v 1.917535 6.000000 1.800000
v 1.917535 6.000000 1.950000
v 1.917535 6.000000 2.100000
v 1.917535 6.000000 2.250000
v 1.917535 6.000000 2.400000
v 1.917535 6.000000 2.550000
v 1.917535 6.000000 2.700000
v 1.917535 6.000000 2.850000
v 1.917535 6.000000 3.000000
v 1.917535 6.000000 3.150000
v 5.918529 -1.050000 0.150000
v 5.918529 -0.900000 0.150000
v 5.918529 -0.900000 0.300000
v 5.918529 -1.050000 0.300000
v 5.918529 -0.900000 0.450000
v 5.918529 -1.050000 0.450000
v 5.918529 -0.900000 0.600000
v 5.918529 -1.050000 0.600000
v 5.918529 -0.900000 0.750000
v 5.918529 -1.050000 0.750000
v 5.918529 -0.900000 0.900000
v 5.918529 -1.050000 0.900000
v 5.918529 -0.900000 1.050000
v 5.918529 -1.050000 1.050000
v 5.918529 -0.900000 1.200000
v 5.918529 -1.050000 1.200000
v 5.918529 -0.900000 1.350000
v 5.918529 -1.050000 1.350000
v 5.918529 -0.900000 1.500000
v 5.918529 -1.050000 1.500000
v 5.918529 -0.900000 1.650000
v 5.918529 -1.050000 1.650000
v 5.918529 -0.900000 1.800000
v 5.918529 -1.050000 1.800000
v 5.918529 -0.900000 1.950000
v 5.918529 -1.050000 1.950000
v 5.918529 -0.900000 2.100000
v 5.918529 -1.050000 2.100000
v 5.918529 -0.900000 2.250000
v 5.918529 -1.050000 2.250000
v 5.918529 -0.900000 2.400000
v 5.918529 -1.050000 2.400000
v 5.918529 -0.900000 2.550000
v 5.918529 -1.050000 2.550000
v 5.918529 -0.900000 2.700000
v 5.918529 -1.050000 2.700000
v 5.918529 -0.900000 2.850000
v 5.918529 -1.050000 2.850000
v 5.918529 -0.900000 3.000000
v 5.918529 -1.050000 3.000000
v 5.918529 -0.750000 0.150000
v 5.918529 -0.750000 0.300000
v 5.918529 -0.750000 0.450000
v 5.918529 -0.750000 0.600000
v 5.918529 -0.750000 0.750000
v 5.918529 -0.750000 0.900000
v 5.918529 -0.750000 1.050000
v 5.918529 -0.750000 1.200000
v 5.918529 -0.750000 1.350000
v 5.918529 -0.750000 1.500000
v 5.918529 -0.750000 1.650000
v 5.918529 -0.750000 1.800000
v 5.918529 -0.750000 1.950000
v 5.918529 -0.750000 2.100000
v 5.918529 -0.750000 2.250000
v 5.918529 -0.750000 2.400000
v 5.918529 -0.750000 2.550000
v 5.918529 -0.750000 2.700000
v 5.918529 -0.750000 2.850000
v 5.918529 -0.750000 3.000000
v 5.918529 -0.750000 3.150000
v 5.918529 -0.900000 3.150000
v 5.918529 -0.600000 0.150000
v 5.918529 -0.600000 0.300000
v 5.918529 -0.600000 0.450000
v 5.918529 -0.600000 0.600000
v 5.918529 -0.600000 0.750000
v 5.918529 -0.600000 0.900000
v 5.918529 -0.600000 1.050000
v 5.918529 -0.600000 1.200000
v 5.918529 -0.600000 1.350000
v 5.918529 -0.600000 1.500000
v 5.918529 -0.600000 1.650000
v 5.918529 -0.600000 1.800000
v 5.918529 -0.600000 1.950000
v 5.918529 -0.600000 2.100000
v 5.918529 -0.600000 2.250000
v 5.918529 -0.600000 2.400000
v 5.918529 -0.600000 2.550000
v 5.918529 -0.600000 2.700000
v 5.918529 -0.600000 2.850000
v 5.918529 -0.600000 3.000000
v 5.918529 -0.600000 3.150000
v 5.918529 -0.450000 0.150000
v 5.918529 -0.450000 0.300000
v 5.918529 -0.450000 0.450000
v 5.918529 -0.450000 0.600000
v 5.918529 -0.450000 0.750000
v 5.918529 -0.450000 0.900000
v 5.918529 -0.450000 1.050000
v 5.918529 -0.450000 1.200000
v 5.918529 -0.450000 1.350000
v 5.918529 -0.450000 1.500000
v 5.918529 -0.450000 1.650000
v 5.918529 -0.450000 1.800000
v 5.918529 -0.450000 1.950000
v 5.918529 -0.450000 2.100000
v 5.918529 -0.450000 2.250000
v 5.918529 -0.450000 2.400000
v 5.918529 -0.450000 2.550000
v 5.918529 -0.450000 2.700000
v 5.918529 -0.450000 2.850000
v 5.918529 -0.450000 3.000000
v 5.918529 -0.450000 3.150000
v 5.918529 -0.300000 0.150000
v 5.918529 -0.300000 0.300000
v 5.918529 -0.300000 0.450000
v 5.918529 -0.300000 0.600000
v 5.918529 -0.300000 0.750000
v 5.918529 -0.300000 0.900000
v 5.918529 -0.300000 1.050000
v 5.918529 -0.300000 1.200000
v 5.918529 -0.300000 1.350000
v 5.918529 -0.300000 1.500000
v 5.918529 -0.300000 1.650000
v 5.918529 -0.300000 1.800000
v 5.918529 -0.300000 1.950000
v 5.918529 -0.300000 2.100000
v 5.918529 -0.300000 2.250000
v 5.918529 -0.300000 2.400000
v 5.918529 -0.300000 2.550000
v 5.918529 -0.300000 2.700000
v 5.918529 -0.300000 2.850000
v 5.918529 -0.300000 3.000000
v 5.918529 -0.300000 3.150000
v 5.918529 -0.150000 0.150000
v 5.918529 -0.150000 0.300000
v 5.918529 -0.150000 0.450000
v 5.918529 -0.150000 0.600000
v 5.918529 -0.150000 0.750000
v 5.918529 -0.150000 0.900000
v 5.918529 -0.150000 1.050000
v 5.918529 -0.150000 1.200000
v 5.918529 -0.150000 1.350000
v 5.918529 -0.150000 1.500000
v 5.918529 -0.150000 1.650000
v 5.918529 -0.150000 1.800000
v 5.918529 -0.150000 1.950000
v 5.918529 -0.150000 2.100000
v 5.918529 -0.150000 2.250000
v 5.918529 -0.150000 2.400000
v 5.918529 -0.150000 2.550000
v 5.918529 -0.150000 2.700000
v 5.918529 -0.150000 2.850000
v 5.918529 -0.150000 3.000000
v 5.918529 -0.150000 3.150000
v 5.918529 0.000000 0.150000
v 5.918529 0.000000 0.300000
v 5.918529 0.000000 0.450000
v 5.918529 0.000000 0.600000
v 5.918529 0.000000 0.750000
v 5.918529 0.000000 0.900000
v 5.918529 0.000000 1.050000
v 5.918529 0.000000 1.200000
v 5.918529 0.000000 1.350000
v 5.918529 0.000000 1.500000
v 5.918529 0.000000 1.650000
v 5.918529 0.000000 1.800000
v 5.918529 0.000000 1.950000
v 5.918529 0.000000 2.100000
v 5.918529 0.000000 2.250000
v 5.918529 0.000000 2.400000
v 5.918529 0.000000 2.550000
v 5.918529 0.000000 2.700000
v 5.918529 0.000000 2.850000
v 5.918529 0.000000 3.000000
v 5.918529 0.000000 3.150000
v 5.918529 0.150000 0.150000
v 5.918529 0.150000 0.300000
v 5.918529 0.150000 0.450000
v 5.918529 0.150000 0.600000
v 5.918529 0.150000 0.750000
v 5.918529 0.150000 0.900000
v 5.918529 0.150000 1.050000
v 5.918529 0.150000 1.200000
v 5.918529 0.150000 1.350000
v 5.918529 0.150000 1.500000
v 5.918529 0.150000 1.650000
v 5.918529 0.150000 1.800000
v 5.918529 0.150000 1.950000
v 5.918529 0.150000 2.100000
v 5.918529 0.150000 2.250000
v 5.918529 0.150000 2.400000
v 5.918529 0.150000 2.550000
v 5.918529 0.150000 2.700000
v 5.918529 0.150000 2.850000
v 5.918529 0.150000 3.000000
v 5.918529 0.150000 3.150000
v 5.918529 0.300000 0.150000
v 5.918529 0.300000 0.300000
v 5.918529 0.300000 0.450000
v 5.918529 0.300000 0.600000
v 5.918529 0.300000 0.750000
v 5.918529 0.300000 0.900000
v 5.918529 0.300000 1.050000
v 5.918529 0.300000 1.200000
v 5.918529 0.300000 1.350000
v 5.918529 0.300000 1.500000
v 5.918529 0.300000 1.650000
v 5.918529 0.300000 1.800000
v 5.918529 0.300000 1.950000
v 5.918529 0.300000 2.100000
v 5.918529 0.300000 2.250000
v 5.918529 0.300000 2.400000
v 5.918529 0.300000 2.550000
v 5.918529 0.300000 2.700000
v 5.918529 0.300000 2.850000
v 5.918529 0.300000 3.000000
v 5.918529 0.300000 3.150000
v 5.918529 0.450000 0.150000
v 5.918529 0.450000 0.300000
v 5.918529 0.450000 0.450000
v 5.918529 0.450000 0.600000
v 5.918529 0.450000 0.750000
v 5.918529 0.450000 0.900000
v 5.918529 0.450000 1.050000
v 5.918529 0.450000 1.200000
v 5.918529 0.450000 1.350000
v 5.918529 0.450000 1.500000
v 5.918529 0.450000 1.650000
v 5.918529 0.450000 1.800000
v 5.918529 0.450000 1.950000
v 5.918529 0.450000 2.100000
v 5.918529 0.450000 2.250000
v 5.918529 0.450000 2.400000
v 5.918529 0.450000 2.550000
v 5.918529 0.450000 2.700000
v 5.918529 0.450000 2.850000
v 5.918529 0.450000 3.000000
v 5.918529 0.450000 3.150000
v 5.918529 0.600000 0.150000
v 5.918529 0.600000 0.300000
v 5.918529 0.600000 0.450000
v 5.918529 0.600000 0.600000
v 5.918529 0.600000 0.750000
v 5.918529 0.600000 0.900000
v 5.918529 0.600000 1.050000
v 5.918529 0.600000 1.200000
v 5.918529 0.600000 1.350000
v 5.918529 0.600000 1.500000
v 5.918529 0.600000 1.650000
v 5.918529 0.600000 1.800000
v 5.918529 0.600000 1.950000
v 5.918529 0.600000 2.100000
v 5.918529 0.600000 2.250000
v 5.918529 0.600000 2.400000
v 5.918529 0.600000 2.550000
v 5.918529 0.600000 2.700000
v 5.918529 0.600000 2.850000
v 5.918529 0.600000 3.000000
v 5.918529 0.600000 3.150000
v 5.918529 0.750000 0.150000
v 5.918529 0.750000 0.300000
v 5.918529 0.750000 0.450000
v 5.918529 0.750000 0.600000
v 5.918529 0.750000 0.750000
v 5.918529 0.750000 0.900000
v 5.918529 0.750000 1.050000
v 5.918529 0.750000 1.200000
v 5.918529 0.750000 1.350000
v 5.918529 0.750000 1.500000
v 5.918529 0.750000 1.650000
v 5.918529 0.750000 1.800000
v 5.918529 0.750000 1.950000
v 5.918529 0.750000 2.100000
v 5.918529 0.750000 2.250000
v 5.918529 0.750000 2.400000
v 5.918529 0.750000 2.550000
v 5.918529 0.750000 2.700000
v 5.918529 0.750000 2.850000
v 5.918529 0.750000 3.000000
v 5.918529 0.750000 3.150000
v 5.918529 0.900000 0.150000
v 5.918529 0.900000 0.300000
v 5.918529 0.900000 0.450000
v 5.918529 0.900000 0.600000
v 5.918529 0.900000 0.750000
v 5.918529 0.900000 0.900000
v 5.918529 0.900000 1.050000
v 5.918529 0.900000 1.200000
v 5.918529 0.900000 1.350000
v 5.918529 0.900000 1.500000
v 5.918529 0.900000 1.650000
v 5.918529 0.900000 1.800000
v 5.918529 0.900000 1.950000
v 5.918529 0.900000 2.100000
v 5.918529 0.900000 2.250000
v 5.918529 0.900000 2.400000
v 5.918529 0.900000 2.550000
v 5.918529 0.900000 2.700000
v 5.918529 0.900000 2.850000
v 5.918529 0.900000 3.000000
v 5.918529 0.900000 3.150000
v 5.918529 1.050000 0.150000
v 5.918529 1.050000 0.300000
v 5.918529 1.050000 0.450000
v 5.918529 1.050000 0.600000
v 5.918529 1.050000 0.750000
v 5.918529 1.050000 0.900000
v 5.918529 1.050000 1.050000
v 5.918529 1.050000 1.200000
v 5.918529 1.050000 1.350000
v 5.918529 1.050000 1.500000
v 5.918529 1.050000 1.650000
v 5.918529 1.050000 1.800000
v 5.918529 1.050000 1.950000
v 5.918529 1.050000 2.100000
v 5.918529 1.050000 2.250000
v 5.918529 1.050000 2.400000
v 5.918529 1.050000 2.550000
v 5.918529 1.050000 2.700000
v 5.918529 1.050000 2.850000
v 5.918529 1.050000 3.000000
v 5.918529 1.200000 0.150000
v 5.918529 1.200000 0.300000
v 5.918529 1.200000 0.450000
v 5.918529 1.200000 0.600000
v 5.918529 1.200000 0.750000
v 5.918529 1.200000 0.900000
v 5.918529 1.200000 1.050000
v 5.918529 1.200000 1.200000
v 5.918529 1.200000 1.350000
v 5.918529 1.200000 1.500000
v 5.918529 1.200000 1.650000
v 5.918529 1.200000 1.800000
v 5.918529 1.200000 1.950000
v 5.918529 1.200000 2.100000
v 5.918529 1.200000 2.250000
v 5.918529 1.200000 2.400000
v 5.918529 1.200000 2.550000
v 5.918529 1.200000 2.700000
v 5.918529 1.200000 2.850000
v 5.918529 1.200000 3.000000
v 5.918529 1.200000 3.150000
v 5.918529 1.050000 3.150000
v 5.918529 1.350000 0.150000
v 5.918529 1.350000 0.300000
v 5.918529 1.350000 0.450000
v 5.918529 1.350000 0.600000
v 5.918529 1.350000 0.750000
v 5.918529 1.350000 0.900000
v 5.918529 1.350000 1.050000
v 5.918529 1.350000 1.200000
v 5.918529 1.350000 1.350000
v 5.918529 1.350000 1.500000
v 5.918529 1.350000 1.650000
v 5.918529 1.350000 1.800000
v 5.918529 1.350000 1.950000
v 5.918529 1.350000 2.100000
v 5.918529 1.350000 2.250000
v 5.918529 1.350000 2.400000
v 5.918529 1.350000 2.550000
v 5.918529 1.350000 2.700000
v 5.918529 1.350000 2.850000
v 5.918529 1.350000 3.000000
v 5.918529 1.350000 3.150000
v 5.918529 1.500000 0.150000
v 5.918529 1.500000 0.300000
v 5.918529 1.500000 0.450000
v 5.918529 1.500000 0.600000
v 5.918529 1.500000 0.750000
v 5.918529 1.500000 0.900000
v 5.918529 1.500000 1.050000
v 5.918529 1.500000 1.200000
v 5.918529 1.500000 1.350000
v 5.918529 1.500000 1.500000
v 5.918529 1.500000 1.650000
v 5.918529 1.500000 1.800000
v 5.918529 1.500000 1.950000
v 5.918529 1.500000 2.100000
v 5.918529 1.500000 2.250000
v 5.918529 1.500000 2.400000
v 5.918529 1.500000 2.550000
v 5.918529 1.500000 2.700000
v 5.918529 1.500000 2.850000
v 5.918529 1.500000 3.000000
v 5.918529 1.500000 3.150000
v 5.918529 1.650000 0.150000
v 5.918529 1.650000 0.300000
v 5.918529 1.650000 0.450000
v 5.918529 1.650000 0.600000
v 5.918529 1.650000 0.750000
v 5.918529 1.650000 0.900000
v 5.918529 1.650000 1.050000
v 5.918529 1.650000 1.200000
v 5.918529 1.650000 1.350000
v 5.918529 1.650000 1.500000
v 5.918529 1.650000 1.650000
v 5.918529 1.650000 1.800000
v 5.918529 1.650000 1.950000
v 5.918529 1.650000 2.100000
v 5.918529 1.650000 2.250000
v 5.918529 1.650000 2.400000
v 5.918529 1.650000 2.550000
v 5.918529 1.650000 2.700000
v 5.918529 1.650000 2.850000
v 5.918529 1.650000 3.000000
v 5.918529 1.650000 3.150000
v 5.918529 1.800000 0.150000
v 5.918529 1.800000 0.300000
v 5.918529 1.800000 0.450000
v 5.918529 1.800000 0.600000
v 5.918529 1.800000 0.750000
v 5.918529 1.800000 0.900000
v 5.918529 1.800000 1.050000
v 5.918529 1.800000 1.200000
v 5.918529 1.800000 1.350000
v 5.918529 1.800000 1.500000
v 5.918529 1.800000 1.650000
v 5.918529 1.800000 1.800000
v 5.918529 1.800000 1.950000
v 5.918529 1.800000 2.100000
v 5.918529 1.800000 2.250000
v 5.918529 1.800000 2.400000
v 5.918529 1.800000 2.550000
v 5.918529 1.800000 2.700000
v 5.918529 1.800000 2.850000
v 5.918529 1.800000 3.000000
v 5.918529 1.800000 3.150000
v 5.918529 1.950000 0.150000
v 5.918529 1.950000 0.300000
v 5.918529 1.950000 0.450000
v 5.918529 1.950000 0.600000
v 5.918529 1.950000 0.750000
v 5.918529 1.950000 0.900000
v 5.918529 1.950000 1.050000
v 5.918529 1.950000 1.200000
v 5.918529 1.950000 1.350000
v 5.918529 1.950000 1.500000
v 5.918529 1.950000 1.650000
v 5.918529 1.950000 1.800000
v 5.918529 1.950000 1.950000
v 5.918529 1.950000 2.100000
v 5.918529 1.950000 2.250000
v 5.918529 1.950000 2.400000
v 5.918529 1.950000 2.550000
v 5.918529 1.950000 2.700000
v 5.918529 1.950000 2.850000
v 5.918529 1.950000 3.000000
v 5.918529 1.950000 3.150000
v 5.918529 2.100000 0.150000
v 5.918529 2.100000 0.300000
v 5.918529 2.100000 0.450000
v 5.918529 2.100000 0.600000
v 5.918529 2.100000 0.750000
v 5.918529 2.100000 0.900000
v 5.918529 2.100000 1.050000
v 5.918529 2.100000 1.200000
v 5.918529 2.100000 1.350000
v 5.918529 2.100000 1.500000
v 5.918529 2.100000 1.650000
v 5.918529 2.100000 1.800000
v 5.918529 2.100000 1.950000
v 5.918529 2.100000 2.100000
v 5.918529 2.100000 2.250000
v 5.918529 2.100000 2.400000
v 5.918529 2.100000 2.550000
v 5.918529 2.100000 2.700000
v 5.918529 2.100000 2.850000
v 5.918529 2.100000 3.000000
v 5.918529 2.100000 3.150000
v 5.918529 2.250000 0.150000
v 5.918529 2.250000 0.300000
v 5.918529 2.250000 0.450000
v 5.918529 2.250000 0.600000
v 5.918529 2.250000 0.750000
v 5.918529 2.250000 0.900000
v 5.918529 2.250000 1.050000
v 5.918529 2.250000 1.200000
v 5.918529 2.250000 1.350000
v 5.918529 2.250000 1.500000
v 5.918529 2.250000 1.650000
v 5.918529 2.250000 1.800000
v 5.918529 2.250000 1.950000
v 5.918529 2.250000 2.100000
v 5.918529 2.250000 2.250000
v 5.918529 2.250000 2.400000
v 5.918529 2.250000 2.550000
v 5.918529 2.250000 2.700000
v 5.918529 2.250000 2.850000
v 5.918529 2.250000 3.000000
v 5.918529 2.250000 3.150000
v 5.918529 2.400000 0.150000
v 5.918529 2.400000 0.300000
v 5.918529 2.400000 0.450000
v 5.918529 2.400000 0.600000
v 5.918529 2.400000 0.750000
v 5.918529 2.400000 0.900000
v 5.918529 2.400000 1.050000
v 5.918529 2.400000 1.200000
v 5.918529 2.400000 1.350000
v 5.918529 2.400000 1.500000
v 5.918529 2.400000 1.650000
v 5.918529 2.400000 1.800000
v 5.918529 2.400000 1.950000
v 5.918529 2.400000 2.100000
v 5.918529 2.400000 2.250000
v 5.918529 2.400000 2.400000
v 5.918529 2.400000 2.550000
v 5.918529 2.400000 2.700000
v 5.918529 2.400000 2.850000
v 5.918529 2.400000 3.000000
v 5.918529 2.400000 3.150000
v 5.918529 2.550000 0.150000
v 5.918529 2.550000 0.300000
v 5.918529 2.550000 0.450000
v 5.918529 2.550000 0.600000
v 5.918529 2.550000 0.750000
v 5.918529 2.550000 0.900000
v 5.918529 2.550000 1.050000
v 5.918529 2.550000 1.200000
v 5.918529 2.550000 1.350000
v 5.918529 2.550000 1.500000
v 5.918529 2.550000 1.650000
v 5.918529 2.550000 1.800000
v 5.918529 2.550000 1.950000
v 5.918529 2.550000 2.100000
v 5.918529 2.550000 2.250000
v 5.918529 2.550000 2.400000
v 5.918529 2.550000 2.550000
v 5.918529 2.550000 2.700000
v 5.918529 2.550000 2.850000
v 5.918529 2.550000 3.000000
v 5.918529 2.550000 3.150000
v 5.918529 2.700000 0.150000
v 5.918529 2.700000 0.300000
v 5.918529 2.700000 0.450000
v 5.918529 2.700000 0.600000
v 5.918529 2.700000 0.750000
v 5.918529 2.700000 0.900000
v 5.918529 2.700000 1.050000
v 5.918529 2.700000 1.200000
v 5.918529 2.700000 1.350000
v 5.918529 2.700000 1.500000
v 5.918529 2.700000 1.650000
v 5.918529 2.700000 1.800000
v 5.918529 2.700000 1.950000
v 5.918529 2.700000 2.100000
v 5.918529 2.700000 2.250000
v 5.918529 2.700000 2.400000
v 5.918529 2.700000 2.550000
v 5.918529 2.700000 2.700000
v 5.918529 2.700000 2.850000
v 5.918529 2.700000 3.000000
v 5.918529 2.700000 3.150000
v 5.918529 2.850000 0.150000
v 5.918529 2.850000 0.300000
v 5.918529 2.850000 0.450000
v 5.918529 2.850000 0.600000
v 5.918529 2.850000 0.750000
v 5.918529 2.850000 0.900000
v 5.918529 2.850000 1.050000
v 5.918529 2.850000 1.200000
v 5.918529 2.850000 1.350000
v 5.918529 2.850000 1.500000
v 5.918529 2.850000 1.650000
v 5.918529 2.850000 1.800000
v 5.918529 2.850000 1.950000
v 5.918529 2.850000 2.100000
v 5.918529 2.850000 2.250000
v 5.918529 2.850000 2.400000
v 5.918529 2.850000 2.550000
v 5.918529 2.850000 2.700000
v 5.918529 2.850000 2.850000
v 5.918529 2.850000 3.000000
v 5.918529 2.850000 3.150000
v 5.918529 3.000000 0.150000
v 5.918529 3.000000 0.300000
v 5.918529 3.000000 0.450000
v 5.918529 3.000000 0.600000
v 5.918529 3.000000 0.750000
v 5.918529 3.000000 0.900000
v 5.918529 3.000000 1.050000
v 5.918529 3.000000 1.200000
v 5.918529 3.000000 1.350000
v 5.918529 3.000000 1.500000
v 5.918529 3.000000 1.650000
v 5.918529 3.000000 1.800000
v 5.918529 3.000000 1.950000
v 5.918529 3.000000 2.100000
v 5.918529 3.000000 2.250000
v 5.918529 3.000000 2.400000
v 5.918529 3.000000 2.550000
v 5.918529 3.000000 2.700000
v 5.918529 3.000000 2.850000
v 5.918529 3.000000 3.000000
v 5.918529 3.000000 3.150000
v 5.918529 3.150000 0.150000
v 5.918529 3.150000 0.300000
v 5.918529 3.150000 0.450000
v 5.918529 3.150000 0.600000
v 5.918529 3.150000 0.750000
v 5.918529 3.150000 0.900000
v 5.918529 3.150000 1.050000
v 5.918529 3.150000 1.200000
v 5.918529 3.150000 1.350000
v 5.918529 3.150000 1.500000
v 5.918529 3.150000 1.650000
v 5.918529 3.150000 1.800000
v 5.918529 3.150000 1.950000
v 5.918529 3.150000 2.100000
v 5.918529 3.150000 2.250000
v 5.918529 3.150000 2.400000
v 5.918529 3.150000 2.550000
v 5.918529 3.150000 2.700000
v 5.918529 3.150000 2.850000
v 5.918529 3.150000 3.000000
v 5.918529 3.150000 3.150000
v 5.918529 3.300000 0.150000
v 5.918529 3.300000 0.300000
v 5.918529 3.300000 0.450000
v 5.918529 3.300000 0.600000
v 5.918529 3.300000 0.750000
v 5.918529 3.300000 0.900000
v 5.918529 3.300000 1.050000
v 5.918529 3.300000 1.200000
v 5.918529 3.300000 1.350000
v 5.918529 3.300000 1.500000
v 5.918529 3.300000 1.650000
v 5.918529 3.300000 1.800000
v 5.918529 3.300000 1.950000
v 5.918529 3.300000 2.100000
v 5.918529 3.300000 2.250000
v 5.918529 3.300000 2.400000
v 5.918529 3.300000 2.550000
v 5.918529 3.300000 2.700000
v 5.918529 3.300000 2.850000
v 5.918529 3.300000 3.000000
v 5.918529 3.300000 3.150000
v 5.918529 3.450000 0.150000
v 5.918529 3.450000 0.300000
v 5.918529 3.450000 0.450000
v 5.918529 3.450000 0.600000
v 5.918529 3.450000 0.750000
v 5.918529 3.450000 0.900000
v 5.918529 3.450000 1.050000
v 5.918529 3.450000 1.200000
v 5.918529 3.450000 1.350000
v 5.918529 3.450000 1.500000
v 5.918529 3.450000 1.650000
v 5.918529 3.450000 1.800000
v 5.918529 3.450000 1.950000
v 5.918529 3.450000 2.100000
v 5.918529 3.450000 2.250000
v 5.918529 3.450000 2.400000
v 5.918529 3.450000 2.550000
v 5.918529 3.450000 2.700000
v 5.918529 3.450000 2.850000
v 5.918529 3.450000 3.000000
v 5.918529 3.450000 3.150000
v 5.918529 3.600000 0.150000
v 5.918529 3.600000 0.300000
v 5.918529 3.600000 0.450000
v 5.918529 3.600000 0.600000
v 5.918529 3.600000 0.750000
v 5.918529 3.600000 0.900000
v 5.918529 3.600000 1.050000
v 5.918529 3.600000 1.200000
v 5.918529 3.600000 1.350000
v 5.918529 3.600000 1.500000
v 5.918529 3.600000 1.650000
v 5.918529 3.600000 1.800000
v 5.918529 3.600000 1.950000
v 5.918529 3.600000 2.100000
v 5.918529 3.600000 2.250000
v 5.918529 3.600000 2.400000
v 5.918529 3.600000 2.550000
v 5.918529 3.600000 2.700000
v 5.918529 3.600000 2.850000
v 5.918529 3.600000 3.000000
v 5.918529 3.600000 3.150000
v 5.918529 3.750000 0.150000
v 5.918529 3.750000 0.300000
v 5.918529 3.750000 0.450000
v 5.918529 3.750000 0.600000
v 5.918529 3.750000 0.750000
v 5.918529 3.750000 0.900000
v 5.918529 3.750000 1.050000
v 5.918529 3.750000 1.200000
v 5.918529 3.750000 1.350000
v 5.918529 3.750000 1.500000
v 5.918529 3.750000 1.650000
v 5.918529 3.750000 1.800000
v 5.918529 3.750000 1.950000
v 5.918529 3.750000 2.100000
v 5.918529 3.750000 2.250000
v 5.918529 3.750000 2.400000
v 5.918529 3.750000 2.550000
v 5.918529 3.750000 2.700000
v 5.918529 3.750000 2.850000
v 5.918529 3.750000 3.000000
v 5.918529 3.750000 3.150000
v 5.918529 3.900000 0.150000
v 5.918529 3.900000 0.300000
v 5.918529 3.900000 0.450000
v 5.918529 3.900000 0.600000
v 5.918529 3.900000 0.750000
v 5.918529 3.900000 0.900000
v 5.918529 3.900000 1.050000
v 5.918529 3.900000 1.200000
v 5.918529 3.900000 1.350000
v 5.918529 3.900000 1.500000
v 5.918529 3.900000 1.650000
v 5.918529 3.900000 1.800000
v 5.918529 3.900000 1.950000
v 5.918529 3.900000 2.100000
v 5.918529 3.900000 2.250000
v 5.918529 3.900000 2.400000
v 5.918529 3.900000 2.550000
v 5.918529 3.900000 2.700000
v 5.918529 3.900000 2.850000
v 5.918529 3.900000 3.000000
v 5.918529 3.900000 3.150000
v 5.918529 4.050000 0.150000
v 5.918529 4.050000 0.300000
v 5.918529 4.050000 0.450000
v 5.918529 4.050000 0.600000
v 5.918529 4.050000 0.750000
v 5.918529 4.050000 0.900000
v 5.918529 4.050000 1.050000
v 5.918529 4.050000 1.200000
v 5.918529 4.050000 1.350000
v 5.918529 4.050000 1.500000
v 5.918529 4.050000 1.650000
v 5.918529 4.050000 1.800000
v 5.918529 4.050000 1.950000
v 5.918529 4.050000 2.100000
v 5.918529 4.050000 2.250000
v 5.918529 4.050000 2.400000
v 5.918529 4.050000 2.550000
v 5.918529 4.050000 2.700000
v 5.918529 4.050000 2.850000
v 5.918529 4.050000 3.000000
v 5.918529 4.050000 3.150000
v 5.918529 4.200000 0.150000
v 5.918529 4.200000 0.300000
v 5.918529 4.200000 0.450000
v 5.918529 4.200000 0.600000
v 5.918529 4.200000 0.750000
v 5.918529 4.200000 0.900000
v 5.918529 4.200000 1.050000
v 5.918529 4.200000 1.200000
v 5.918529 4.200000 1.350000
v 5.918529 4.200000 1.500000
v 5.918529 4.200000 1.650000
v 5.918529 4.200000 1.800000
v 5.918529 4.200000 1.950000
v 5.918529 4.200000 2.100000
v 5.918529 4.200000 2.250000
v 5.918529 4.200000 2.400000
v 5.918529 4.200000 2.550000
v 5.918529 4.200000 2.700000
v 5.918529 4.200000 2.850000
v 5.918529 4.200000 3.000000
v 5.918529 4.200000 3.150000
v 5.918529 4.350000 0.150000
v 5.918529 4.350000 0.300000
v 5.918529 4.350000 0.450000
v 5.918529 4.350000 0.600000
v 5.918529 4.350000 0.750000
v 5.918529 4.350000 0.900000
v 5.918529 4.350000 1.050000
v 5.918529 4.350000 1.200000
v 5.918529 4.350000 1.350000
v 5.918529 4.350000 1.500000
v 5.918529 4.350000 1.650000
v 5.918529 4.350000 1.800000
v 5.918529 4.350000 1.950000
v 5.918529 4.350000 2.100000
v 5.918529 4.350000 2.250000
v 5.918529 4.350000 2.400000
v 5.918529 4.350000 2.550000
v 5.918529 4.350000 2.700000
v 5.918529 4.350000 2.850000
v 5.918529 4.350000 3.000000
v 5.918529 4.350000 3.150000
v 5.918529 4.500000 0.150000
v 5.918529 4.500000 0.300000
v 5.918529 4.500000 0.450000
v 5.918529 4.500000 0.600000
v 5.918529 4.500000 0.750000
v 5.918529 4.500000 0.900000
v 5.918529 4.500000 1.050000
v 5.918529 4.500000 1.200000
v 5.918529 4.500000 1.350000
v 5.918529 4.500000 1.500000
v 5.918529 4.500000 1.650000
v 5.918529 4.500000 1.800000
v 5.918529 4.500000 1.950000
v 5.918529 4.500000 2.100000
v 5.918529 4.500000 2.250000
v 5.918529 4.500000 2.400000
v 5.918529 4.500000 2.550000
v 5.918529 4.500000 2.700000
v 5.918529 4.500000 2.850000
v 5.918529 4.500000 3.000000
v 5.918529 4.500000 3.150000
v 5.918529 4.650000 0.150000
v 5.918529 4.650000 0.300000
v 5.918529 4.650000 0.450000
v 5.918529 4.650000 0.600000
v 5.918529 4.650000 0.750000
v 5.918529 4.650000 0.900000
v 5.918529 4.650000 1.050000
v 5.918529 4.650000 1.200000
v 5.918529 4.650000 1.350000
v 5.918529 4.650000 1.500000
v 5.918529 4.650000 1.650000
v 5.918529 4.650000 1.800000
v 5.918529 4.650000 1.950000
v 5.918529 4.650000 2.100000
v 5.918529 4.650000 2.250000
v 5.918529 4.650000 2.400000
v 5.918529 4.650000 2.550000
v 5.918529 4.650000 2.700000
v 5.918529 4.650000 2.850000
v 5.918529 4.650000 3.000000
v 5.918529 4.650000 3.150000
v 5.918529 4.800000 0.150000
v 5.918529 4.800000 0.300000
v 5.918529 4.800000 0.450000
v 5.918529 4.800000 0.600000
v 5.918529 4.800000 0.750000
v 5.918529 4.800000 0.900000
v 5.918529 4.800000 1.050000
v 5.918529 4.800000 1.200000
v 5.918529 4.800000 1.350000
v 5.918529 4.800000 1.500000
v 5.918529 4.800000 1.650000
v 5.918529 4.800000 1.800000
v 5.918529 4.800000 1.950000
v 5.918529 4.800000 2.100000
v 5.918529 4.800000 2.250000
v 5.918529 4.800000 2.400000
v 5.918529 4.800000 2.550000
v 5.918529 4.800000 2.700000
v 5.918529 4.800000 2.850000
v 5.918529 4.800000 3.000000
v 5.918529 4.800000 3.150000
v 5.918529 4.950000 0.150000
v 5.918529 4.950000 0.300000
v 5.918529 4.950000 0.450000
v 5.918529 4.950000 0.600000
v 5.918529 4.950000 0.750000
v 5.918529 4.950000 0.900000
v 5.918529 4.950000 1.050000
v 5.918529 4.950000 1.200000
v 5.918529 4.950000 1.350000
v 5.918529 4.950000 1.500000
v 5.918529 4.950000 1.650000
v 5.918529 4.950000 1.800000
v 5.918529 4.950000 1.950000
v 5.918529 4.950000 2.100000
v 5.918529 4.950000 2.250000
v 5.918529 4.950000 2.400000
v 5.918529 4.950000 2.550000
v 5.918529 4.950000 2.700000
v 5.918529 4.950000 2.850000
v 5.918529 4.950000 3.000000
v 5.918529 4.950000 3.150000
v 5.918529 5.100000 0.150000
v 5.918529 5.100000 0.300000
v 5.918529 5.100000 0.450000
v 5.918529 5.100000 0.600000
v 5.918529 5.100000 0.750000
v 5.918529 5.100000 0.900000
v 5.918529 5.100000 1.050000
v 5.918529 5.100000 1.200000
v 5.918529 5.100000 1.350000
v 5.918529 5.100000 1.500000
v 5.918529 5.100000 1.650000
v 5.918529 5.100000 1.800000
v 5.918529 5.100000 1.950000
v 5.918529 5.100000 2.100000
v 5.918529 5.100000 2.250000
v 5.918529 5.100000 2.400000
v 5.918529 5.100000 2.550000
v 5.918529 5.100000 2.700000
v 5.918529 5.100000 2.850000
v 5.918529 5.100000 3.000000
v 5.918529 5.100000 3.150000
v 5.918529 5.250000 0.150000
v 5.918529 5.250000 0.300000
v 5.918529 5.250000 0.450000
v 5.918529 5.250000 0.600000
v 5.918529 5.250000 0.750000
v 5.918529 5.250000 0.900000
v 5.918529 5.250000 1.050000
v 5.918529 5.250000 1.200000
v 5.918529 5.250000 1.350000
v 5.918529 5.250000 1.500000
v 5.918529 5.250000 1.650000
v 5.918529 5.250000 1.800000
v 5.918529 5.250000 1.950000
v 5.918529 5.250000 2.100000
v 5.918529 5.250000 2.250000
v 5.918529 5.250000 2.400000
v 5.918529 5.250000 2.550000
v 5.918529 5.250000 2.700000
v 5.918529 5.250000 2.850000
v 5.918529 5.250000 3.000000
v 5.918529 5.250000 3.150000
v 5.918529 5.400000 0.150000
v 5.918529 5.400000 0.300000
v 5.918529 5.400000 0.450000
v 5.918529 5.400000 0.600000
v 5.918529 5.400000 0.750000
v 5.918529 5.400000 0.900000
v 5.918529 5.400000 1.050000
v 5.918529 5.400000 1.200000
v 5.918529 5.400000 1.350000
v 5.918529 5.400000 1.500000
v 5.918529 5.400000 1.650000
v 5.918529 5.400000 1.800000
v 5.918529 5.400000 1.950000
v 5.918529 5.400000 2.100000
v 5.918529 5.400000 2.250000
v 5.918529 5.400000 2.400000
v 5.918529 5.400000 2.550000
v 5.918529 5.400000 2.700000
v 5.918529 5.400000 2.850000
v 5.918529 5.400000 3.000000
v 5.918529 5.400000 3.150000
v 5.918529 5.550000 0.150000
v 5.918529 5.550000 0.300000
v 5.918529 5.550000 0.450000
v 5.918529 5.550000 0.600000
v 5.918529 5.550000 0.750000
v 5.918529 5.550000 0.900000
v 5.918529 5.550000 1.050000
v 5.918529 5.550000 1.200000
v 5.918529 5.550000 1.350000
v 5.918529 5.550000 1.500000
v 5.918529 5.550000 1.650000
v 5.918529 5.550000 1.800000
v 5.918529 5.550000 1.950000
v 5.918529 5.550000 2.100000
v 5.918529 5.550000 2.250000
v 5.918529 5.550000 2.400000
v 5.918529 5.550000 2.550000
v 5.918529 5.550000 2.700000
v 5.918529 5.550000 2.850000
v 5.918529 5.550000 3.000000
v 5.918529 5.550000 3.150000
v 5.918529 5.700000 0.150000
v 5.918529 5.700000 0.300000
v 5.918529 5.700000 0.450000
v 5.918529 5.700000 0.600000
v 5.918529 5.700000 0.750000
v 5.918529 5.700000 0.900000
v 5.918529 5.700000 1.050000
v 5.918529 5.700000 1.200000
v 5.918529 5.700000 1.350000
v 5.918529 5.700000 1.500000
v 5.918529 5.700000 1.650000
v 5.918529 5.700000 1.800000
v 5.918529 5.700000 1.950000
v 5.918529 5.700000 2.100000
v 5.918529 5.700000 2.250000
v 5.918529 5.700000 2.400000
v 5.918529 5.700000 2.550000
v 5.918529 5.700000 2.700000
v 5.918529 5.700000 2.850000
v 5.918529 5.700000 3.000000
v 5.918529 5.700000 3.150000
v 5.918529 5.850000 0.150000
v 5.918529 5.850000 0.300000
v 5.918529 5.850000 0.450000
v 5.918529 5.850000 0.600000
v 5.918529 5.850000 0.750000
v 5.918529 5.850000 0.900000
v 5.918529 5.850000 1.050000
v 5.918529 5.850000 1.200000
v 5.918529 5.850000 1.350000
v 5.918529 5.850000 1.500000
v 5.918529 5.850000 1.650000
v 5.918529 5.850000 1.800000
v 5.918529 5.850000 1.950000
v 5.918529 5.850000 2.100000
v 5.918529 5.850000 2.250000
v 5.918529 5.850000 2.400000
v 5.918529 5.850000 2.550000
v 5.918529 5.850000 2.700000
v 5.918529 5.850000 2.850000
v 5.918529 5.850000 3.000000
v 5.918529 5.850000 3.150000
v 5.918529 6.000000 0.150000
v 5.918529 6.000000 0.300000
v 5.918529 6.000000 0.450000
v 5.918529 6.000000 0.600000
v 5.918529 6.000000 0.750000
v 5.918529 6.000000 0.900000
v 5.918529 6.000000 1.050000
v 5.918529 6.000000 1.200000
v 5.918529 6.000000 1.350000
v 5.918529 6.000000 1.500000
v 5.918529 6.000000 1.650000
v 5.918529 6.000000 1.800000
v 5.918529 6.000000 1.950000
v 5.918529 6.000000 2.100000
v 5.918529 6.000000 2.250000
v 5.918529 6.000000 2.400000
v 5.918529 6.000000 2.550000
v 5.918529 6.000000 2.700000
v 5.918529 6.000000 2.850000
v 5.918529 6.000000 3.000000
v 5.918529 6.000000 3.150000
v -5.921929 -1.050000 0.150000
v -5.921929 -0.900000 0.150000
v -5.921929 -0.900000 0.300000
v -5.921929 -1.050000 0.300000
v -5.921929 -0.900000 0.450000
v -5.921929 -1.050000 0.450000
v -5.921929 -0.900000 0.600000
v -5.921929 -1.050000 0.600000
v -5.921929 -0.900000 0.750000
v -5.921929 -1.050000 0.750000
v -5.921929 -0.900000 0.900000
v -5.921929 -1.050000 0.900000
v -5.921929 -0.900000 1.050000
v -5.921929 -1.050000 1.050000
v -5.921929 -0.900000 1.200000
v -5.921929 -1.050000 1.200000
v -5.921929 -0.900000 1.350000
v -5.921929 -1.050000 1.350000
v -5.921929 -0.900000 1.500000
v -5.921929 -1.050000 1.500000
v -5.921929 -0.900000 1.650000
v -5.921929 -1.050000 1.650000
v -5.921929 -0.900000 1.800000
v -5.921929 -1.050000 1.800000
v -5.921929 -0.900000 1.950000
v -5.921929 -1.050000 1.950000
v -5.921929 -0.900000 2.100000
v -5.921929 -1.050000 2.100000
v -5.921929 -0.900000 2.250000
v -5.921929 -1.050000 2.250000
v -5.921929 -0.900000 2.400000
v -5.921929 -1.050000 2.400000
v -5.921929 -0.900000 2.550000
v -5.921929 -1.050000 2.550000
v -5.921929 -0.900000 2.700000
v -5.921929 -1.050000 2.700000
v -5.921929 -0.900000 2.850000
v -5.921929 -1.050000 2.850000
v -5.921929 -0.900000 3.000000
v -5.921929 -1.050000 3.000000
v -5.921929 -0.750000 0.150000
v -5.921929 -0.750000 0.300000
v -5.921929 -0.750000 0.450000
v -5.921929 -0.750000 0.600000
v -5.921929 -0.750000 0.750000
v -5.921929 -0.750000 0.900000
v -5.921929 -0.750000 1.050000
v -5.921929 -0.750000 1.200000
v -5.921929 -0.750000 1.350000
v -5.921929 -0.750000 1.500000
v -5.921929 -0.750000 1.650000
v -5.921929 -0.750000 1.800000
v -5.921929 -0.750000 1.950000
v -5.921929 -0.750000 2.100000
v -5.921929 -0.750000 2.250000
v -5.921929 -0.750000 2.400000
v -5.921929 -0.750000 2.550000
v -5.921929 -0.750000 2.700000
v -5.921929 -0.750000 2.850000
v -5.921929 -0.750000 3.000000
v -5.921929 -0.750000 3.150000
v -5.921929 -0.900000 3.150000
v -5.921929 -0.600000 0.150000
v -5.921929 -0.600000 0.300000
v -5.921929 -0.600000 0.450000
v -5.921929 -0.600000 0.600000
v -5.921929 -0.600000 0.750000
v -5.921929 -0.600000 0.900000
v -5.921929 -0.600000 1.050000
v -5.921929 -0.600000 1.200000
v -5.921929 -0.600000 1.350000
v -5.921929 -0.600000 1.500000
v -5.921929 -0.600000 1.650000
v -5.921929 -0.600000 1.800000
v -5.921929 -0.600000 1.950000
v -5.921929 -0.600000 2.100000
v -5.921929 -0.600000 2.250000
v -5.921929 -0.600000 2.400000
v -5.921929 -0.600000 2.550000
v -5.921929 -0.600000 2.700000
v -5.921929 -0.600000 2.850000
v -5.921929 -0.600000 3.000000
v -5.921929 -0.600000 3.150000
v -5.921929 -0.450000 0.150000
v -5.921929 -0.450000 0.300000
v -5.921929 -0.450000 0.450000
v -5.921929 -0.450000 0.600000
v -5.921929 -0.450000 0.750000
v -5.921929 -0.450000 0.900000
v -5.921929 -0.450000 1.050000
v -5.921929 -0.450000 1.200000
v -5.921929 -0.450000 1.350000
v -5.921929 -0.450000 1.500000
v -5.921929 -0.450000 1.650000
v -5.921929 -0.450000 1.800000
v -5.921929 -0.450000 1.950000
v -5.921929 -0.450000 2.100000
v -5.921929 -0.450000 2.250000
v -5.921929 -0.450000 2.400000
v -5.921929 -0.450000 2.550000
v -5.921929 -0.450000 2.700000
v -5.921929 -0.450000 2.850000
v -5.921929 -0.450000 3.000000
v -5.921929 -0.450000 3.150000
v -5.921929 -0.300000 0.150000
v -5.921929 -0.300000 0.300000
v -5.921929 -0.300000 0.450000
v -5.921929 -0.300000 0.600000
v -5.921929 -0.300000 0.750000
v -5.921929 -0.300000 0.900000
v -5.921929 -0.300000 1.050000
v -5.921929 -0.300000 1.200000
v -5.921929 -0.300000 1.350000
v -5.921929 -0.300000 1.500000
v -5.921929 -0.300000 1.650000
v -5.921929 -0.300000 1.800000
v -5.921929 -0.300000 1.950000
v -5.921929 -0.300000 2.100000
v -5.921929 -0.300000 2.250000
v -5.921929 -0.300000 2.400000
v -5.921929 -0.300000 2.550000
v -5.921929 -0.300000 2.700000
v -5.921929 -0.300000 2.850000
v -5.921929 -0.300000 3.000000
v -5.921929 -0.300000 3.150000
v -5.921929 -0.150000 0.150000
v -5.921929 -0.150000 0.300000
v -5.921929 -0.150000 0.450000
v -5.921929 -0.150000 0.600000
v -5.921929 -0.150000 0.750000
v -5.921929 -0.150000 0.900000
v -5.921929 -0.150000 1.050000
v -5.921929 -0.150000 1.200000
v -5.921929 -0.150000 1.350000
v -5.921929 -0.150000 1.500000
v -5.921929 -0.150000 1.650000
v -5.921929 -0.150000 1.800000
v -5.921929 -0.150000 1.950000
v -5.921929 -0.150000 2.100000
v -5.921929 -0.150000 2.250000
v -5.921929 -0.150000 2.400000
v -5.921929 -0.150000 2.550000
v -5.921929 -0.150000 2.700000
v -5.921929 -0.150000 2.850000
v -5.921929 -0.150000 3.000000
v -5.921929 -0.150000 3.150000
v -5.921929 0.000000 0.150000
v -5.921929 0.000000 0.300000
v -5.921929 0.000000 0.450000
v -5.921929 0.000000 0.600000
v -5.921929 0.000000 0.750000
v -5.921929 0.000000 0.900000
v -5.921929 0.000000 1.050000
v -5.921929 0.000000 1.200000
v -5.921929 0.000000 1.350000
v -5.921929 0.000000 1.500000
v -5.921929 0.000000 1.650000
v -5.921929 0.000000 1.800000
v -5.921929 0.000000 1.950000
v -5.921929 0.000000 2.100000
v -5.921929 0.000000 2.250000
v -5.921929 0.000000 2.400000
v -5.921929 0.000000 2.550000
v -5.921929 0.000000 2.700000
v -5.921929 0.000000 2.850000
v -5.921929 0.000000 3.000000
v -5.921929 0.000000 3.150000
v -5.921929 0.150000 0.150000
v -5.921929 0.150000 0.300000
v -5.921929 0.150000 0.450000
v -5.921929 0.150000 0.600000
v -5.921929 0.150000 0.750000
v -5.921929 0.150000 0.900000
v -5.921929 0.150000 1.050000
v -5.921929 0.150000 1.200000
v -5.921929 0.150000 1.350000
v -5.921929 0.150000 1.500000
v -5.921929 0.150000 1.650000
v -5.921929 0.150000 1.800000
v -5.921929 0.150000 1.950000
v -5.921929 0.150000 2.100000
v -5.921929 0.150000 2.250000
v -5.921929 0.150000 2.400000
v -5.921929 0.150000 2.550000
v -5.921929 0.150000 2.700000
v -5.921929 0.150000 2.850000
v -5.921929 0.150000 3.000000
v -5.921929 0.150000 3.150000
v -5.921929 0.300000 0.150000
v -5.921929 0.300000 0.300000
v -5.921929 0.300000 0.450000
v -5.921929 0.300000 0.600000
v -5.921929 0.300000 0.750000
v -5.921929 0.300000 0.900000
v -5.921929 0.300000 1.050000
v -5.921929 0.300000 1.200000
v -5.921929 0.300000 1.350000
v -5.921929 0.300000 1.500000
v -5.921929 0.300000 1.650000
v -5.921929 0.300000 1.800000
v -5.921929 0.300000 1.950000
v -5.921929 0.300000 2.100000
v -5.921929 0.300000 2.250000
v -5.921929 0.300000 2.400000
v -5.921929 0.300000 2.550000
v -5.921929 0.300000 2.700000
v -5.921929 0.300000 2.850000
v -5.921929 0.300000 3.000000
v -5.921929 0.300000 3.150000
v -5.921929 0.450000 0.150000
v -5.921929 0.450000 0.300000
v -5.921929 0.450000 0.450000
v -5.921929 0.450000 0.600000
v -5.921929 0.450000 0.750000
v -5.921929 0.450000 0.900000
v -5.921929 0.450000 1.050000
v -5.921929 0.450000 1.200000
v -5.921929 0.450000 1.350000
v -5.921929 0.450000 1.500000
v -5.921929 0.450000 1.650000
v -5.921929 0.450000 1.800000
v -5.921929 0.450000 1.950000
v -5.921929 0.450000 2.100000
v -5.921929 0.450000 2.250000
v -5.921929 0.450000 2.400000
v -5.921929 0.450000 2.550000
v -5.921929 0.450000 2.700000
v -5.921929 0.450000 2.850000
v -5.921929 0.450000 3.000000
v -5.921929 0.450000 3.150000
v -5.921929 0.600000 0.150000
v -5.921929 0.600000 0.300000
v -5.921929 0.600000 0.450000
v -5.921929 0.600000 0.600000
v -5.921929 0.600000 0.750000
v -5.921929 0.600000 0.900000
v -5.921929 0.600000 1.050000
v -5.921929 0.600000 1.200000
v -5.921929 0.600000 1.350000
v -5.921929 0.600000 1.500000
v -5.921929 0.600000 1.650000
v -5.921929 0.600000 1.800000
v -5.921929 0.600000 1.950000
v -5.921929 0.600000 2.100000
v -5.921929 0.600000 2.250000
v -5.921929 0.600000 2.400000
v -5.921929 0.600000 2.550000
v -5.921929 0.600000 2.700000
v -5.921929 0.600000 2.850000
v -5.921929 0.600000 3.000000
v -5.921929 0.600000 3.150000
v -5.921929 0.750000 0.150000
v -5.921929 0.750000 0.300000
v -5.921929 0.750000 0.450000
v -5.921929 0.750000 0.600000
v -5.921929 0.750000 0.750000
v -5.921929 0.750000 0.900000
v -5.921929 0.750000 1.050000
v -5.921929 0.750000 1.200000
v -5.921929 0.750000 1.350000
v -5.921929 0.750000 1.500000
v -5.921929 0.750000 1.650000
v -5.921929 0.750000 1.800000
v -5.921929 0.750000 1.950000
v -5.921929 0.750000 2.100000
v -5.921929 0.750000 2.250000
v -5.921929 0.750000 2.400000
v -5.921929 0.750000 2.550000
v -5.921929 0.750000 2.700000
v -5.921929 0.750000 2.850000
v -5.921929 0.750000 3.000000
v -5.921929 0.750000 3.150000
v -5.921929 0.900000 0.150000
v -5.921929 0.900000 0.300000
v -5.921929 0.900000 0.450000
v -5.921929 0.900000 0.600000
v -5.921929 0.900000 0.750000
v -5.921929 0.900000 0.900000
v -5.921929 0.900000 1.050000
v -5.921929 0.900000 1.200000
v -5.921929 0.900000 1.350000
v -5.921929 0.900000 1.500000
v -5.921929 0.900000 1.650000
v -5.921929 0.900000 1.800000
v -5.921929 0.900000 1.950000
v -5.921929 0.900000 2.100000
v -5.921929 0.900000 2.250000
v -5.921929 0.900000 2.400000
v -5.921929 0.900000 2.550000
v -5.921929 0.900000 2.700000
v -5.921929 0.900000 2.850000
v -5.921929 0.900000 3.000000
v -5.921929 0.900000 3.150000
v -5.921929 1.050000 0.150000
v -5.921929 1.050000 0.300000
v -5.921929 1.050000 0.450000
v -5.921929 1.050000 0.600000
v -5.921929 1.050000 0.750000
v -5.921929 1.050000 0.900000
v -5.921929 1.050000 1.050000
v -5.921929 1.050000 1.200000
v -5.921929 1.050000 1.350000
v -5.921929 1.050000 1.500000
v -5.921929 1.050000 1.650000
v -5.921929 1.050000 1.800000
v -5.921929 1.050000 1.950000
v -5.921929 1.050000 2.100000
v -5.921929 1.050000 2.250000
v -5.921929 1.050000 2.400000
v -5.921929 1.050000 2.550000
v -5.921929 1.050000 2.700000
v -5.921929 1.050000 2.850000
v -5.921929 1.050000 3.000000
v -5.921929 1.200000 0.150000
v -5.921929 1.200000 0.300000
v -5.921929 1.200000 0.450000
v -5.921929 1.200000 0.600000
v -5.921929 1.200000 0.750000
v -5.921929 1.200000 0.900000
v -5.921929 1.200000 1.050000
v -5.921929 1.200000 1.200000
v -5.921929 1.200000 1.350000
v -5.921929 1.200000 1.500000
v -5.921929 1.200000 1.650000
v -5.921929 1.200000 1.800000
v -5.921929 1.200000 1.950000
v -5.921929 1.200000 2.100000
v -5.921929 1.200000 2.250000
v -5.921929 1.200000 2.400000
v -5.921929 1.200000 2.550000
v -5.921929 1.200000 2.700000
v -5.921929 1.200000 2.850000
v -5.921929 1.200000 3.000000
v -5.921929 1.200000 3.150000
v -5.921929 1.050000 3.150000
v -5.921929 1.350000 0.150000
v -5.921929 1.350000 0.300000
v -5.921929 1.350000 0.450000
v -5.921929 1.350000 0.600000
v -5.921929 1.350000 0.750000
v -5.921929 1.350000 0.900000
v -5.921929 1.350000 1.050000
v -5.921929 1.350000 1.200000
v -5.921929 1.350000 1.350000
v -5.921929 1.350000 1.500000
v -5.921929 1.350000 1.650000
v -5.921929 1.350000 1.800000
v -5.921929 1.350000 1.950000
v -5.921929 1.350000 2.100000
v -5.921929 1.350000 2.250000
v -5.921929 1.350000 2.400000
v -5.921929 1.350000 2.550000
v -5.921929 1.350000 2.700000
v -5.921929 1.350000 2.850000
v -5.921929 1.350000 3.000000
v -5.921929 1.350000 3.150000
v -5.921929 1.500000 0.150000
v -5.921929 1.500000 0.300000
v -5.921929 1.500000 0.450000
v -5.921929 1.500000 0.600000
v -5.921929 1.500000 0.750000
v -5.921929 1.500000 0.900000
v -5.921929 1.500000 1.050000
v -5.921929 1.500000 1.200000
v -5.921929 1.500000 1.350000
v -5.921929 1.500000 1.500000
v -5.921929 1.500000 1.650000
v -5.921929 1.500000 1.800000
v -5.921929 1.500000 1.950000
v -5.921929 1.500000 2.100000
v -5.921929 1.500000 2.250000
v -5.921929 1.500000 2.400000
v -5.921929 1.500000 2.550000
v -5.921929 1.500000 2.700000
v -5.921929 1.500000 2.850000
v -5.921929 1.500000 3.000000
v -5.921929 1.500000 3.150000
v -5.921929 1.650000 0.150000
v -5.921929 1.650000 0.300000
v -5.921929 1.650000 0.450000
v -5.921929 1.650000 0.600000
v -5.921929 1.650000 0.750000
v -5.921929 1.650000 0.900000
v -5.921929 1.650000 1.050000
v -5.921929 1.650000 1.200000
v -5.921929 1.650000 1.350000
v -5.921929 1.650000 1.500000
v -5.921929 1.650000 1.650000
v -5.921929 1.650000 1.800000
v -5.921929 1.650000 1.950000
v -5.921929 1.650000 2.100000
v -5.921929 1.650000 2.250000
v -5.921929 1.650000 2.400000
v -5.921929 1.650000 2.550000
v -5.921929 1.650000 2.700000
v -5.921929 1.650000 2.850000
v -5.921929 1.650000 3.000000
v -5.921929 1.650000 3.150000
v -5.921929 1.800000 0.150000
v -5.921929 1.800000 0.300000
v -5.921929 1.800000 0.450000
v -5.921929 1.800000 0.600000
v -5.921929 1.800000 0.750000
v -5.921929 1.800000 0.900000
v -5.921929 1.800000 1.050000
v -5.921929 1.800000 1.200000
v -5.921929 1.800000 1.350000
v -5.921929 1.800000 1.500000
v -5.921929 1.800000 1.650000
v -5.921929 1.800000 1.800000
v -5.921929 1.800000 1.950000
v -5.921929 1.800000 2.100000
v -5.921929 1.800000 2.250000
v -5.921929 1.800000 2.400000
v -5.921929 1.800000 2.550000
v -5.921929 1.800000 2.700000
v -5.921929 1.800000 2.850000
v -5.921929 1.800000 3.000000
v -5.921929 1.800000 3.150000
v -5.921929 1.950000 0.150000
v -5.921929 1.950000 0.300000
v -5.921929 1.950000 0.450000
v -5.921929 1.950000 0.600000
v -5.921929 1.950000 0.750000
v -5.921929 1.950000 0.900000
v -5.921929 1.950000 1.050000
v -5.921929 1.950000 1.200000
v -5.921929 1.950000 1.350000
v -5.921929 1.950000 1.500000
v -5.921929 1.950000 1.650000
v -5.921929 1.950000 1.800000
v -5.921929 1.950000 1.950000
v -5.921929 1.950000 2.100000
v -5.921929 1.950000 2.250000
v -5.921929 1.950000 2.400000
v -5.921929 1.950000 2.550000
v -5.921929 1.950000 2.700000
v -5.921929 1.950000 2.850000
v -5.921929 1.950000 3.000000
v -5.921929 1.950000 3.150000
v -5.921929 2.100000 0.150000
v -5.921929 2.100000 0.300000
v -5.921929 2.100000 0.450000
v -5.921929 2.100000 0.600000
v -5.921929 2.100000 0.750000
v -5.921929 2.100000 0.900000
v -5.921929 2.100000 1.050000
v -5.921929 2.100000 1.200000
v -5.921929 2.100000 1.350000
v -5.921929 2.100000 1.500000
v -5.921929 2.100000 1.650000
v -5.921929 2.100000 1.800000
v -5.921929 2.100000 1.950000
v -5.921929 2.100000 2.100000
v -5.921929 2.100000 2.250000
v -5.921929 2.100000 2.400000
v -5.921929 2.100000 2.550000
v -5.921929 2.100000 2.700000
v -5.921929 2.100000 2.850000
v -5.921929 2.100000 3.000000
v -5.921929 2.100000 3.150000
v -5.921929 2.250000 0.150000
v -5.921929 2.250000 0.300000
v -5.921929 2.250000 0.450000
v -5.921929 2.250000 0.600000
v -5.921929 2.250000 0.750000
v -5.921929 2.250000 0.900000
v -5.921929 2.250000 1.050000
v -5.921929 2.250000 1.200000
v -5.921929 2.250000 1.350000
v -5.921929 2.250000 1.500000
v -5.921929 2.250000 1.650000
v -5.921929 2.250000 1.800000
v -5.921929 2.250000 1.950000
v -5.921929 2.250000 2.100000
v -5.921929 2.250000 2.250000
v -5.921929 2.250000 2.400000
v -5.921929 2.250000 2.550000
v -5.921929 2.250000 2.700000
v -5.921929 2.250000 2.850000
v -5.921929 2.250000 3.000000
v -5.921929 2.250000 3.150000
v -5.921929 2.400000 0.150000
v -5.921929 2.400000 0.300000
v -5.921929 2.400000 0.450000
v -5.921929 2.400000 0.600000
v -5.921929 2.400000 0.750000
v -5.921929 2.400000 0.900000
v -5.921929 2.400000 1.050000
v -5.921929 2.400000 1.200000
v -5.921929 2.400000 1.350000
v -5.921929 2.400000 1.500000
v -5.921929 2.400000 1.650000
v -5.921929 2.400000 1.800000
v -5.921929 2.400000 1.950000
v -5.921929 2.400000 2.100000
v -5.921929 2.400000 2.250000
v -5.921929 2.400000 2.400000
v -5.921929 2.400000 2.550000
v -5.921929 2.400000 2.700000
v -5.921929 2.400000 2.850000
v -5.921929 2.400000 3.000000
v -5.921929 2.400000 3.150000
v -5.921929 2.550000 0.150000
v -5.921929 2.550000 0.300000
v -5.921929 2.550000 0.450000
v -5.921929 2.550000 0.600000
v -5.921929 2.550000 0.750000
v -5.921929 2.550000 0.900000
v -5.921929 2.550000 1.050000
v -5.921929 2.550000 1.200000
v -5.921929 2.550000 1.350000
v -5.921929 2.550000 1.500000
v -5.921929 2.550000 1.650000
v -5.921929 2.550000 1.800000
v -5.921929 2.550000 1.950000
v -5.921929 2.550000 2.100000
v -5.921929 2.550000 2.250000
v -5.921929 2.550000 2.400000
v -5.921929 2.550000 2.550000
v -5.921929 2.550000 2.700000
v -5.921929 2.550000 2.850000
v -5.921929 2.550000 3.000000
v -5.921929 2.550000 3.150000
v -5.921929 2.700000 0.150000
v -5.921929 2.700000 0.300000
v -5.921929 2.700000 0.450000
v -5.921929 2.700000 0.600000
v -5.921929 2.700000 0.750000
v -5.921929 2.700000 0.900000
v -5.921929 2.700000 1.050000
v -5.921929 2.700000 1.200000
v -5.921929 2.700000 1.350000
v -5.921929 2.700000 1.500000
v -5.921929 2.700000 1.650000
v -5.921929 2.700000 1.800000
v -5.921929 2.700000 1.950000
v -5.921929 2.700000 2.100000
v -5.921929 2.700000 2.250000
v -5.921929 2.700000 2.400000
v -5.921929 2.700000 2.550000
v -5.921929 2.700000 2.700000
v -5.921929 2.700000 2.850000
v -5.921929 2.700000 3.000000
v -5.921929 2.700000 3.150000
v -5.921929 2.850000 0.150000
v -5.921929 2.850000 0.300000
v -5.921929 2.850000 0.450000
v -5.921929 2.850000 0.600000
v -5.921929 2.850000 0.750000
v -5.921929 2.850000 0.900000
v -5.921929 2.850000 1.050000
v -5.921929 2.850000 1.200000
v -5.921929 2.850000 1.350000
v -5.921929 2.850000 1.500000
v -5.921929 2.850000 1.650000
v -5.921929 2.850000 1.800000
v -5.921929 2.850000 1.950000
v -5.921929 2.850000 2.100000
v -5.921929 2.850000 2.250000
v -5.921929 2.850000 2.400000
v -5.921929 2.850000 2.550000
v -5.921929 2.850000 2.700000
v -5.921929 2.850000 2.850000
v -5.921929 2.850000 3.000000
v -5.921929 2.850000 3.150000
v -5.921929 3.000000 0.150000
v -5.921929 3.000000 0.300000
v -5.921929 3.000000 0.450000
v -5.921929 3.000000 0.600000
v -5.921929 3.000000 0.750000
v -5.921929 3.000000 0.900000
v -5.921929 3.000000 1.050000
v -5.921929 3.000000 1.200000
v -5.921929 3.000000 1.350000
v -5.921929 3.000000 1.500000
v -5.921929 3.000000 1.650000
v -5.921929 3.000000 1.800000
v -5.921929 3.000000 1.950000
v -5.921929 3.000000 2.100000
v -5.921929 3.000000 2.250000
v -5.921929 3.000000 2.400000
v -5.921929 3.000000 2.550000
v -5.921929 3.000000 2.700000
v -5.921929 3.000000 2.850000
v -5.921929 3.000000 3.000000
v -5.921929 3.000000 3.150000
v -5.921929 3.150000 0.150000
v -5.921929 3.150000 0.300000
v -5.921929 3.150000 0.450000
v -5.921929 3.150000 0.600000
v -5.921929 3.150000 0.750000
v -5.921929 3.150000 0.900000
v -5.921929 3.150000 1.050000
v -5.921929 3.150000 1.200000
v -5.921929 3.150000 1.350000
v -5.921929 3.150000 1.500000
v -5.921929 3.150000 1.650000
v -5.921929 3.150000 1.800000
v -5.921929 3.150000 1.950000
v -5.921929 3.150000 2.100000
v -5.921929 3.150000 2.250000
v -5.921929 3.150000 2.400000
v -5.921929 3.150000 2.550000
v -5.921929 3.150000 2.700000
v -5.921929 3.150000 2.850000
v -5.921929 3.150000 3.000000
v -5.921929 3.150000 3.150000
v -5.921929 3.300000 2.100000
v -5.921929 3.300000 2.250000
v -5.921929 3.300000 2.400000
v -5.921929 3.300000 2.550000
v -5.921929 3.300000 2.700000
v -5.921929 3.300000 2.850000
v -5.921929 3.300000 3.000000
v -5.921929 3.300000 3.150000
v -5.921929 3.300000 1.950000
v -5.921929 3.450000 1.950000
v -5.921929 3.450000 2.100000
v -5.921929 3.450000 2.250000
v -5.921929 3.450000 2.400000
v -5.921929 3.450000 2.550000
v -5.921929 3.450000 2.700000
v -5.921929 3.450000 2.850000
v -5.921929 3.450000 3.000000
v -5.921929 3.450000 3.150000
v -5.921929 3.600000 1.950000
v -5.921929 3.600000 2.100000
v -5.921929 3.600000 2.250000
v -5.921929 3.600000 2.400000
v -5.921929 3.600000 2.550000
v -5.921929 3.600000 2.700000
v -5.921929 3.600000 2.850000
v -5.921929 3.600000 3.000000
v -5.921929 3.600000 3.150000
v -5.921929 3.750000 1.950000
v -5.921929 3.750000 2.100000
v -5.921929 3.750000 2.250000
v -5.921929 3.750000 2.400000
v -5.921929 3.750000 2.550000
v -5.921929 3.750000 2.700000
v -5.921929 3.750000 2.850000
v -5.921929 3.750000 3.000000
v -5.921929 3.750000 3.150000
v -5.921929 3.900000 1.950000
v -5.921929 3.900000 2.100000
v -5.921929 3.900000 2.250000
v -5.921929 3.900000 2.400000
v -5.921929 3.900000 2.550000
v -5.921929 3.900000 2.700000
v -5.921929 3.900000 2.850000
v -5.921929 3.900000 3.000000
v -5.921929 3.900000 3.150000
v -5.921929 4.050000 2.100000
v -5.921929 4.050000 2.250000
v -5.921929 4.050000 2.400000
v -5.921929 4.050000 2.550000
v -5.921929 4.050000 2.700000
v -5.921929 4.050000 2.850000
v -5.921929 4.050000 3.000000
v -5.921929 4.050000 3.150000
v -5.921929 4.200000 2.850000
v -5.921929 4.200000 3.000000
v -5.921929 4.200000 3.150000
v -5.921929 4.500000 0.150000
v -5.921929 4.650000 0.150000
v -5.921929 4.650000 0.300000
v -5.921929 4.500000 0.300000
v -5.921929 4.650000 0.450000
v -5.921929 4.500000 0.450000
v -5.921929 4.650000 0.600000
v -5.921929 4.500000 0.600000
v -5.921929 4.650000 0.750000
v -5.921929 4.500000 0.750000
v -5.921929 4.800000 0.150000
v -5.921929 4.800000 0.300000
v -5.921929 4.800000 0.450000
v -5.921929 4.800000 0.600000
v -5.921929 4.800000 0.750000
v -5.921929 4.800000 0.900000
v -5.921929 4.650000 0.900000
v -5.921929 4.800000 1.050000
v -5.921929 4.650000 1.050000
v -5.921929 4.800000 1.200000
v -5.921929 4.650000 1.200000
v -5.921929 4.800000 1.350000
v -5.921929 4.650000 1.350000
v -5.921929 4.800000 1.500000
v -5.921929 4.650000 1.500000
v -5.921929 4.800000 1.650000
v -5.921929 4.650000 1.650000
v -5.921929 4.800000 1.800000
v -5.921929 4.650000 1.800000
v -5.921929 4.950000 0.150000
v -5.921929 4.950000 0.300000
v -5.921929 4.950000 0.450000
v -5.921929 4.950000 0.600000
v -5.921929 4.950000 0.750000
v -5.921929 4.950000 0.900000
v -5.921929 4.950000 1.050000
v -5.921929 4.950000 1.200000
v -5.921929 4.950000 1.350000
v -5.921929 4.950000 1.500000
v -5.921929 4.950000 1.650000
v -5.921929 4.950000 1.800000
v -5.921929 5.100000 0.150000
v -5.921929 5.100000 0.300000
v -5.921929 5.100000 0.450000
v -5.921929 5.100000 0.600000
v -5.921929 5.100000 0.750000
v -5.921929 5.100000 0.900000
v -5.921929 5.100000 1.050000
v -5.921929 5.100000 1.200000
v -5.921929 5.100000 1.350000
v -5.921929 5.100000 1.500000
v -5.921929 5.100000 1.650000
v -5.921929 5.100000 1.800000
v -5.921929 5.100000 1.950000
v -5.921929 4.950000 1.950000
v -5.921929 5.250000 0.150000
v -5.921929 5.250000 0.300000
v -5.921929 5.250000 0.450000
v -5.921929 5.250000 0.600000
v -5.921929 5.250000 0.750000
v -5.921929 5.250000 0.900000
v -5.921929 5.250000 1.050000
v -5.921929 5.250000 1.200000
v -5.921929 5.250000 1.350000
v -5.921929 5.250000 1.500000
v -5.921929 5.250000 1.650000
v -5.921929 5.250000 1.800000
v -5.921929 5.250000 1.950000
v -5.921929 5.400000 0.150000
v -5.921929 5.400000 0.300000
v -5.921929 5.400000 0.450000
v -5.921929 5.400000 0.600000
v -5.921929 5.400000 0.750000
v -5.921929 5.400000 0.900000
v -5.921929 5.400000 1.050000
v -5.921929 5.400000 1.200000
v -5.921929 5.400000 1.350000
v -5.921929 5.400000 1.500000
v -5.921929 5.400000 1.650000
v -5.921929 5.400000 1.800000
v -5.921929 5.400000 1.950000
v -5.921929 5.550000 0.150000
v -5.921929 5.550000 0.300000
v -5.921929 5.550000 0.450000
v -5.921929 5.550000 0.600000
v -5.921929 5.550000 0.750000
v -5.921929 5.550000 0.900000
v -5.921929 5.550000 1.050000
v -5.921929 5.550000 1.200000
v -5.921929 5.550000 1.350000
v -5.921929 5.550000 1.500000
v -5.921929 5.550000 1.650000
v -5.921929 5.550000 1.800000
v -5.921929 5.550000 1.950000
v -5.921929 5.550000 2.100000
v -5.921929 5.400000 2.100000
v -5.921929 5.700000 0.150000
v -5.921929 5.700000 0.300000
v -5.921929 5.700000 0.450000
v -5.921929 5.700000 0.600000
v -5.921929 5.700000 0.750000
v -5.921929 5.700000 0.900000
v -5.921929 5.700000 1.050000
v -5.921929 5.700000 1.200000
v -5.921929 5.700000 1.350000
v -5.921929 5.700000 1.500000
v -5.921929 5.700000 1.650000
v -5.921929 5.700000 1.800000
v -5.921929 5.700000 1.950000
v -5.921929 5.700000 2.100000
v -5.921929 5.850000 0.150000
v -5.921929 5.850000 0.300000
v -5.921929 5.850000 0.450000
v -5.921929 5.850000 0.600000
v -5.921929 5.850000 0.750000
v -5.921929 5.850000 0.900000
v -5.921929 5.850000 1.050000
v -5.921929 5.850000 1.200000
v -5.921929 5.850000 1.350000
v -5.921929 5.850000 1.500000
v -5.921929 5.850000 1.650000
v -5.921929 5.850000 1.800000
v -5.921929 5.850000 1.950000
v -5.921929 5.850000 2.100000
v -5.921929 6.000000 0.150000
v -5.921929 6.000000 0.300000
v -5.921929 6.000000 0.450000
v -5.921929 6.000000 0.600000
v -5.921929 6.000000 0.750000
v -5.921929 6.000000 0.900000
v -5.921929 6.000000 1.050000
v -5.921929 6.000000 1.200000
v -5.921929 6.000000 1.350000
v -5.921929 6.000000 1.500000
v -5.921929 6.000000 1.650000
v -5.921929 6.000000 1.800000
v -5.921929 6.000000 1.950000
v -5.921929 6.000000 2.100000
v -2.081134 -1.050000 0.150000
v -2.081134 -0.900000 0.150000
v -2.081134 -0.900000 0.300000
v -2.081134 -1.050000 0.300000
v -2.081134 -0.900000 0.450000
v -2.081134 -1.050000 0.450000
v -2.081134 -0.900000 0.600000
v -2.081134 -1.050000 0.600000
v -2.081134 -0.900000 0.750000
v -2.081134 -1.050000 0.750000
v -2.081134 -0.900000 0.900000
v -2.081134 -1.050000 0.900000
v -2.081134 -0.900000 1.050000
v -2.081134 -1.050000 1.050000
v -2.081134 -0.900000 1.200000
v -2.081134 -1.050000 1.200000
v -2.081134 -0.900000 1.350000
v -2.081134 -1.050000 1.350000
v -2.081134 -0.900000 1.500000
v -2.081134 -1.050000 1.500000
v -2.081134 -1.050000 2.250000
v -2.081134 -0.900000 2.250000
v -2.081134 -0.900000 2.400000
v -2.081134 -1.050000 2.400000
v -2.081134 -0.900000 2.550000
v -2.081134 -1.050000 2.550000
v -2.081134 -0.900000 2.700000
v -2.081134 -1.050000 2.700000
v -2.081134 -0.900000 2.850000
v -2.081134 -1.050000 2.850000
v -2.081134 -0.900000 3.000000
v -2.081134 -1.050000 3.000000
v -2.081134 -0.750000 1.500000
v -2.081134 -0.750000 1.650000
v -2.081134 -0.900000 1.650000
v -2.081134 -0.750000 1.800000
v -2.081134 -0.900000 1.800000
v -2.081134 -0.750000 1.950000
v -2.081134 -0.900000 1.950000
v -2.081134 -0.750000 2.100000
v -2.081134 -0.900000 2.100000
v -2.081134 -0.750000 2.250000
v -2.081134 -0.750000 3.000000
v -2.081134 -0.750000 3.150000
v -2.081134 -0.900000 3.150000
v -2.081134 -0.600000 3.000000
v -2.081134 -0.600000 3.150000
v -2.081134 -0.450000 3.000000
v -2.081134 -0.450000 3.150000
v -2.081134 -0.300000 3.000000
v -2.081134 -0.300000 3.150000
v -2.081134 -0.150000 3.000000
v -2.081134 -0.150000 3.150000
v -2.081134 0.000000 3.000000
v -2.081134 0.000000 3.150000
v -2.081134 0.150000 3.000000
v -2.081134 0.150000 3.150000
v -2.081134 0.300000 3.000000
v -2.081134 0.300000 3.150000
v -2.081134 0.450000 3.000000
v -2.081134 0.450000 3.150000
v -2.081134 0.600000 3.000000
v -2.081134 0.600000 3.150000
v -2.081134 0.750000 3.000000
v -2.081134 0.750000 3.150000
v -2.081134 0.900000 3.000000
v -2.081134 0.900000 3.150000
v -2.081134 0.900000 0.150000
v -2.081134 1.050000 0.150000
v -2.081134 1.050000 0.300000
v -2.081134 0.900000 0.300000
v -2.081134 1.050000 0.450000
v -2.081134 0.900000 0.450000
v -2.081134 1.050000 0.600000
v -2.081134 0.900000 0.600000
v -2.081134 1.050000 0.750000
v -2.081134 0.900000 0.750000
v -2.081134 1.050000 0.900000
v -2.081134 0.900000 0.900000
v -2.081134 1.050000 1.050000
v -2.081134 0.900000 1.050000
v -2.081134 1.050000 1.200000
v -2.081134 0.900000 1.200000
v -2.081134 1.050000 1.350000
v -2.081134 0.900000 1.350000
v -2.081134 1.050000 1.500000
v -2.081134 0.900000 1.500000
v -2.081134 1.050000 1.650000
v -2.081134 0.900000 1.650000
v -2.081134 1.050000 1.800000
v -2.081134 0.900000 1.800000
v -2.081134 1.050000 1.950000
v -2.081134 0.900000 1.950000
v -2.081134 1.050000 2.100000
v -2.081134 0.900000 2.100000
v -2.081134 1.050000 2.250000
v -2.081134 0.900000 2.250000
v -2.081134 1.200000 0.150000
v -2.081134 1.200000 0.300000
v -2.081134 1.200000 0.450000
v -2.081134 1.200000 0.600000
v -2.081134 1.200000 0.750000
v -2.081134 1.200000 0.900000
v -2.081134 1.200000 1.050000
v -2.081134 1.200000 1.200000
v -2.081134 1.200000 1.350000
v -2.081134 1.200000 1.500000
v -2.081134 1.200000 1.650000
v -2.081134 1.200000 1.800000
v -2.081134 1.200000 1.950000
v -2.081134 1.200000 2.100000
v -2.081134 1.200000 2.250000
v -2.081134 1.200000 2.400000
v -2.081134 1.050000 2.400000
v -2.081134 1.200000 2.550000
v -2.081134 1.050000 2.550000
v -2.081134 1.200000 2.700000
v -2.081134 1.050000 2.700000
v -2.081134 1.200000 2.850000
v -2.081134 1.050000 2.850000
v -2.081134 1.200000 3.000000
v -2.081134 1.050000 3.000000
v -2.081134 1.200000 3.150000
v -2.081134 1.050000 3.150000
v -2.081134 1.350000 0.150000
v -2.081134 1.350000 0.300000
v -2.081134 1.350000 0.450000
v -2.081134 1.350000 0.600000
v -2.081134 1.350000 0.750000
v -2.081134 1.350000 0.900000
v -2.081134 1.350000 1.050000
v -2.081134 1.350000 1.200000
v -2.081134 1.350000 1.350000
v -2.081134 1.350000 1.500000
v -2.081134 1.350000 1.650000
v -2.081134 1.350000 1.800000
v -2.081134 1.350000 1.950000
v -2.081134 1.350000 2.100000
v -2.081134 1.350000 2.250000
v -2.081134 1.350000 2.400000
v -2.081134 1.350000 2.550000
v -2.081134 1.350000 2.700000
v -2.081134 1.350000 2.850000
v -2.081134 1.350000 3.000000
v -2.081134 1.350000 3.150000
v -2.081134 1.500000 0.150000
v -2.081134 1.500000 0.300000
v -2.081134 1.500000 0.450000
v -2.081134 1.500000 0.600000
v -2.081134 1.500000 0.750000
v -2.081134 1.500000 0.900000
v -2.081134 1.500000 1.050000
v -2.081134 1.500000 1.200000
v -2.081134 1.500000 1.350000
v -2.081134 1.500000 1.500000
v -2.081134 1.500000 1.650000
v -2.081134 1.500000 1.800000
v -2.081134 1.500000 1.950000
v -2.081134 1.500000 2.100000
v -2.081134 1.500000 2.250000
v -2.081134 1.500000 2.400000
v -2.081134 1.500000 2.550000
v -2.081134 1.500000 2.700000
v -2.081134 1.500000 2.850000
v -2.081134 1.500000 3.000000
v -2.081134 1.500000 3.150000
v -2.081134 1.650000 0.150000
v -2.081134 1.650000 0.300000
v -2.081134 1.650000 0.450000
v -2.081134 1.650000 0.600000
v -2.081134 1.650000 0.750000
v -2.081134 1.650000 0.900000
v -2.081134 1.650000 1.050000
v -2.081134 1.650000 1.200000
v -2.081134 1.650000 1.350000
v -2.081134 1.650000 1.500000
v -2.081134 1.650000 1.650000
v -2.081134 1.650000 1.800000
v -2.081134 1.650000 1.950000
v -2.081134 1.650000 2.100000
v -2.081134 1.650000 2.250000
v -2.081134 1.650000 2.400000
v -2.081134 1.650000 2.550000
v -2.081134 1.650000 2.700000
v -2.081134 1.650000 2.850000
v -2.081134 1.650000 3.000000
v -2.081134 1.650000 3.150000
v -2.081134 1.800000 0.150000
v -2.081134 1.800000 0.300000
v -2.081134 1.800000 0.450000
v -2.081134 1.800000 0.600000
v -2.081134 1.800000 0.750000
v -2.081134 1.800000 0.900000
v -2.081134 1.800000 1.050000
v -2.081134 1.800000 1.200000
v -2.081134 1.800000 1.350000
v -2.081134 1.800000 1.500000
v -2.081134 1.800000 1.650000
v -2.081134 1.800000 1.800000
v -2.081134 1.800000 1.950000
v -2.081134 1.800000 2.100000
v -2.081134 1.800000 2.250000
v -2.081134 1.800000 2.400000
v -2.081134 1.800000 2.550000
v -2.081134 1.800000 2.700000
v -2.081134 1.800000 2.850000
v -2.081134 1.800000 3.000000
v -2.081134 1.800000 3.150000
v -2.081134 1.950000 0.150000
v -2.081134 1.950000 0.300000
v -2.081134 1.950000 0.450000
v -2.081134 1.950000 0.600000
v -2.081134 1.950000 0.750000
v -2.081134 1.950000 0.900000
v -2.081134 1.950000 1.050000
v -2.081134 1.950000 1.200000
v -2.081134 1.950000 1.350000
v -2.081134 1.950000 1.500000
v -2.081134 1.950000 1.650000
v -2.081134 1.950000 1.800000
v -2.081134 1.950000 1.950000
v -2.081134 1.950000 2.100000
v -2.081134 1.950000 2.250000
v -2.081134 1.950000 2.400000
v -2.081134 1.950000 2.550000
v -2.081134 1.950000 2.700000
v -2.081134 1.950000 2.850000
v -2.081134 1.950000 3.000000
v -2.081134 1.950000 3.150000
v -2.081134 2.100000 0.150000
v -2.081134 2.100000 0.300000
v -2.081134 2.100000 0.450000
v -2.081134 2.100000 0.600000
v -2.081134 2.100000 0.750000
v -2.081134 2.100000 0.900000
v -2.081134 2.100000 1.050000
v -2.081134 2.100000 1.200000
v -2.081134 2.100000 1.350000
v -2.081134 2.100000 1.500000
v -2.081134 2.100000 1.650000
v -2.081134 2.100000 1.800000
v -2.081134 2.100000 1.950000
v -2.081134 2.100000 2.100000
v -2.081134 2.100000 2.250000
v -2.081134 2.100000 2.400000
v -2.081134 2.100000 2.550000
v -2.081134 2.100000 2.700000
v -2.081134 2.100000 2.850000
v -2.081134 2.100000 3.000000
v -2.081134 2.100000 3.150000
v -2.081134 2.250000 0.150000
v -2.081134 2.250000 0.300000
v -2.081134 2.250000 0.450000
v -2.081134 2.250000 0.600000
v -2.081134 2.250000 0.750000
v -2.081134 2.250000 0.900000
v -2.081134 2.250000 1.050000
v -2.081134 2.250000 1.200000
v -2.081134 2.250000 1.350000
v -2.081134 2.250000 1.500000
v -2.081134 2.250000 1.650000
v -2.081134 2.250000 1.800000
v -2.081134 2.250000 1.950000
v -2.081134 2.250000 2.100000
v -2.081134 2.250000 2.250000
v -2.081134 2.250000 2.400000
v -2.081134 2.250000 2.550000
v -2.081134 2.250000 2.700000
v -2.081134 2.250000 2.850000
v -2.081134 2.250000 3.000000
v -2.081134 2.250000 3.150000
v -2.081134 2.400000 0.150000
v -2.081134 2.400000 0.300000
v -2.081134 2.400000 0.450000
v -2.081134 2.400000 0.600000
v -2.081134 2.400000 0.750000
v -2.081134 2.400000 0.900000
v -2.081134 2.400000 1.050000
v -2.081134 2.400000 1.200000
v -2.081134 2.400000 1.350000
v -2.081134 2.400000 1.500000
v -2.081134 2.400000 1.650000
v -2.081134 2.400000 1.800000
v -2.081134 2.400000 1.950000
v -2.081134 2.400000 2.100000
v -2.081134 2.400000 2.250000
v -2.081134 2.400000 2.400000
v -2.081134 2.400000 2.550000
v -2.081134 2.400000 2.700000
v -2.081134 2.400000 2.850000
v -2.081134 2.400000 3.000000
v -2.081134 2.400000 3.150000
v -2.081134 2.550000 0.150000
v -2.081134 2.550000 0.300000
v -2.081134 2.550000 0.450000
v -2.081134 2.550000 0.600000
v -2.081134 2.550000 0.750000
v -2.081134 2.550000 0.900000
v -2.081134 2.550000 1.050000
v -2.081134 2.550000 1.200000
v -2.081134 2.550000 1.350000
v -2.081134 2.550000 1.500000
v -2.081134 2.550000 1.650000
v -2.081134 2.550000 1.800000
v -2.081134 2.550000 1.950000
v -2.081134 2.550000 2.100000
v -2.081134 2.550000 2.250000
v -2.081134 2.550000 2.400000
v -2.081134 2.550000 2.550000
v -2.081134 2.550000 2.700000
v -2.081134 2.550000 2.850000
v -2.081134 2.550000 3.000000
v -2.081134 2.550000 3.150000
v -2.081134 2.700000 0.150000
v -2.081134 2.700000 0.300000
v -2.081134 2.700000 0.450000
v -2.081134 2.700000 0.600000
v -2.081134 2.700000 0.750000
v -2.081134 2.700000 0.900000
v -2.081134 2.700000 1.050000
v -2.081134 2.700000 1.200000
v -2.081134 2.700000 1.350000
v -2.081134 2.700000 1.500000
v -2.081134 2.700000 1.650000
v -2.081134 2.700000 1.800000
v -2.081134 2.700000 1.950000
v -2.081134 2.700000 2.100000
v -2.081134 2.700000 2.250000
v -2.081134 2.700000 2.400000
v -2.081134 2.700000 2.550000
v -2.081134 2.700000 2.700000
v -2.081134 2.700000 2.850000
v -2.081134 2.700000 3.000000
v -2.081134 2.700000 3.150000
v -2.081134 2.850000 0.150000
v -2.081134 2.850000 0.300000
v -2.081134 2.850000 0.450000
v -2.081134 2.850000 0.600000
v -2.081134 2.850000 0.750000
v -2.081134 2.850000 0.900000
v -2.081134 2.850000 1.050000
v -2.081134 2.850000 1.200000
v -2.081134 2.850000 1.350000
v -2.081134 2.850000 1.500000
v -2.081134 2.850000 1.650000
v -2.081134 2.850000 1.800000
v -2.081134 2.850000 1.950000
v -2.081134 2.850000 2.100000
v -2.081134 2.850000 2.250000
v -2.081134 2.850000 2.400000
v -2.081134 2.850000 2.550000
v -2.081134 2.850000 2.700000
v -2.081134 2.850000 2.850000
v -2.081134 2.850000 3.000000
v -2.081134 2.850000 3.150000
v -2.081134 3.000000 0.150000
v -2.081134 3.000000 0.300000
v -2.081134 3.000000 0.450000
v -2.081134 3.000000 0.600000
v -2.081134 3.000000 0.750000
v -2.081134 3.000000 0.900000
v -2.081134 3.000000 1.050000
v -2.081134 3.000000 1.200000
v -2.081134 3.000000 1.350000
v -2.081134 3.000000 1.500000
v -2.081134 3.000000 1.650000
v -2.081134 3.000000 1.800000
v -2.081134 3.000000 1.950000
v -2.081134 3.000000 2.100000
v -2.081134 3.000000 2.250000
v -2.081134 3.000000 2.400000
v -2.081134 3.000000 2.550000
v -2.081134 3.000000 2.700000
v -2.081134 3.000000 2.850000
v -2.081134 3.000000 3.000000
v -2.081134 3.000000 3.150000
v -2.081134 3.150000 0.150000
v -2.081134 3.150000 0.300000
v -2.081134 3.150000 0.450000
v -2.081134 3.150000 0.600000
v -2.081134 3.150000 0.750000
v -2.081134 3.150000 0.900000
v -2.081134 3.150000 1.050000
v -2.081134 3.150000 1.200000
v -2.081134 3.150000 1.350000
v -2.081134 3.150000 1.500000
v -2.081134 3.150000 1.650000
v -2.081134 3.150000 1.800000
v -2.081134 3.150000 1.950000
v -2.081134 3.150000 2.100000
v -2.081134 3.150000 2.250000
v -2.081134 3.150000 2.400000
v -2.081134 3.150000 2.550000
v -2.081134 3.150000 2.700000
v -2.081134 3.150000 2.850000
v -2.081134 3.150000 3.000000
v -2.081134 3.150000 3.150000
v -2.081134 3.300000 0.150000
v -2.081134 3.300000 0.300000
v -2.081134 3.300000 0.450000
v -2.081134 3.300000 0.600000
v -2.081134 3.300000 0.750000
v -2.081134 3.300000 0.900000
v -2.081134 3.300000 1.050000
v -2.081134 3.300000 1.200000
v -2.081134 3.300000 1.350000
v -2.081134 3.300000 1.500000
v -2.081134 3.300000 1.650000
v -2.081134 3.300000 1.800000
v -2.081134 3.300000 1.950000
v -2.081134 3.300000 2.100000
v -2.081134 3.300000 2.250000
v -2.081134 3.300000 2.400000
v -2.081134 3.300000 2.550000
v -2.081134 3.300000 2.700000
v -2.081134 3.300000 2.850000
v -2.081134 3.300000 3.000000
v -2.081134 3.300000 3.150000
v -2.081134 3.450000 0.150000
v -2.081134 3.450000 0.300000
v -2.081134 3.450000 0.450000
v -2.081134 3.450000 0.600000
v -2.081134 3.450000 0.750000
v -2.081134 3.450000 0.900000
v -2.081134 3.450000 1.050000
v -2.081134 3.450000 1.200000
v -2.081134 3.450000 1.350000
v -2.081134 3.450000 1.500000
v -2.081134 3.450000 1.650000
v -2.081134 3.450000 1.800000
v -2.081134 3.450000 1.950000
v -2.081134 3.450000 2.100000
v -2.081134 3.450000 2.250000
v -2.081134 3.450000 2.400000
v -2.081134 3.450000 2.550000
v -2.081134 3.450000 2.700000
v -2.081134 3.450000 2.850000
v -2.081134 3.450000 3.000000
v -2.081134 3.450000 3.150000
v -2.081134 3.600000 0.150000
v -2.081134 3.600000 0.300000
v -2.081134 3.600000 0.450000
v -2.081134 3.600000 0.600000
v -2.081134 3.600000 0.750000
v -2.081134 3.600000 0.900000
v -2.081134 3.600000 1.050000
v -2.081134 3.600000 1.200000
v -2.081134 3.600000 1.350000
v -2.081134 3.600000 1.500000
v -2.081134 3.600000 1.650000
v -2.081134 3.600000 1.800000
v -2.081134 3.600000 1.950000
v -2.081134 3.600000 2.100000
v -2.081134 3.600000 2.250000
v -2.081134 3.600000 2.400000
v -2.081134 3.600000 2.550000
v -2.081134 3.600000 2.700000
v -2.081134 3.600000 2.850000
v -2.081134 3.600000 3.000000
v -2.081134 3.600000 3.150000
v -2.081134 3.750000 0.150000
v -2.081134 3.750000 0.300000
v -2.081134 3.750000 0.450000
v -2.081134 3.750000 0.600000
v -2.081134 3.750000 0.750000
v -2.081134 3.750000 0.900000
v -2.081134 3.750000 1.050000
v -2.081134 3.750000 1.200000
v -2.081134 3.750000 1.350000
v -2.081134 3.750000 1.500000
v -2.081134 3.750000 1.650000
v -2.081134 3.750000 1.800000
v -2.081134 3.750000 1.950000
v -2.081134 3.750000 2.100000
v -2.081134 3.750000 2.250000
v -2.081134 3.750000 2.400000
v -2.081134 3.750000 2.550000
v -2.081134 3.750000 2.700000
v -2.081134 3.750000 2.850000
v -2.081134 3.750000 3.000000
v -2.081134 3.750000 3.150000
v -2.081134 3.900000 0.750000
v -2.081134 3.900000 0.900000
v -2.081134 3.900000 1.050000
v -2.081134 3.900000 1.200000
v -2.081134 3.900000 1.350000
v -2.081134 3.900000 1.500000
v -2.081134 3.900000 1.650000
v -2.081134 3.900000 1.800000
v -2.081134 3.900000 1.950000
v -2.081134 3.900000 2.100000
v -2.081134 3.900000 2.250000
v -2.081134 3.900000 2.400000
v -2.081134 3.900000 2.550000
v -2.081134 3.900000 2.700000
v -2.081134 3.900000 2.850000
v -2.081134 3.900000 3.000000
v -2.081134 3.900000 3.150000
v -2.081134 4.050000 0.750000
v -2.081134 4.050000 0.900000
v -2.081134 4.050000 1.050000
v -2.081134 4.050000 1.200000
v -2.081134 4.050000 1.350000
v -2.081134 4.050000 1.500000
v -2.081134 4.050000 1.650000
v -2.081134 4.050000 1.800000
v -2.081134 4.050000 1.950000
v -2.081134 4.050000 2.400000
v -2.081134 4.050000 2.550000
v -2.081134 4.050000 2.700000
v -2.081134 4.050000 2.850000
v -2.081134 4.050000 3.000000
v -2.081134 4.050000 3.150000
v -2.081134 4.200000 0.750000
v -2.081134 4.200000 0.900000
v -2.081134 4.200000 1.050000
v -2.081134 4.200000 1.200000
v -2.081134 4.200000 1.350000
v -2.081134 4.200000 1.500000
v -2.081134 4.200000 1.650000
v -2.081134 4.200000 1.800000
v -2.081134 4.200000 1.950000
v -2.081134 4.350000 0.750000
v -2.081134 4.350000 0.900000
v -2.081134 4.350000 1.050000
v -2.081134 4.350000 1.200000
v -2.081134 4.350000 1.350000
v -2.081134 4.350000 1.500000
v -2.081134 4.350000 1.650000
v -2.081134 4.350000 1.800000
v -2.081134 4.350000 1.950000
v -2.081134 4.500000 0.750000
v -2.081134 4.500000 0.900000
v -2.081134 4.500000 1.050000
v -2.081134 4.500000 1.200000
v -2.081134 4.500000 1.350000
v -2.081134 4.500000 1.500000
v -2.081134 4.500000 1.650000
v -2.081134 4.500000 1.800000
v -2.081134 4.500000 1.950000
v -2.081134 4.650000 0.750000
v -2.081134 4.650000 0.900000
v -2.081134 4.650000 1.050000
v -2.081134 4.650000 1.200000
v -2.081134 4.650000 1.350000
v -2.081134 4.650000 1.500000
v -2.081134 4.650000 1.650000
v -2.081134 4.650000 1.800000
v -2.081134 4.650000 1.950000
v -2.081134 4.800000 0.750000
v -2.081134 4.800000 0.900000
v -2.081134 4.800000 1.050000
v -2.081134 4.800000 1.200000
v -2.081134 4.800000 1.350000
v -2.081134 4.800000 1.500000
v -2.081134 4.800000 1.650000
v -2.081134 4.800000 1.800000
v -2.081134 4.800000 1.950000
v -2.081134 4.950000 0.750000
v -2.081134 4.950000 0.900000
v -2.081134 4.950000 1.050000
v -2.081134 4.950000 1.200000
v -2.081134 4.950000 1.350000
v -2.081134 4.950000 1.500000
v -2.081134 4.950000 1.650000
v -2.081134 4.950000 1.800000
v -2.081134 4.950000 1.950000
v -2.081134 5.100000 0.750000
v -2.081134 5.100000 0.900000
v -2.081134 5.100000 1.050000
v -2.081134 5.100000 1.200000
v -2.081134 5.100000 1.350000
v -2.081134 5.100000 1.500000
v -2.081134 5.100000 1.650000
v -2.081134 5.100000 1.800000
v -2.081134 5.100000 1.950000
v -2.081134 5.250000 0.750000
v -2.081134 5.250000 0.900000
v -2.081134 5.250000 1.050000
v -2.081134 5.250000 1.200000
v -2.081134 5.250000 1.350000
v -2.081134 5.250000 1.500000
v -2.081134 5.250000 1.650000
v -2.081134 5.250000 1.800000
v -2.081134 5.250000 1.950000
v -2.081134 5.250000 0.600000
v -2.081134 5.400000 0.600000
v -2.081134 5.400000 0.750000
v -2.081134 5.400000 0.900000
v -2.081134 5.400000 1.050000
v -2.081134 5.400000 1.200000
v -2.081134 5.400000 1.350000
v -2.081134 5.400000 1.500000
v -2.081134 5.400000 1.650000
v -2.081134 5.400000 1.800000
v -2.081134 5.400000 1.950000
v -2.081134 5.550000 0.600000
v -2.081134 5.550000 0.750000
v -2.081134 5.550000 0.900000
v -2.081134 5.550000 1.050000
v -2.081134 5.550000 1.200000
v -2.081134 5.550000 1.350000
v -2.081134 5.550000 1.500000
v -2.081134 5.550000 1.650000
v -2.081134 5.550000 1.800000
v -2.081134 5.550000 1.950000
v -2.081134 5.550000 0.450000
v -2.081134 5.700000 0.450000
v -2.081134 5.700000 0.600000
v -2.081134 5.700000 0.750000
v -2.081134 5.700000 0.900000
v -2.081134 5.700000 1.050000
v -2.081134 5.700000 1.200000
v -2.081134 5.700000 1.350000
v -2.081134 5.700000 1.500000
v -2.081134 5.700000 1.650000
v -2.081134 5.700000 1.800000
v -2.081134 5.700000 1.950000
v -2.081134 5.850000 0.450000
v -2.081134 5.850000 0.600000
v -2.081134 5.850000 0.750000
v -2.081134 5.850000 0.900000
v -2.081134 5.850000 1.050000
v -2.081134 5.850000 1.200000
v -2.081134 5.850000 1.350000
v -2.081134 5.850000 1.500000
v -2.081134 5.850000 1.650000
v -2.081134 5.850000 1.800000
v -2.081134 5.850000 1.950000
v -2.081134 6.000000 0.450000
v -2.081134 6.000000 0.600000
v -2.081134 6.000000 0.750000
v -2.081134 6.000000 0.900000
v -2.081134 6.000000 1.050000
v -2.081134 6.000000 1.200000
v -2.081134 6.000000 1.350000
v -2.081134 6.000000 1.500000
v -2.081134 6.000000 1.650000
v -2.081134 6.000000 1.800000
v -2.081134 6.000000 1.950000
v 2.075034 -1.050000 0.150000
v 2.075034 -0.900000 0.150000
v 2.075034 -0.900000 0.300000
v 2.075034 -1.050000 0.300000
v 2.075034 -0.900000 0.450000
v 2.075034 -1.050000 0.450000
v 2.075034 -0.900000 0.600000
v 2.075034 -1.050000 0.600000
v 2.075034 -0.900000 0.750000
v 2.075034 -1.050000 0.750000
v 2.075034 -0.900000 0.900000
v 2.075034 -1.050000 0.900000
v 2.075034 -0.900000 1.050000
v 2.075034 -1.050000 1.050000
v 2.075034 -0.900000 1.200000
v 2.075034 -1.050000 1.200000
v 2.075034 -0.900000 1.350000
v 2.075034 -1.050000 1.350000
v 2.075034 -0.900000 1.500000
v 2.075034 -1.050000 1.500000
v 2.075034 -1.050000 2.100000
v 2.075034 -0.900000 2.100000
v 2.075034 -0.900000 2.250000
v 2.075034 -1.050000 2.250000
v 2.075034 -0.900000 2.400000
v 2.075034 -1.050000 2.400000
v 2.075034 -0.900000 2.550000
v 2.075034 -1.050000 2.550000
v 2.075034 -0.900000 2.700000
v 2.075034 -1.050000 2.700000
v 2.075034 -0.900000 2.850000
v 2.075034 -1.050000 2.850000
v 2.075034 -0.900000 3.000000
v 2.075034 -1.050000 3.000000
v 2.075034 -0.750000 1.500000
v 2.075034 -0.750000 1.650000
v 2.075034 -0.900000 1.650000
v 2.075034 -0.750000 1.800000
v 2.075034 -0.900000 1.800000
v 2.075034 -0.750000 1.950000
v 2.075034 -0.900000 1.950000
v 2.075034 -0.750000 2.100000
v 2.075034 -0.750000 2.250000
v 2.075034 -0.750000 3.000000
v 2.075034 -0.750000 3.150000
v 2.075034 -0.900000 3.150000
v 2.075034 -0.600000 3.000000
v 2.075034 -0.600000 3.150000
v 2.075034 -0.450000 3.000000
v 2.075034 -0.450000 3.150000
v 2.075034 -0.300000 3.000000
v 2.075034 -0.300000 3.150000
v 2.075034 -0.150000 3.000000
v 2.075034 -0.150000 3.150000
v 2.075034 0.000000 3.000000
v 2.075034 0.000000 3.150000
v 2.075034 0.150000 3.000000
v 2.075034 0.150000 3.150000
v 2.075034 0.300000 3.000000
v 2.075034 0.300000 3.150000
v 2.075034 0.450000 3.000000
v 2.075034 0.450000 3.150000
v 2.075034 0.600000 3.000000
v 2.075034 0.600000 3.150000
v 2.075034 0.750000 3.000000
v 2.075034 0.750000 3.150000
v 2.075034 0.900000 3.000000
v 2.075034 0.900000 3.150000
v 2.075034 0.900000 0.150000
v 2.075034 1.050000 0.150000
v 2.075034 1.050000 0.300000
v 2.075034 0.900000 0.300000
v 2.075034 1.050000 0.450000
v 2.075034 0.900000 0.450000
v 2.075034 1.050000 0.600000
v 2.075034 0.900000 0.600000
v 2.075034 1.050000 0.750000
v 2.075034 0.900000 0.750000
v 2.075034 1.050000 0.900000
v 2.075034 0.900000 0.900000
v 2.075034 1.050000 1.050000
v 2.075034 0.900000 1.050000
v 2.075034 1.050000 1.200000
v 2.075034 0.900000 1.200000
v 2.075034 1.050000 1.350000
v 2.075034 0.900000 1.350000
v 2.075034 1.050000 1.500000
v 2.075034 0.900000 1.500000
v 2.075034 1.050000 1.650000
v 2.075034 0.900000 1.650000
v 2.075034 1.050000 1.800000
v 2.075034 0.900000 1.800000
v 2.075034 1.050000 1.950000
v 2.075034 0.900000 1.950000
v 2.075034 1.050000 2.100000
v 2.075034 0.900000 2.100000
v 2.075034 1.050000 2.250000
v 2.075034 0.900000 2.250000
v 2.075034 1.050000 2.400000
v 2.075034 0.900000 2.400000
v 2.075034 1.050000 2.550000
v 2.075034 0.900000 2.550000
v 2.075034 0.900000 2.700000
v 2.075034 1.050000 2.700000
v 2.075034 1.050000 2.850000
v 2.075034 0.900000 2.850000
v 2.075034 1.200000 0.150000
v 2.075034 1.200000 0.300000
v 2.075034 1.200000 0.450000
v 2.075034 1.200000 0.600000
v 2.075034 1.200000 0.750000
v 2.075034 1.200000 0.900000
v 2.075034 1.200000 1.050000
v 2.075034 1.200000 1.200000
v 2.075034 1.200000 1.350000
v 2.075034 1.200000 1.500000
v 2.075034 1.200000 1.650000
v 2.075034 1.200000 1.800000
v 2.075034 1.350000 0.150000
v 2.075034 1.350000 0.300000
v 2.075034 1.350000 0.450000
v 2.075034 1.350000 0.600000
v 2.075034 1.350000 0.750000
v 2.075034 1.350000 0.900000
v 2.075034 1.350000 1.050000
v 2.075034 1.350000 1.200000
v 2.075034 1.350000 1.350000
v 2.075034 1.350000 1.500000
v 2.075034 1.350000 1.650000
v 2.075034 1.350000 1.800000
v 2.075034 1.500000 0.150000
v 2.075034 1.500000 0.300000
v 2.075034 1.500000 0.450000
v 2.075034 1.500000 0.600000
v 2.075034 1.500000 0.750000
v 2.075034 1.500000 0.900000
v 2.075034 1.500000 1.050000
v 2.075034 1.500000 1.200000
v 2.075034 1.500000 1.350000
v 2.075034 1.500000 1.500000
v 2.075034 1.500000 1.650000
v 2.075034 1.500000 1.800000
v 2.075034 1.650000 0.150000
v 2.075034 1.650000 0.300000
v 2.075034 1.650000 0.450000
v 2.075034 1.650000 0.600000
v 2.075034 1.650000 0.750000
v 2.075034 1.650000 0.900000
v 2.075034 1.650000 1.050000
v 2.075034 1.650000 1.200000
v 2.075034 1.650000 1.350000
v 2.075034 1.650000 1.500000
v 2.075034 1.650000 1.650000
v 2.075034 1.650000 1.800000
v 2.075034 1.800000 0.150000
v 2.075034 1.800000 0.300000
v 2.075034 1.800000 0.450000
v 2.075034 1.800000 0.600000
v 2.075034 1.800000 0.750000
v 2.075034 1.800000 0.900000
v 2.075034 1.800000 1.050000
v 2.075034 1.800000 1.200000
v 2.075034 1.800000 1.350000
v 2.075034 1.800000 1.500000
v 2.075034 1.800000 1.650000
v 2.075034 1.800000 1.800000
v 2.075034 1.950000 0.150000
v 2.075034 1.950000 0.300000
v 2.075034 1.950000 0.450000
v 2.075034 1.950000 0.600000
v 2.075034 1.950000 0.750000
v 2.075034 1.950000 0.900000
v 2.075034 1.950000 1.050000
v 2.075034 1.950000 1.200000
v 2.075034 1.950000 1.350000
v 2.075034 1.950000 1.500000
v 2.075034 1.950000 1.650000
v 2.075034 1.950000 1.800000
v 2.075034 2.100000 0.150000
v 2.075034 2.100000 0.300000
v 2.075034 2.100000 0.450000
v 2.075034 2.100000 0.600000
v 2.075034 2.100000 0.750000
v 2.075034 2.100000 0.900000
v 2.075034 2.100000 1.050000
v 2.075034 2.100000 1.200000
v 2.075034 2.100000 1.350000
v 2.075034 2.100000 1.500000
v 2.075034 2.100000 1.650000
v 2.075034 2.100000 1.800000
v 2.075034 2.250000 0.150000
v 2.075034 2.250000 0.300000
v 2.075034 2.250000 0.450000
v 2.075034 2.250000 0.600000
v 2.075034 2.250000 0.750000
v 2.075034 2.250000 0.900000
v 2.075034 2.250000 1.050000
v 2.075034 2.250000 1.200000
v 2.075034 2.250000 1.350000
v 2.075034 2.250000 1.500000
v 2.075034 2.250000 1.650000
v 2.075034 2.250000 1.800000
v 2.075034 2.400000 0.150000
v 2.075034 2.400000 0.300000
v 2.075034 2.400000 0.450000
v 2.075034 2.400000 0.600000
v 2.075034 2.400000 0.750000
v 2.075034 2.400000 0.900000
v 2.075034 2.400000 1.050000
v 2.075034 2.400000 1.200000
v 2.075034 2.400000 1.350000
v 2.075034 2.400000 1.500000
v 2.075034 2.400000 1.650000
v 2.075034 2.400000 1.800000
v 2.075034 2.550000 0.600000
v 2.075034 2.550000 0.750000
v 2.075034 2.550000 0.900000
v 2.075034 2.550000 1.050000
v 2.075034 2.550000 1.200000
v 2.075034 2.550000 1.350000
v 2.075034 2.550000 1.500000
v 2.075034 2.550000 1.650000
v 2.075034 2.550000 1.800000
v 2.075034 2.700000 0.600000
v 2.075034 2.700000 0.750000
v 2.075034 2.700000 0.900000
v 2.075034 2.700000 1.050000
v 2.075034 2.700000 1.200000
v 2.075034 2.700000 1.350000
v 2.075034 2.700000 1.500000
v 2.075034 2.700000 1.650000
v 2.075034 2.700000 1.800000
v 2.075034 2.850000 0.600000
v 2.075034 2.850000 0.750000
v 2.075034 2.850000 0.900000
v 2.075034 2.850000 1.050000
v 2.075034 2.850000 1.200000
v 2.075034 2.850000 1.350000
v 2.075034 2.850000 1.500000
v 2.075034 2.850000 1.650000
v 2.075034 2.850000 1.800000
v 2.075034 3.000000 0.750000
v 2.075034 3.000000 0.900000
v 2.075034 3.000000 1.050000
v 2.075034 3.000000 1.200000
v 2.075034 3.000000 1.350000
v 2.075034 3.000000 1.500000
v 2.075034 3.000000 1.650000
v 2.075034 3.000000 1.800000
v 2.075034 3.150000 0.750000
v 2.075034 3.150000 0.900000
v 2.075034 3.150000 1.050000
v 2.075034 3.150000 1.200000
v 2.075034 3.150000 1.350000
v 2.075034 3.150000 1.500000
v 2.075034 3.150000 1.650000
v 2.075034 3.150000 1.800000
v 2.075034 3.300000 0.750000
v 2.075034 3.300000 0.900000
v 2.075034 3.300000 1.050000
v 2.075034 3.300000 1.200000
v 2.075034 3.300000 1.350000
v 2.075034 3.300000 1.500000
v 2.075034 3.300000 1.650000
v 2.075034 3.300000 1.800000
v 2.075034 3.300000 0.150000
v 2.075034 3.450000 0.150000
v 2.075034 3.450000 0.300000
v 2.075034 3.300000 0.300000
v 2.075034 3.300000 0.600000
v 2.075034 3.450000 0.600000
v 2.075034 3.450000 0.750000
v 2.075034 3.450000 0.900000
v 2.075034 3.450000 1.050000
v 2.075034 3.450000 1.200000
v 2.075034 3.450000 1.350000
v 2.075034 3.450000 1.500000
v 2.075034 3.450000 1.650000
v 2.075034 3.450000 1.800000
v 2.075034 3.600000 0.150000
v 2.075034 3.600000 0.300000
v 2.075034 3.600000 0.450000
v 2.075034 3.450000 0.450000
v 2.075034 3.600000 0.600000
v 2.075034 3.600000 0.750000
v 2.075034 3.600000 0.900000
v 2.075034 3.600000 1.050000
v 2.075034 3.600000 1.200000
v 2.075034 3.600000 1.350000
v 2.075034 3.600000 1.500000
v 2.075034 3.600000 1.650000
v 2.075034 3.600000 1.800000
v 2.075034 3.750000 0.150000
v 2.075034 3.750000 0.300000
v 2.075034 3.750000 0.450000
v 2.075034 3.750000 0.600000
v 2.075034 3.750000 0.750000
v 2.075034 3.750000 0.900000
v 2.075034 3.750000 1.050000
v 2.075034 3.750000 1.200000
v 2.075034 3.750000 1.350000
v 2.075034 3.750000 1.500000
v 2.075034 3.750000 1.650000
v 2.075034 3.750000 1.800000
v 2.075034 3.900000 0.150000
v 2.075034 3.900000 0.300000
v 2.075034 3.900000 0.450000
v 2.075034 3.900000 0.600000
v 2.075034 3.900000 0.750000
v 2.075034 3.900000 0.900000
v 2.075034 3.900000 1.050000
v 2.075034 3.900000 1.200000
v 2.075034 3.900000 1.350000
v 2.075034 3.900000 1.500000
v 2.075034 3.900000 1.650000
v 2.075034 3.900000 1.800000
v 2.075034 3.900000 1.950000
v 2.075034 3.750000 1.950000
v 2.075034 4.050000 0.150000
v 2.075034 4.050000 0.300000
v 2.075034 4.050000 0.450000
v 2.075034 4.050000 0.600000
v 2.075034 4.050000 0.750000
v 2.075034 4.050000 0.900000
v 2.075034 4.050000 1.050000
v 2.075034 4.050000 1.200000
v 2.075034 4.050000 1.350000
v 2.075034 4.050000 1.500000
v 2.075034 4.050000 1.650000
v 2.075034 4.050000 1.800000
v 2.075034 4.050000 1.950000
v 2.075034 4.200000 0.150000
v 2.075034 4.200000 0.300000
v 2.075034 4.200000 0.450000
v 2.075034 4.200000 0.600000
v 2.075034 4.200000 0.750000
v 2.075034 4.200000 0.900000
v 2.075034 4.200000 1.050000
v 2.075034 4.200000 1.200000
v 2.075034 4.200000 1.350000
v 2.075034 4.200000 1.500000
v 2.075034 4.200000 1.650000
v 2.075034 4.200000 1.800000
v 2.075034 4.200000 1.950000
v 2.075034 4.350000 0.150000
v 2.075034 4.350000 0.300000
v 2.075034 4.350000 0.450000
v 2.075034 4.350000 0.600000
v 2.075034 4.350000 0.750000
v 2.075034 4.350000 0.900000
v 2.075034 4.350000 1.050000
v 2.075034 4.350000 1.200000
v 2.075034 4.350000 1.350000
v 2.075034 4.350000 1.500000
v 2.075034 4.350000 1.650000
v 2.075034 4.350000 1.800000
v 2.075034 4.350000 1.950000
v 2.075034 4.200000 2.700000
v 2.075034 4.350000 2.700000
v 2.075034 4.350000 2.850000
v 2.075034 4.200000 2.850000
v 2.075034 4.350000 3.000000
v 2.075034 4.200000 3.000000
v 2.075034 4.500000 0.150000
v 2.075034 4.500000 0.300000
v 2.075034 4.500000 0.450000
v 2.075034 4.500000 0.600000
v 2.075034 4.500000 0.750000
v 2.075034 4.500000 0.900000
v 2.075034 4.500000 1.050000
v 2.075034 4.500000 1.200000
v 2.075034 4.500000 1.350000
v 2.075034 4.500000 1.500000
v 2.075034 4.500000 1.650000
v 2.075034 4.500000 1.800000
v 2.075034 4.500000 1.950000
v 2.075034 4.350000 2.100000
v 2.075034 4.500000 2.100000
v 2.075034 4.500000 2.250000
v 2.075034 4.350000 2.250000
v 2.075034 4.500000 2.400000
v 2.075034 4.350000 2.400000
v 2.075034 4.500000 2.550000
v 2.075034 4.350000 2.550000
v 2.075034 4.500000 2.700000
v 2.075034 4.500000 2.850000
v 2.075034 4.500000 3.000000
v 2.075034 4.500000 3.150000
v 2.075034 4.350000 3.150000
v 2.075034 4.650000 0.150000
v 2.075034 4.650000 0.300000
v 2.075034 4.650000 0.450000
v 2.075034 4.650000 0.600000
v 2.075034 4.650000 0.750000
v 2.075034 4.650000 0.900000
v 2.075034 4.650000 1.050000
v 2.075034 4.650000 1.200000
v 2.075034 4.650000 1.350000
v 2.075034 4.650000 1.500000
v 2.075034 4.650000 1.650000
v 2.075034 4.650000 1.800000
v 2.075034 4.650000 1.950000
v 2.075034 4.650000 2.100000
v 2.075034 4.650000 2.250000
v 2.075034 4.650000 2.400000
v 2.075034 4.650000 2.550000
v 2.075034 4.650000 2.700000
v 2.075034 4.650000 2.850000
v 2.075034 4.650000 3.000000
v 2.075034 4.650000 3.150000
v 2.075034 4.800000 0.150000
v 2.075034 4.800000 0.300000
v 2.075034 4.800000 0.450000
v 2.075034 4.800000 0.600000
v 2.075034 4.800000 0.750000
v 2.075034 4.800000 0.900000
v 2.075034 4.800000 1.050000
v 2.075034 4.800000 1.200000
v 2.075034 4.800000 1.350000
v 2.075034 4.800000 1.500000
v 2.075034 4.800000 1.650000
v 2.075034 4.800000 1.800000
v 2.075034 4.800000 1.950000
v 2.075034 4.800000 2.100000
v 2.075034 4.800000 2.250000
v 2.075034 4.800000 2.400000
v 2.075034 4.800000 2.550000
v 2.075034 4.800000 2.700000
v 2.075034 4.800000 2.850000
v 2.075034 4.800000 3.000000
v 2.075034 4.800000 3.150000
v 2.075034 4.950000 0.150000
v 2.075034 4.950000 0.300000
v 2.075034 4.950000 0.450000
v 2.075034 4.950000 0.600000
v 2.075034 4.950000 0.750000
v 2.075034 4.950000 0.900000
v 2.075034 4.950000 1.050000
v 2.075034 4.950000 1.200000
v 2.075034 4.950000 1.350000
v 2.075034 4.950000 1.500000
v 2.075034 4.950000 1.650000
v 2.075034 4.950000 1.800000
v 2.075034 4.950000 1.950000
v 2.075034 4.950000 2.100000
v 2.075034 4.950000 2.250000
v 2.075034 4.950000 2.400000
v 2.075034 4.950000 2.550000
v 2.075034 4.950000 2.700000
v 2.075034 4.950000 2.850000
v 2.075034 4.950000 3.000000
v 2.075034 4.950000 3.150000
v 2.075034 5.100000 0.150000
v 2.075034 5.100000 0.300000
v 2.075034 5.100000 0.450000
v 2.075034 5.100000 0.600000
v 2.075034 5.100000 0.750000
v 2.075034 5.100000 0.900000
v 2.075034 5.100000 1.050000
v 2.075034 5.100000 1.200000
v 2.075034 5.100000 1.350000
v 2.075034 5.100000 1.500000
v 2.075034 5.100000 1.650000
v 2.075034 5.100000 1.800000
v 2.075034 5.100000 1.950000
v 2.075034 5.100000 2.100000
v 2.075034 5.100000 2.250000
v 2.075034 5.100000 2.400000
v 2.075034 5.100000 2.550000
v 2.075034 5.100000 2.700000
v 2.075034 5.100000 2.850000
v 2.075034 5.100000 3.000000
v 2.075034 5.100000 3.150000
v 2.075034 5.250000 0.150000
v 2.075034 5.250000 0.300000
v 2.075034 5.250000 0.450000
v 2.075034 5.250000 0.600000
v 2.075034 5.250000 0.750000
v 2.075034 5.250000 0.900000
v 2.075034 5.250000 1.050000
v 2.075034 5.250000 1.200000
v 2.075034 5.250000 1.350000
v 2.075034 5.250000 1.500000
v 2.075034 5.250000 1.650000
v 2.075034 5.250000 1.800000
v 2.075034 5.250000 1.950000
v 2.075034 5.250000 2.100000
v 2.075034 5.250000 2.250000
v 2.075034 5.250000 2.400000
v 2.075034 5.250000 2.550000
v 2.075034 5.250000 2.700000
v 2.075034 5.250000 2.850000
v 2.075034 5.250000 3.000000
v 2.075034 5.250000 3.150000
v 2.075034 5.400000 0.150000
v 2.075034 5.400000 0.300000
v 2.075034 5.400000 0.450000
v 2.075034 5.400000 0.600000
v 2.075034 5.400000 0.750000
v 2.075034 5.400000 0.900000
v 2.075034 5.400000 1.050000
v 2.075034 5.400000 1.200000
v 2.075034 5.400000 1.350000
v 2.075034 5.400000 1.500000
v 2.075034 5.400000 1.650000
v 2.075034 5.400000 1.800000
v 2.075034 5.400000 1.950000
v 2.075034 5.400000 2.100000
v 2.075034 5.400000 2.250000
v 2.075034 5.400000 2.400000
v 2.075034 5.400000 2.550000
v 2.075034 5.400000 2.700000
v 2.075034 5.400000 2.850000
v 2.075034 5.400000 3.000000
v 2.075034 5.400000 3.150000
v 2.075034 5.550000 0.150000
v 2.075034 5.550000 0.300000
v 2.075034 5.550000 0.450000
v 2.075034 5.550000 0.600000
v 2.075034 5.550000 0.750000
v 2.075034 5.550000 0.900000
v 2.075034 5.550000 1.050000
v 2.075034 5.550000 1.200000
v 2.075034 5.550000 1.350000
v 2.075034 5.550000 1.500000
v 2.075034 5.550000 1.650000
v 2.075034 5.550000 1.800000
v 2.075034 5.550000 1.950000
v 2.075034 5.550000 2.100000
v 2.075034 5.550000 2.250000
v 2.075034 5.550000 2.400000
v 2.075034 5.550000 2.550000
v 2.075034 5.550000 2.700000
v 2.075034 5.550000 2.850000
v 2.075034 5.550000 3.000000
v 2.075034 5.550000 3.150000
v 2.075034 5.700000 0.150000
v 2.075034 5.700000 0.300000
v 2.075034 5.700000 0.450000
v 2.075034 5.700000 0.600000
v 2.075034 5.700000 0.750000
v 2.075034 5.700000 0.900000
v 2.075034 5.700000 1.050000
v 2.075034 5.700000 1.200000
v 2.075034 5.700000 1.350000
v 2.075034 5.700000 1.500000
v 2.075034 5.700000 1.650000
v 2.075034 5.700000 1.800000
v 2.075034 5.700000 1.950000
v 2.075034 5.700000 2.100000
v 2.075034 5.700000 2.250000
v 2.075034 5.700000 2.400000
v 2.075034 5.700000 2.550000
v 2.075034 5.700000 2.700000
v 2.075034 5.700000 2.850000
v 2.075034 5.700000 3.000000
v 2.075034 5.700000 3.150000
v 2.075034 5.850000 0.150000
v 2.075034 5.850000 0.300000
v 2.075034 5.850000 0.450000
v 2.075034 5.850000 0.600000
v 2.075034 5.850000 0.750000
v 2.075034 5.850000 0.900000
v 2.075034 5.850000 1.050000
v 2.075034 5.850000 1.200000
v 2.075034 5.850000 1.350000
v 2.075034 5.850000 1.500000
v 2.075034 5.850000 1.650000
v 2.075034 5.850000 1.800000
v 2.075034 5.850000 1.950000
v 2.075034 5.850000 2.100000
v 2.075034 5.850000 2.250000
v 2.075034 5.850000 2.400000
v 2.075034 5.850000 2.550000
v 2.075034 5.850000 2.700000
v 2.075034 5.850000 2.850000
v 2.075034 5.850000 3.000000
v 2.075034 5.850000 3.150000
v 2.075034 6.000000 0.150000
v 2.075034 6.000000 0.300000
v 2.075034 6.000000 0.450000
v 2.075034 6.000000 0.600000
v 2.075034 6.000000 0.750000
v 2.075034 6.000000 0.900000
v 2.075034 6.000000 1.050000
v 2.075034 6.000000 1.200000
v 2.075034 6.000000 1.350000
v 2.075034 6.000000 1.500000
v 2.075034 6.000000 1.650000
v 2.075034 6.000000 1.800000
v 2.075034 6.000000 1.950000
v 2.075034 6.000000 2.100000
v 2.075034 6.000000 2.250000
v 2.075034 6.000000 2.400000
v 2.075034 6.000000 2.550000
v 2.075034 6.000000 2.700000
v 2.075034 6.000000 2.850000
v 2.075034 6.000000 3.000000
v -1.925807 -1.050000 0.150000
v -1.925807 -0.900000 0.150000
v -1.925807 -0.900000 0.300000
v -1.925807 -1.050000 0.300000
v -1.925807 -0.900000 0.450000
v -1.925807 -1.050000 0.450000
v -1.925807 -0.900000 0.600000
v -1.925807 -1.050000 0.600000
v -1.925807 -0.900000 0.750000
v -1.925807 -1.050000 0.750000
v -1.925807 -0.900000 0.900000
v -1.925807 -1.050000 0.900000
v -1.925807 -0.900000 1.050000
v -1.925807 -1.050000 1.050000
v -1.925807 -0.900000 1.200000
v -1.925807 -1.050000 1.200000
v -1.925807 -0.900000 1.350000
v -1.925807 -1.050000 1.350000
v -1.925807 -0.900000 1.500000
v -1.925807 -1.050000 1.500000
v -1.925807 -1.050000 2.100000
v -1.925807 -0.900000 2.100000
v -1.925807 -0.900000 2.250000
v -1.925807 -1.050000 2.250000
v -1.925807 -0.900000 2.400000
v -1.925807 -1.050000 2.400000
v -1.925807 -0.900000 2.550000
v -1.925807 -1.050000 2.550000
v -1.925807 -0.900000 2.700000
v -1.925807 -1.050000 2.700000
v -1.925807 -0.900000 2.850000
v -1.925807 -1.050000 2.850000
v -1.925807 -0.900000 3.000000
v -1.925807 -1.050000 3.000000
v -1.925807 -0.900000 3.150000
v -1.925807 -1.050000 3.150000
v -1.925807 -0.750000 1.500000
v -1.925807 -0.750000 1.650000
v -1.925807 -0.900000 1.650000
v -1.925807 -0.750000 1.800000
v -1.925807 -0.900000 1.800000
v -1.925807 -0.750000 1.950000
v -1.925807 -0.900000 1.950000
v -1.925807 -0.750000 2.100000
v -1.925807 -0.750000 2.250000
v -1.925807 -0.750000 3.000000
v -1.925807 -0.750000 3.150000
v -1.925807 -0.600000 3.000000
v -1.925807 -0.600000 3.150000
v -1.925807 -0.450000 3.000000
v -1.925807 -0.450000 3.150000
v -1.925807 -0.300000 3.000000
v -1.925807 -0.300000 3.150000
v -1.925807 -0.150000 3.000000
v -1.925807 -0.150000 3.150000
v -1.925807 0.000000 3.000000
v -1.925807 0.000000 3.150000
v -1.925807 0.150000 3.000000
v -1.925807 0.150000 3.150000
v -1.925807 0.300000 3.000000
v -1.925807 0.300000 3.150000
v -1.925807 0.450000 3.000000
v -1.925807 0.450000 3.150000
v -1.925807 0.600000 3.000000
v -1.925807 0.600000 3.150000
v -1.925807 0.750000 3.000000
v -1.925807 0.750000 3.150000
v -1.925807 0.900000 3.000000
v -1.925807 0.900000 3.150000
v -1.925807 0.900000 0.150000
v -1.925807 1.050000 0.150000
v -1.925807 1.050000 0.300000
v -1.925807 0.900000 0.300000
v -1.925807 1.050000 0.450000
v -1.925807 0.900000 0.450000
v -1.925807 1.050000 0.600000
v -1.925807 0.900000 0.600000
v -1.925807 1.050000 0.750000
v -1.925807 0.900000 0.750000
v -1.925807 1.050000 0.900000
v -1.925807 0.900000 0.900000
v -1.925807 1.050000 1.050000
v -1.925807 0.900000 1.050000
v -1.925807 1.050000 1.200000
v -1.925807 0.900000 1.200000
v -1.925807 1.050000 1.350000
v -1.925807 0.900000 1.350000
v -1.925807 1.050000 1.500000
v -1.925807 0.900000 1.500000
v -1.925807 1.050000 1.650000
v -1.925807 0.900000 1.650000
v -1.925807 1.050000 1.800000
v -1.925807 0.900000 1.800000
v -1.925807 1.050000 1.950000
v -1.925807 0.900000 1.950000
v -1.925807 1.050000 2.100000
v -1.925807 0.900000 2.100000
v -1.925807 1.050000 2.250000
v -1.925807 0.900000 2.250000
v -1.925807 1.050000 2.400000
v -1.925807 0.900000 2.400000
v -1.925807 1.200000 0.150000
v -1.925807 1.200000 0.300000
v -1.925807 1.200000 0.450000
v -1.925807 1.200000 0.600000
v -1.925807 1.200000 0.750000
v -1.925807 1.200000 0.900000
v -1.925807 1.200000 1.050000
v -1.925807 1.200000 1.200000
v -1.925807 1.200000 1.350000
v -1.925807 1.200000 1.500000
v -1.925807 1.200000 1.650000
v -1.925807 1.200000 1.800000
v -1.925807 1.200000 1.950000
v -1.925807 1.350000 0.150000
v -1.925807 1.350000 0.300000
v -1.925807 1.350000 0.450000
v -1.925807 1.350000 0.600000
v -1.925807 1.350000 0.750000
v -1.925807 1.350000 0.900000
v -1.925807 1.350000 1.050000
v -1.925807 1.350000 1.200000
v -1.925807 1.350000 1.350000
v -1.925807 1.350000 1.500000
v -1.925807 1.350000 1.650000
v -1.925807 1.350000 1.800000
v -1.925807 1.350000 1.950000
v -1.925807 1.500000 0.150000
v -1.925807 1.500000 0.300000
v -1.925807 1.500000 0.450000
v -1.925807 1.500000 0.600000
v -1.925807 1.500000 0.750000
v -1.925807 1.500000 0.900000
v -1.925807 1.500000 1.050000
v -1.925807 1.500000 1.200000
v -1.925807 1.500000 1.350000
v -1.925807 1.500000 1.500000
v -1.925807 1.500000 1.650000
v -1.925807 1.500000 1.800000
v -1.925807 1.500000 1.950000
v -1.925807 1.650000 0.150000
v -1.925807 1.650000 0.300000
v -1.925807 1.650000 0.450000
v -1.925807 1.650000 0.600000
v -1.925807 1.650000 0.750000
v -1.925807 1.650000 0.900000
v -1.925807 1.650000 1.050000
v -1.925807 1.650000 1.200000
v -1.925807 1.650000 1.350000
v -1.925807 1.650000 1.500000
v -1.925807 1.650000 1.650000
v -1.925807 1.650000 1.800000
v -1.925807 1.650000 1.950000
v -1.925807 1.800000 0.150000
v -1.925807 1.800000 0.300000
v -1.925807 1.800000 0.450000
v -1.925807 1.800000 0.600000
v -1.925807 1.800000 0.750000
v -1.925807 1.800000 0.900000
v -1.925807 1.800000 1.050000
v -1.925807 1.800000 1.200000
v -1.925807 1.800000 1.350000
v -1.925807 1.800000 1.500000
v -1.925807 1.800000 1.650000
v -1.925807 1.800000 1.800000
v -1.925807 1.800000 1.950000
v -1.925807 1.950000 0.150000
v -1.925807 1.950000 0.300000
v -1.925807 1.950000 0.450000
v -1.925807 1.950000 0.600000
v -1.925807 1.950000 0.750000
v -1.925807 1.950000 0.900000
v -1.925807 1.950000 1.050000
v -1.925807 1.950000 1.200000
v -1.925807 1.950000 1.350000
v -1.925807 1.950000 1.500000
v -1.925807 1.950000 1.650000
v -1.925807 1.950000 1.800000
v -1.925807 1.950000 1.950000
v -1.925807 2.100000 0.150000
v -1.925807 2.100000 0.300000
v -1.925807 2.100000 0.450000
v -1.925807 2.100000 0.600000
v -1.925807 2.100000 0.750000
v -1.925807 2.100000 0.900000
v -1.925807 2.100000 1.050000
v -1.925807 2.100000 1.200000
v -1.925807 2.100000 1.350000
v -1.925807 2.100000 1.500000
v -1.925807 2.100000 1.650000
v -1.925807 2.100000 1.800000
v -1.925807 2.100000 1.950000
v -1.925807 1.950000 2.250000
v -1.925807 2.100000 2.250000
v -1.925807 2.100000 2.400000
v -1.925807 1.950000 2.400000
v -1.925807 2.100000 2.550000
v -1.925807 1.950000 2.550000
v -1.925807 2.100000 2.700000
v -1.925807 1.950000 2.700000
v -1.925807 2.100000 2.850000
v -1.925807 1.950000 2.850000
v -1.925807 2.250000 0.150000
v -1.925807 2.250000 0.300000
v -1.925807 2.250000 0.450000
v -1.925807 2.250000 0.600000
v -1.925807 2.250000 0.750000
v -1.925807 2.250000 0.900000
v -1.925807 2.250000 1.050000
v -1.925807 2.250000 1.200000
v -1.925807 2.250000 1.350000
v -1.925807 2.250000 1.500000
v -1.925807 2.250000 1.650000
v -1.925807 2.250000 1.800000
v -1.925807 2.250000 2.400000
v -1.925807 2.250000 2.550000
v -1.925807 2.250000 2.700000
v -1.925807 2.250000 2.850000
v -1.925807 2.250000 3.000000
v -1.925807 2.100000 3.000000
v -1.925807 2.400000 0.150000
v -1.925807 2.400000 0.300000
v -1.925807 2.400000 0.450000
v -1.925807 2.400000 0.600000
v -1.925807 2.400000 0.750000
v -1.925807 2.550000 0.150000
v -1.925807 2.550000 0.300000
v -1.925807 2.550000 0.450000
v -1.925807 2.550000 0.600000
v -1.925807 2.550000 0.750000
v -1.925807 2.700000 0.150000
v -1.925807 2.700000 0.300000
v -1.925807 2.700000 0.450000
v -1.925807 2.700000 0.600000
v -1.925807 2.700000 0.750000
v -1.925807 2.850000 0.150000
v -1.925807 2.850000 0.300000
v -1.925807 2.850000 0.450000
v -1.925807 2.850000 0.600000
v -1.925807 2.850000 0.750000
v -1.925807 3.000000 0.150000
v -1.925807 3.000000 0.300000
v -1.925807 3.000000 0.450000
v -1.925807 3.000000 0.600000
v -1.925807 3.000000 0.750000
v -1.925807 3.150000 0.150000
v -1.925807 3.150000 0.300000
v -1.925807 3.150000 0.450000
v -1.925807 3.150000 0.600000
v -1.925807 3.150000 0.750000
v -1.925807 3.150000 0.900000
v -1.925807 3.000000 0.900000
v -1.925807 3.150000 1.050000
v -1.925807 3.000000 1.050000
v -1.925807 3.150000 1.200000
v -1.925807 3.000000 1.200000
v -1.925807 3.150000 1.350000
v -1.925807 3.000000 1.350000
v -1.925807 3.150000 1.500000
v -1.925807 3.000000 1.500000
v -1.925807 3.150000 1.650000
v -1.925807 3.000000 1.650000
v -1.925807 3.150000 1.800000
v -1.925807 3.000000 1.800000
v -1.925807 3.300000 0.150000
v -1.925807 3.300000 0.300000
v -1.925807 3.300000 0.450000
v -1.925807 3.300000 0.600000
v -1.925807 3.300000 0.750000
v -1.925807 3.300000 0.900000
v -1.925807 3.300000 1.050000
v -1.925807 3.300000 1.200000
v -1.925807 3.300000 1.350000
v -1.925807 3.300000 1.500000
v -1.925807 3.300000 1.650000
v -1.925807 3.300000 1.800000
v -1.925807 3.300000 1.950000
v -1.925807 3.150000 1.950000
v -1.925807 3.450000 0.150000
v -1.925807 3.450000 0.300000
v -1.925807 3.450000 0.450000
v -1.925807 3.450000 0.600000
v -1.925807 3.450000 0.750000
v -1.925807 3.450000 0.900000
v -1.925807 3.450000 1.050000
v -1.925807 3.450000 1.200000
v -1.925807 3.450000 1.350000
v -1.925807 3.450000 1.500000
v -1.925807 3.450000 1.650000
v -1.925807 3.450000 1.800000
v -1.925807 3.450000 1.950000
v -1.925807 3.300000 2.700000
v -1.925807 3.450000 2.700000
v -1.925807 3.450000 2.850000
v -1.925807 3.300000 2.850000
v -1.925807 3.450000 3.000000
v -1.925807 3.300000 3.000000
v -1.925807 3.600000 0.150000
v -1.925807 3.600000 0.300000
v -1.925807 3.600000 0.450000
v -1.925807 3.600000 0.600000
v -1.925807 3.600000 0.750000
v -1.925807 3.600000 0.900000
v -1.925807 3.600000 1.050000
v -1.925807 3.600000 1.200000
v -1.925807 3.600000 1.350000
v -1.925807 3.600000 1.500000
v -1.925807 3.600000 1.650000
v -1.925807 3.600000 1.800000
v -1.925807 3.600000 1.950000
v -1.925807 3.600000 2.100000
v -1.925807 3.450000 2.100000
v -1.925807 3.600000 2.250000
v -1.925807 3.450000 2.250000
v -1.925807 3.600000 2.400000
v -1.925807 3.450000 2.400000
v -1.925807 3.600000 2.550000
v -1.925807 3.450000 2.550000
v -1.925807 3.600000 2.700000
v -1.925807 3.600000 2.850000
v -1.925807 3.600000 3.000000
v -1.925807 3.750000 0.150000
v -1.925807 3.750000 0.300000
v -1.925807 3.750000 0.450000
v -1.925807 3.750000 0.600000
v -1.925807 3.750000 0.750000
v -1.925807 3.750000 0.900000
v -1.925807 3.750000 1.050000
v -1.925807 3.750000 1.200000
v -1.925807 3.750000 1.350000
v -1.925807 3.750000 1.500000
v -1.925807 3.750000 1.650000
v -1.925807 3.750000 1.800000
v -1.925807 3.750000 1.950000
v -1.925807 3.750000 2.100000
v -1.925807 3.750000 2.250000
v -1.925807 3.750000 2.400000
v -1.925807 3.750000 2.550000
v -1.925807 3.750000 2.700000
v -1.925807 3.750000 2.850000
v -1.925807 3.750000 3.000000
v -1.925807 3.750000 3.150000
v -1.925807 3.600000 3.150000
v -1.925807 3.900000 0.150000
v -1.925807 3.900000 0.300000
v -1.925807 3.900000 0.450000
v -1.925807 3.900000 0.600000
v -1.925807 3.900000 0.750000
v -1.925807 3.900000 0.900000
v -1.925807 3.900000 1.050000
v -1.925807 3.900000 1.200000
v -1.925807 3.900000 1.350000
v -1.925807 3.900000 1.500000
v -1.925807 3.900000 1.650000
v -1.925807 3.900000 1.800000
v -1.925807 3.900000 1.950000
v -1.925807 3.900000 2.100000
v -1.925807 3.900000 2.250000
v -1.925807 3.900000 2.400000
v -1.925807 3.900000 2.550000
v -1.925807 3.900000 2.700000
v -1.925807 3.900000 2.850000
v -1.925807 3.900000 3.000000
v -1.925807 4.050000 0.150000
v -1.925807 4.050000 0.300000
v -1.925807 4.050000 0.450000
v -1.925807 4.050000 0.600000
v -1.925807 4.050000 0.750000
v -1.925807 4.050000 0.900000
v -1.925807 4.050000 1.050000
v -1.925807 4.050000 1.200000
v -1.925807 4.050000 1.350000
v -1.925807 4.050000 1.500000
v -1.925807 4.050000 1.650000
v -1.925807 4.050000 1.800000
v -1.925807 4.050000 1.950000
v -1.925807 4.050000 2.100000
v -1.925807 4.050000 2.250000
v -1.925807 4.050000 2.400000
v -1.925807 4.050000 2.550000
v -1.925807 4.050000 2.700000
v -1.925807 4.050000 2.850000
v -1.925807 4.050000 3.000000
v -1.925807 4.200000 0.150000
v -1.925807 4.200000 0.300000
v -1.925807 4.200000 0.450000
v -1.925807 4.200000 0.600000
v -1.925807 4.200000 0.750000
v -1.925807 4.200000 0.900000
v -1.925807 4.200000 1.050000
v -1.925807 4.200000 1.200000
v -1.925807 4.200000 1.350000
v -1.925807 4.200000 1.500000
v -1.925807 4.200000 1.650000
v -1.925807 4.200000 1.800000
v -1.925807 4.200000 1.950000
v -1.925807 4.200000 2.100000
v -1.925807 4.200000 2.250000
v -1.925807 4.200000 2.400000
v -1.925807 4.200000 2.550000
v -1.925807 4.200000 2.700000
v -1.925807 4.200000 2.850000
v -1.925807 4.200000 3.000000
v -1.925807 4.200000 3.150000
v -1.925807 4.050000 3.150000
v -1.925807 4.350000 0.150000
v -1.925807 4.350000 0.300000
v -1.925807 4.350000 0.450000
v -1.925807 4.350000 0.600000
v -1.925807 4.350000 0.750000
v -1.925807 4.350000 0.900000
v -1.925807 4.350000 1.050000
v -1.925807 4.350000 1.200000
v -1.925807 4.350000 1.350000
v -1.925807 4.350000 1.500000
v -1.925807 4.350000 1.650000
v -1.925807 4.350000 1.800000
v -1.925807 4.350000 1.950000
v -1.925807 4.350000 2.100000
v -1.925807 4.350000 2.250000
v -1.925807 4.350000 2.400000
v -1.925807 4.350000 2.550000
v -1.925807 4.350000 2.700000
v -1.925807 4.350000 2.850000
v -1.925807 4.350000 3.000000
v -1.925807 4.350000 3.150000
v -1.925807 4.500000 0.150000
v -1.925807 4.500000 0.300000
v -1.925807 4.500000 0.450000
v -1.925807 4.500000 0.600000
v -1.925807 4.500000 0.750000
v -1.925807 4.500000 0.900000
v -1.925807 4.500000 1.050000
v -1.925807 4.500000 1.200000
v -1.925807 4.500000 1.350000
v -1.925807 4.500000 1.500000
v -1.925807 4.500000 1.650000
v -1.925807 4.500000 1.800000
v -1.925807 4.500000 1.950000
v -1.925807 4.500000 2.100000
v -1.925807 4.500000 2.250000
v -1.925807 4.500000 2.400000
v -1.925807 4.500000 2.550000
v -1.925807 4.500000 2.700000
v -1.925807 4.500000 2.850000
v -1.925807 4.500000 3.000000
v -1.925807 4.500000 3.150000
v -1.925807 4.650000 0.150000
v -1.925807 4.650000 0.300000
v -1.925807 4.650000 0.450000
v -1.925807 4.650000 0.600000
v -1.925807 4.650000 0.750000
v -1.925807 4.650000 0.900000
v -1.925807 4.650000 1.050000
v -1.925807 4.650000 1.200000
v -1.925807 4.650000 1.350000
v -1.925807 4.650000 1.500000
v -1.925807 4.650000 1.650000
v -1.925807 4.650000 1.800000
v -1.925807 4.650000 1.950000
v -1.925807 4.650000 2.100000
v -1.925807 4.650000 2.250000
v -1.925807 4.650000 2.400000
v -1.925807 4.650000 2.550000
v -1.925807 4.650000 2.700000
v -1.925807 4.650000 2.850000
v -1.925807 4.650000 3.000000
v -1.925807 4.800000 0.150000
v -1.925807 4.800000 0.300000
v -1.925807 4.800000 0.450000
v -1.925807 4.800000 0.600000
v -1.925807 4.800000 0.750000
v -1.925807 4.800000 0.900000
v -1.925807 4.800000 1.050000
v -1.925807 4.800000 1.200000
v -1.925807 4.800000 1.350000
v -1.925807 4.800000 1.500000
v -1.925807 4.800000 1.650000
v -1.925807 4.800000 1.800000
v -1.925807 4.800000 1.950000
v -1.925807 4.800000 2.100000
v -1.925807 4.800000 2.250000
v -1.925807 4.800000 2.400000
v -1.925807 4.800000 2.550000
v -1.925807 4.800000 2.700000
v -1.925807 4.800000 2.850000
v -1.925807 4.800000 3.000000
v -1.925807 4.950000 0.150000
v -1.925807 4.950000 0.300000
v -1.925807 4.950000 0.450000
v -1.925807 4.950000 0.600000
v -1.925807 4.950000 0.750000
v -1.925807 4.950000 0.900000
v -1.925807 4.950000 1.050000
v -1.925807 4.950000 1.200000
v -1.925807 4.950000 1.350000
v -1.925807 4.950000 1.500000
v -1.925807 4.950000 1.650000
v -1.925807 4.950000 1.800000
v -1.925807 4.950000 1.950000
v -1.925807 4.950000 2.100000
v -1.925807 4.950000 2.250000
v -1.925807 4.950000 2.400000
v -1.925807 4.950000 2.550000
v -1.925807 4.950000 2.700000
v -1.925807 4.950000 2.850000
v -1.925807 4.950000 3.000000
v -1.925807 5.100000 0.150000
v -1.925807 5.100000 0.300000
v -1.925807 5.100000 0.450000
v -1.925807 5.100000 0.600000
v -1.925807 5.100000 0.750000
v -1.925807 5.100000 0.900000
v -1.925807 5.100000 1.050000
v -1.925807 5.100000 1.200000
v -1.925807 5.100000 1.350000
v -1.925807 5.100000 1.500000
v -1.925807 5.100000 1.650000
v -1.925807 5.100000 1.800000
v -1.925807 5.100000 1.950000
v -1.925807 5.100000 2.100000
v -1.925807 5.100000 2.250000
v -1.925807 5.100000 2.400000
v -1.925807 5.100000 2.550000
v -1.925807 5.100000 2.700000
v -1.925807 5.100000 2.850000
v -1.925807 5.100000 3.000000
v -1.925807 5.250000 0.150000
v -1.925807 5.250000 0.300000
v -1.925807 5.250000 0.450000
v -1.925807 5.250000 0.600000
v -1.925807 5.250000 0.750000
v -1.925807 5.250000 0.900000
v -1.925807 5.250000 1.050000
v -1.925807 5.250000 1.200000
v -1.925807 5.250000 1.350000
v -1.925807 5.250000 1.500000
v -1.925807 5.250000 1.650000
v -1.925807 5.250000 1.800000
v -1.925807 5.250000 1.950000
v -1.925807 5.250000 2.100000
v -1.925807 5.250000 2.250000
v -1.925807 5.250000 2.400000
v -1.925807 5.250000 2.550000
v -1.925807 5.250000 2.700000
v -1.925807 5.250000 2.850000
v -1.925807 5.250000 3.000000
v -1.925807 5.250000 3.150000
v -1.925807 5.100000 3.150000
v -1.925807 5.400000 0.150000
v -1.925807 5.400000 0.300000
v -1.925807 5.400000 0.450000
v -1.925807 5.400000 0.600000
v -1.925807 5.400000 0.750000
v -1.925807 5.400000 0.900000
v -1.925807 5.400000 1.050000
v -1.925807 5.400000 1.200000
v -1.925807 5.400000 1.350000
v -1.925807 5.400000 1.500000
v -1.925807 5.400000 1.650000
v -1.925807 5.400000 1.800000
v -1.925807 5.400000 1.950000
v -1.925807 5.400000 2.100000
v -1.925807 5.400000 2.250000
v -1.925807 5.400000 2.400000
v -1.925807 5.400000 2.550000
v -1.925807 5.400000 2.700000
v -1.925807 5.400000 2.850000
v -1.925807 5.400000 3.000000
v -1.925807 5.550000 0.150000
v -1.925807 5.550000 0.300000
v -1.925807 5.550000 0.450000
v -1.925807 5.550000 0.600000
v -1.925807 5.550000 0.750000
v -1.925807 5.550000 0.900000
v -1.925807 5.550000 1.050000
v -1.925807 5.550000 1.200000
v -1.925807 5.550000 1.350000
v -1.925807 5.550000 1.500000
v -1.925807 5.550000 1.650000
v -1.925807 5.550000 1.800000
v -1.925807 5.550000 1.950000
v -1.925807 5.550000 2.100000
v -1.925807 5.550000 2.250000
v -1.925807 5.550000 2.400000
v -1.925807 5.550000 2.550000
v -1.925807 5.550000 2.700000
v -1.925807 5.550000 2.850000
v -1.925807 5.550000 3.000000
v -1.925807 5.700000 0.150000
v -1.925807 5.700000 0.300000
v -1.925807 5.700000 0.450000
v -1.925807 5.700000 0.600000
v -1.925807 5.700000 0.750000
v -1.925807 5.700000 0.900000
v -1.925807 5.700000 1.050000
v -1.925807 5.700000 1.200000
v -1.925807 5.700000 1.350000
v -1.925807 5.700000 1.500000
v -1.925807 5.700000 1.650000
v -1.925807 5.700000 1.800000
v -1.925807 5.700000 1.950000
v -1.925807 5.700000 2.100000
v -1.925807 5.700000 2.250000
v -1.925807 5.700000 2.400000
v -1.925807 5.700000 2.550000
v -1.925807 5.700000 2.700000
v -1.925807 5.700000 2.850000
v -1.925807 5.700000 3.000000
v -1.925807 5.850000 0.150000
v -1.925807 5.850000 0.300000
v -1.925807 5.850000 0.450000
v -1.925807 5.850000 0.600000
v -1.925807 5.850000 0.750000
v -1.925807 5.850000 0.900000
v -1.925807 5.850000 1.050000
v -1.925807 5.850000 1.200000
v -1.925807 5.850000 1.350000
v -1.925807 5.850000 1.500000
v -1.925807 5.850000 1.650000
v -1.925807 5.850000 1.800000
v -1.925807 5.850000 1.950000
v -1.925807 5.850000 2.100000
v -1.925807 5.850000 2.250000
v -1.925807 5.850000 2.400000
v -1.925807 5.850000 2.550000
v -1.925807 5.850000 2.700000
v -1.925807 5.850000 2.850000
v -1.925807 5.850000 3.000000
v -1.925807 6.000000 0.150000
v -1.925807 6.000000 0.300000
v -1.925807 6.000000 0.450000
v -1.925807 6.000000 0.600000
v -1.925807 6.000000 0.750000
v -1.925807 6.000000 0.900000
v -1.925807 6.000000 1.050000
v -1.925807 6.000000 1.200000
v -1.925807 6.000000 1.350000
v -1.925807 6.000000 1.500000
v -1.925807 6.000000 1.650000
v -1.925807 6.000000 1.800000
v -1.925807 6.000000 1.950000
v -1.925807 6.000000 2.100000
v -1.925807 6.000000 2.250000
v -1.925807 6.000000 2.400000
v -1.925807 6.000000 2.550000
v -1.925807 6.000000 2.700000
v -1.925807 6.000000 2.850000
v -1.925807 6.000000 3.000000
v -5.603967 -1.050000 0.150000
v -5.603967 -0.900000 0.150000
v -5.603967 -0.900000 0.300000
v -5.603967 -1.050000 0.300000
v -5.603967 -0.900000 0.450000
v -5.603967 -1.050000 0.450000
v -5.603967 -0.900000 0.600000
v -5.603967 -1.050000 0.600000
v -5.603967 -0.900000 0.750000
v -5.603967 -1.050000 0.750000
v -5.603967 -0.900000 0.900000
v -5.603967 -1.050000 0.900000
v -5.603967 -0.900000 1.050000
v -5.603967 -1.050000 1.050000
v -5.603967 -0.900000 1.200000
v -5.603967 -1.050000 1.200000
v -5.603967 -0.900000 1.350000
v -5.603967 -1.050000 1.350000
v -5.603967 -0.900000 1.500000
v -5.603967 -1.050000 1.500000
v -5.603967 -0.900000 1.650000
v -5.603967 -1.050000 1.650000
v -5.603967 -0.900000 1.800000
v -5.603967 -1.050000 1.800000
v -5.603967 -0.900000 1.950000
v -5.603967 -1.050000 1.950000
v -5.603967 -0.900000 2.100000
v -5.603967 -1.050000 2.100000
v -5.603967 -0.900000 2.250000
v -5.603967 -1.050000 2.250000
v -5.603967 -0.900000 2.400000
v -5.603967 -1.050000 2.400000
v -5.603967 -1.050000 2.550000
v -5.603967 -0.900000 2.550000
v -5.603967 -0.900000 2.700000
v -5.603967 -1.050000 2.700000
v -5.603967 -0.900000 2.850000
v -5.603967 -1.050000 2.850000
v -5.603967 -0.900000 3.000000
v -5.603967 -1.050000 3.000000
v -5.603967 -0.750000 3.000000
v -5.603967 -0.750000 3.150000
v -5.603967 -0.900000 3.150000
v -5.603967 -0.600000 3.000000
v -5.603967 -0.600000 3.150000
v -5.603967 -0.450000 3.000000
v -5.603967 -0.450000 3.150000
v -5.603967 -0.300000 3.000000
v -5.603967 -0.300000 3.150000
v -5.603967 -0.150000 3.000000
v -5.603967 -0.150000 3.150000
v -5.603967 0.000000 3.000000
v -5.603967 0.000000 3.150000
v -5.603967 0.150000 3.000000
v -5.603967 0.150000 3.150000
v -5.603967 0.300000 3.000000
v -5.603967 0.300000 3.150000
v -5.603967 0.450000 3.000000
v -5.603967 0.450000 3.150000
v -5.603967 0.600000 3.000000
v -5.603967 0.600000 3.150000
v -5.603967 0.750000 3.000000
v -5.603967 0.750000 3.150000
v -5.603967 0.900000 3.000000
v -5.603967 0.900000 3.150000
v -5.603967 0.900000 0.150000
v -5.603967 1.050000 0.150000
v -5.603967 1.050000 0.300000
v -5.603967 0.900000 0.300000
v -5.603967 1.050000 0.450000
v -5.603967 0.900000 0.450000
v -5.603967 1.050000 0.600000
v -5.603967 0.900000 0.600000
v -5.603967 1.050000 0.750000
v -5.603967 0.900000 0.750000
v -5.603967 1.050000 0.900000
v -5.603967 0.900000 0.900000
v -5.603967 1.050000 1.050000
v -5.603967 0.900000 1.050000
v -5.603967 1.050000 1.200000
v -5.603967 0.900000 1.200000
v -5.603967 1.050000 1.350000
v -5.603967 0.900000 1.350000
v -5.603967 1.050000 1.500000
v -5.603967 0.900000 1.500000
v -5.603967 1.050000 1.650000
v -5.603967 0.900000 1.650000
v -5.603967 1.050000 1.800000
v -5.603967 0.900000 1.800000
v -5.603967 1.050000 1.950000
v -5.603967 0.900000 1.950000
v -5.603967 1.050000 2.100000
v -5.603967 0.900000 2.100000
v -5.603967 1.050000 2.250000
v -5.603967 0.900000 2.250000
v -5.603967 0.900000 2.550000
v -5.603967 1.050000 2.550000
v -5.603967 1.050000 2.700000
v -5.603967 0.900000 2.700000
v -5.603967 1.050000 2.850000
v -5.603967 0.900000 2.850000
v -5.603967 1.200000 0.150000
v -5.603967 1.200000 0.300000
v -5.603967 1.200000 0.450000
v -5.603967 1.200000 0.600000
v -5.603967 1.200000 0.750000
v -5.603967 1.200000 0.900000
v -5.603967 1.200000 1.050000
v -5.603967 1.200000 1.200000
v -5.603967 1.200000 1.350000
v -5.603967 1.200000 1.500000
v -5.603967 1.200000 1.650000
v -5.603967 1.200000 1.800000
v -5.603967 1.200000 1.950000
v -5.603967 1.200000 2.100000
v -5.603967 1.200000 2.250000
v -5.603967 1.200000 2.400000
v -5.603967 1.050000 2.400000
v -5.603967 1.200000 2.550000
v -5.603967 1.200000 2.700000
v -5.603967 1.200000 2.850000
v -5.603967 1.200000 3.000000
v -5.603967 1.050000 3.000000
v -5.603967 1.200000 3.150000
v -5.603967 1.050000 3.150000
v -5.603967 1.350000 0.300000
v -5.603967 1.350000 0.450000
v -5.603967 1.350000 3.000000
v -5.603967 1.350000 3.150000
v -5.603967 1.350000 0.750000
v -5.603967 1.500000 0.750000
v -5.603967 1.500000 0.900000
v -5.603967 1.350000 0.900000
v -5.603967 1.500000 3.000000
v -5.603967 1.500000 3.150000
v -5.603967 1.500000 0.300000
v -5.603967 1.650000 0.300000
v -5.603967 1.650000 0.450000
v -5.603967 1.500000 0.450000
v -5.603967 1.650000 0.600000
v -5.603967 1.500000 0.600000
v -5.603967 1.650000 0.750000
v -5.603967 1.650000 0.900000
v -5.603967 1.650000 3.000000
v -5.603967 1.650000 3.150000
v -5.603967 1.800000 0.600000
v -5.603967 1.800000 0.750000
v -5.603967 1.800000 0.900000
v -5.603967 1.800000 3.000000
v -5.603967 1.800000 3.150000
v -5.603967 1.950000 0.750000
v -5.603967 1.950000 0.900000
v -5.603967 1.950000 3.000000
v -5.603967 1.950000 3.150000
v -5.603967 2.100000 3.000000
v -5.603967 2.100000 3.150000
v -5.603967 2.250000 3.000000
v -5.603967 2.250000 3.150000
v -5.603967 2.400000 3.000000
v -5.603967 2.400000 3.150000
v -5.603967 2.550000 3.000000
v -5.603967 2.550000 3.150000
v -5.603967 2.700000 3.000000
v -5.603967 2.700000 3.150000
v -5.603967 2.850000 3.000000
v -5.603967 2.850000 3.150000
v -5.603967 2.850000 0.150000
v -5.603967 3.000000 0.150000
v -5.603967 3.000000 0.300000
v -5.603967 2.850000 0.300000
v -5.603967 3.000000 0.450000
v -5.603967 2.850000 0.450000
v -5.603967 3.000000 0.600000
v -5.603967 2.850000 0.600000
v -5.603967 3.000000 0.750000
v -5.603967 2.850000 0.750000
v -5.603967 3.000000 0.900000
v -5.603967 2.850000 0.900000
v -5.603967 3.000000 1.050000
v -5.603967 2.850000 1.050000
v -5.603967 3.000000 1.200000
v -5.603967 2.850000 1.200000
v -5.603967 3.000000 1.350000
v -5.603967 2.850000 1.350000
v -5.603967 3.000000 1.500000
v -5.603967 2.850000 1.500000
v -5.603967 3.000000 1.650000
v -5.603967 2.850000 1.650000
v -5.603967 3.000000 1.800000
v -5.603967 2.850000 1.800000
v -5.603967 3.000000 3.000000
v -5.603967 3.000000 3.150000
v -5.603967 3.150000 0.150000
v -5.603967 3.150000 0.300000
v -5.603967 3.150000 0.450000
v -5.603967 3.150000 0.600000
v -5.603967 3.150000 0.750000
v -5.603967 3.150000 1.050000
v -5.603967 3.150000 1.200000
v -5.603967 3.150000 1.350000
v -5.603967 3.150000 1.500000
v -5.603967 3.150000 1.650000
v -5.603967 3.150000 3.000000
v -5.603967 3.150000 3.150000
v -5.603967 3.300000 0.150000
v -5.603967 3.300000 0.300000
v -5.603967 3.300000 0.450000
v -5.603967 3.300000 0.600000
v -5.603967 3.300000 0.750000
v -5.603967 3.300000 0.900000
v -5.603967 3.150000 0.900000
v -5.603967 3.300000 1.050000
v -5.603967 3.300000 1.200000
v -5.603967 3.300000 1.350000
v -5.603967 3.300000 1.500000
v -5.603967 3.300000 1.650000
v -5.603967 3.300000 1.800000
v -5.603967 3.150000 1.800000
v -5.603967 3.300000 1.950000
v -5.603967 3.150000 1.950000
v -5.603967 3.300000 3.000000
v -5.603967 3.300000 3.150000
v -5.603967 3.450000 0.150000
v -5.603967 3.450000 0.300000
v -5.603967 3.450000 0.450000
v -5.603967 3.450000 0.600000
v -5.603967 3.450000 0.750000
v -5.603967 3.450000 0.900000
v -5.603967 3.450000 1.050000
v -5.603967 3.450000 1.200000
v -5.603967 3.450000 1.350000
v -5.603967 3.450000 1.500000
v -5.603967 3.450000 1.650000
v -5.603967 3.450000 1.800000
v -5.603967 3.450000 3.000000
v -5.603967 3.450000 3.150000
v -5.603967 3.600000 0.150000
v -5.603967 3.600000 0.300000
v -5.603967 3.600000 0.450000
v -5.603967 3.600000 0.600000
v -5.603967 3.600000 0.750000
v -5.603967 3.600000 0.900000
v -5.603967 3.600000 1.050000
v -5.603967 3.600000 1.200000
v -5.603967 3.600000 1.350000
v -5.603967 3.600000 1.500000
v -5.603967 3.600000 1.650000
v -5.603967 3.600000 1.800000
v -5.603967 3.600000 1.950000
v -5.603967 3.450000 1.950000
v -5.603967 3.600000 3.000000
v -5.603967 3.600000 3.150000
v -5.603967 3.750000 0.150000
v -5.603967 3.750000 0.300000
v -5.603967 3.750000 0.450000
v -5.603967 3.750000 0.600000
v -5.603967 3.750000 0.750000
v -5.603967 3.750000 0.900000
v -5.603967 3.750000 1.050000
v -5.603967 3.750000 1.200000
v -5.603967 3.750000 1.350000
v -5.603967 3.750000 1.500000
v -5.603967 3.750000 1.650000
v -5.603967 3.750000 1.800000
v -5.603967 3.750000 3.000000
v -5.603967 3.750000 3.150000
v -5.603967 3.900000 0.150000
v -5.603967 3.900000 0.300000
v -5.603967 3.900000 0.450000
v -5.603967 3.900000 0.600000
v -5.603967 3.900000 0.750000
v -5.603967 3.900000 0.900000
v -5.603967 3.900000 1.050000
v -5.603967 3.900000 1.200000
v -5.603967 3.900000 1.350000
v -5.603967 3.900000 1.500000
v -5.603967 3.900000 1.650000
v -5.603967 3.900000 1.800000
v -5.603967 3.900000 3.000000
v -5.603967 3.900000 3.150000
v -5.603967 4.050000 0.150000
v -5.603967 4.050000 0.300000
v -5.603967 4.050000 0.450000
v -5.603967 4.050000 0.600000
v -5.603967 4.050000 0.750000
v -5.603967 4.050000 0.900000
v -5.603967 4.050000 1.050000
v -5.603967 4.050000 1.200000
v -5.603967 4.050000 1.350000
v -5.603967 4.050000 1.500000
v -5.603967 4.050000 1.650000
v -5.603967 4.050000 1.800000
v -5.603967 4.200000 0.150000
v -5.603967 4.200000 0.300000
v -5.603967 4.200000 0.450000
v -5.603967 4.200000 0.600000
v -5.603967 4.200000 0.750000
v -5.603967 4.200000 0.900000
v -5.603967 4.200000 1.050000
v -5.603967 4.200000 1.200000
v -5.603967 4.200000 1.350000
v -5.603967 4.200000 1.500000
v -5.603967 4.200000 1.650000
v -5.603967 4.200000 1.800000
v -5.603967 4.200000 1.950000
v -5.603967 4.050000 1.950000
v -5.603967 5.850000 0.150000
v -5.603967 6.000000 0.150000
v -5.603967 6.000000 0.300000
v -5.603967 5.850000 0.300000
v -5.603967 6.000000 0.450000
v -5.603967 5.850000 0.450000
v -5.603967 6.000000 0.600000
v -5.603967 5.850000 0.600000
v -5.603967 6.000000 0.750000
v -5.603967 5.850000 0.750000
v -5.603967 6.000000 0.900000
v -5.603967 5.850000 0.900000
v -5.603967 6.000000 1.050000
v -5.603967 5.850000 1.050000
v -5.603967 6.000000 1.200000
v -5.603967 5.850000 1.200000
v -5.603967 6.000000 1.350000
v -5.603967 5.850000 1.350000
v -5.603967 6.000000 1.500000
v -5.603967 5.850000 1.500000
v -5.603967 6.000000 1.650000
v -5.603967 5.850000 1.650000
v -5.603967 6.000000 1.800000
v -5.603967 5.850000 1.800000
v -5.603967 6.000000 1.950000
v -5.603967 5.850000 1.950000
v -6.000000 -0.920684 0.150000
v -5.850000 -0.920684 0.150000
v -5.850000 -0.920684 0.300000
v -6.000000 -0.920684 0.300000
v -5.850000 -0.920684 0.450000
v -6.000000 -0.920684 0.450000
v -5.850000 -0.920684 0.600000
v -6.000000 -0.920684 0.600000
v -5.850000 -0.920684 0.750000
v -6.000000 -0.920684 0.750000
v -5.850000 -0.920684 0.900000
v -6.000000 -0.920684 0.900000
v -5.850000 -0.920684 1.050000
v -6.000000 -0.920684 1.050000
v -5.850000 -0.920684 1.200000
v -6.000000 -0.920684 1.200000
v -5.850000 -0.920684 1.350000
v -6.000000 -0.920684 1.350000
v -5.850000 -0.920684 1.500000
v -6.000000 -0.920684 1.500000
v -5.850000 -0.920684 1.650000
v -6.000000 -0.920684 1.650000
v -5.850000 -0.920684 1.800000
v -6.000000 -0.920684 1.800000
v -5.850000 -0.920684 1.950000
v -6.000000 -0.920684 1.950000
v -5.850000 -0.920684 2.100000
v -6.000000 -0.920684 2.100000
v -5.850000 -0.920684 2.250000
v -6.000000 -0.920684 2.250000
v -5.850000 -0.920684 2.400000
v -6.000000 -0.920684 2.400000
v -5.850000 -0.920684 2.550000
v -6.000000 -0.920684 2.550000
v -5.850000 -0.920684 2.700000
v -6.000000 -0.920684 2.700000
v -5.850000 -0.920684 2.850000
v -6.000000 -0.920684 2.850000
v -5.850000 -0.920684 3.000000
v -6.000000 -0.920684 3.000000
v -5.700000 -0.920684 0.150000
v -5.700000 -0.920684 0.300000
v -5.700000 -0.920684 0.450000
v -5.700000 -0.920684 0.600000
v -5.700000 -0.920684 0.750000
v -5.700000 -0.920684 0.900000
v -5.700000 -0.920684 1.050000
v -5.700000 -0.920684 1.200000
v -5.700000 -0.920684 1.350000
v -5.700000 -0.920684 1.500000
v -5.700000 -0.920684 1.650000
v -5.700000 -0.920684 1.800000
v -5.700000 -0.920684 1.950000
v -5.700000 -0.920684 2.100000
v -5.700000 -0.920684 2.250000
v -5.700000 -0.920684 2.400000
v -5.700000 -0.920684 2.550000
v -5.700000 -0.920684 2.700000
v -5.700000 -0.920684 2.850000
v -5.700000 -0.920684 3.000000
v -5.700000 -0.920684 3.150000
v -5.850000 -0.920684 3.150000
v -5.550000 -0.920684 0.150000
v -5.550000 -0.920684 0.300000
v -5.550000 -0.920684 0.450000
v -5.550000 -0.920684 0.600000
v -5.550000 -0.920684 0.750000
v -5.550000 -0.920684 0.900000
v -5.550000 -0.920684 1.050000
v -5.550000 -0.920684 1.200000
v -5.550000 -0.920684 1.350000
v -5.550000 -0.920684 1.500000
v -5.550000 -0.920684 1.650000
v -5.550000 -0.920684 1.800000
v -5.550000 -0.920684 1.950000
v -5.550000 -0.920684 2.100000
v -5.550000 -0.920684 2.250000
v -5.550000 -0.920684 2.400000
v -5.550000 -0.920684 2.550000
v -5.550000 -0.920684 2.700000
v -5.550000 -0.920684 2.850000
v -5.550000 -0.920684 3.000000
v -5.550000 -0.920684 3.150000
v -5.400000 -0.920684 0.150000
v -5.400000 -0.920684 0.300000
v -5.400000 -0.920684 0.450000
v -5.400000 -0.920684 0.600000
v -5.400000 -0.920684 0.750000
v -5.400000 -0.920684 0.900000
v -5.400000 -0.920684 1.050000
v -5.400000 -0.920684 1.200000
v -5.400000 -0.920684 1.350000
v -5.400000 -0.920684 1.500000
v -5.400000 -0.920684 1.650000
v -5.400000 -0.920684 1.800000
v -5.400000 -0.920684 1.950000
v -5.400000 -0.920684 2.100000
v -5.400000 -0.920684 2.250000
v -5.400000 -0.920684 2.400000
v -5.400000 -0.920684 2.550000
v -5.400000 -0.920684 2.700000
v -5.400000 -0.920684 2.850000
v -5.400000 -0.920684 3.000000
v -5.400000 -0.920684 3.150000
v -5.250000 -0.920684 0.150000
v -5.250000 -0.920684 0.300000
v -5.250000 -0.920684 0.450000
v -5.250000 -0.920684 0.600000
v -5.250000 -0.920684 0.750000
v -5.250000 -0.920684 0.900000
v -5.250000 -0.920684 1.050000
v -5.250000 -0.920684 1.200000
v -5.250000 -0.920684 1.350000
v -5.250000 -0.920684 1.500000
v -5.250000 -0.920684 1.650000
v -5.250000 -0.920684 1.800000
v -5.250000 -0.920684 1.950000
v -5.250000 -0.920684 2.100000
v -5.250000 -0.920684 2.250000
v -5.250000 -0.920684 2.400000
v -5.250000 -0.920684 2.550000
v -5.250000 -0.920684 2.700000
v -5.250000 -0.920684 2.850000
v -5.250000 -0.920684 3.000000
v -5.250000 -0.920684 3.150000
v -5.100000 -0.920684 0.150000
v -5.100000 -0.920684 0.300000
v -5.100000 -0.920684 0.450000
v -5.100000 -0.920684 0.600000
v -5.100000 -0.920684 0.750000
v -5.100000 -0.920684 0.900000
v -5.100000 -0.920684 1.050000
v -5.100000 -0.920684 1.200000
v -5.100000 -0.920684 1.350000
v -5.100000 -0.920684 1.500000
v -5.100000 -0.920684 1.650000
v -5.100000 -0.920684 1.800000
v -5.100000 -0.920684 1.950000
v -5.100000 -0.920684 2.100000
v -5.100000 -0.920684 2.250000
v -5.100000 -0.920684 2.400000
v -5.100000 -0.920684 2.550000
v -5.100000 -0.920684 2.700000
v -5.100000 -0.920684 2.850000
v -5.100000 -0.920684 3.000000
v -5.100000 -0.920684 3.150000
v -4.950000 -0.920684 0.150000
v -4.950000 -0.920684 0.300000
v -4.950000 -0.920684 0.450000
v -4.950000 -0.920684 0.600000
v -4.950000 -0.920684 0.750000
v -4.950000 -0.920684 0.900000
v -4.950000 -0.920684 1.050000
v -4.950000 -0.920684 1.200000
v -4.950000 -0.920684 1.350000
v -4.950000 -0.920684 1.500000
v -4.950000 -0.920684 1.650000
v -4.950000 -0.920684 1.800000
v -4.950000 -0.920684 1.950000
v -4.950000 -0.920684 2.100000
v -4.950000 -0.920684 2.250000
v -4.950000 -0.920684 2.400000
v -4.950000 -0.920684 2.550000
v -4.950000 -0.920684 2.700000
v -4.950000 -0.920684 2.850000
v -4.950000 -0.920684 3.000000
v -4.950000 -0.920684 3.150000
v -4.800000 -0.920684 0.150000
v -4.800000 -0.920684 0.300000
v -4.800000 -0.920684 0.450000
v -4.800000 -0.920684 0.600000
v -4.800000 -0.920684 0.750000
v -4.800000 -0.920684 0.900000
v -4.800000 -0.920684 1.050000
v -4.800000 -0.920684 1.200000
v -4.800000 -0.920684 1.350000
v -4.800000 -0.920684 1.500000
v -4.800000 -0.920684 1.650000
v -4.800000 -0.920684 1.800000
v -4.800000 -0.920684 1.950000
v -4.800000 -0.920684 2.100000
v -4.800000 -0.920684 2.250000
v -4.800000 -0.920684 2.400000
v -4.800000 -0.920684 2.550000
v -4.800000 -0.920684 2.700000
v -4.800000 -0.920684 2.850000
v -4.800000 -0.920684 3.000000
v -4.800000 -0.920684 3.150000
v -4.650000 -0.920684 0.150000
v -4.650000 -0.920684 0.300000
v -4.650000 -0.920684 0.450000
v -4.650000 -0.920684 0.600000
v -4.650000 -0.920684 0.750000
v -4.650000 -0.920684 0.900000
v -4.650000 -0.920684 1.050000
v -4.650000 -0.920684 1.200000
v -4.650000 -0.920684 1.350000
v -4.650000 -0.920684 1.500000
v -4.650000 -0.920684 1.650000
v -4.650000 -0.920684 1.800000
v -4.650000 -0.920684 1.950000
v -4.650000 -0.920684 2.100000
v -4.650000 -0.920684 2.250000
v -4.650000 -0.920684 2.400000
v -4.650000 -0.920684 2.550000
v -4.650000 -0.920684 2.700000
v -4.650000 -0.920684 2.850000
v -4.650000 -0.920684 3.000000
v -4.650000 -0.920684 3.150000
v -4.500000 -0.920684 0.150000
v -4.500000 -0.920684 0.300000
v -4.500000 -0.920684 0.450000
v -4.500000 -0.920684 0.600000
v -4.500000 -0.920684 0.750000
v -4.500000 -0.920684 0.900000
v -4.500000 -0.920684 1.050000
v -4.500000 -0.920684 1.200000
v -4.500000 -0.920684 1.350000
v -4.500000 -0.920684 1.500000
v -4.500000 -0.920684 1.650000
v -4.500000 -0.920684 1.800000
v -4.500000 -0.920684 1.950000
v -4.500000 -0.920684 2.100000
v -4.500000 -0.920684 2.250000
v -4.500000 -0.920684 2.400000
v -4.500000 -0.920684 2.550000
v -4.500000 -0.920684 2.700000
v -4.500000 -0.920684 2.850000
v -4.500000 -0.920684 3.000000
v -4.500000 -0.920684 3.150000
v -4.350000 -0.920684 0.150000
v -4.350000 -0.920684 0.300000
v -4.350000 -0.920684 0.450000
v -4.350000 -0.920684 0.600000
v -4.350000 -0.920684 0.750000
v -4.350000 -0.920684 0.900000
v -4.350000 -0.920684 1.050000
v -4.350000 -0.920684 1.200000
v -4.350000 -0.920684 1.350000
v -4.350000 -0.920684 1.500000
v -4.350000 -0.920684 1.650000
v -4.350000 -0.920684 1.800000
v -4.350000 -0.920684 1.950000
v -4.350000 -0.920684 2.100000
v -4.350000 -0.920684 2.250000
v -4.350000 -0.920684 2.400000
v -4.350000 -0.920684 2.550000
v -4.350000 -0.920684 2.700000
v -4.350000 -0.920684 2.850000
v -4.350000 -0.920684 3.000000
v -4.350000 -0.920684 3.150000
v -4.200000 -0.920684 0.150000
v -4.200000 -0.920684 0.300000
v -4.200000 -0.920684 0.450000
v -4.200000 -0.920684 0.600000
v -4.200000 -0.920684 0.750000
v -4.200000 -0.920684 0.900000
v -4.200000 -0.920684 1.050000
v -4.200000 -0.920684 1.200000
v -4.200000 -0.920684 1.350000
v -4.200000 -0.920684 1.500000
v -4.200000 -0.920684 1.650000
v -4.200000 -0.920684 1.800000
v -4.200000 -0.920684 1.950000
v -4.200000 -0.920684 2.100000
v -4.200000 -0.920684 2.250000
v -4.200000 -0.920684 2.400000
v -4.200000 -0.920684 2.550000
v -4.200000 -0.920684 2.700000
v -4.200000 -0.920684 2.850000
v -4.200000 -0.920684 3.000000
v -4.050000 -0.920684 0.150000
v -4.050000 -0.920684 0.300000
v -4.050000 -0.920684 0.450000
v -4.050000 -0.920684 0.600000
v -4.050000 -0.920684 0.750000
v -4.050000 -0.920684 0.900000
v -4.050000 -0.920684 1.050000
v -4.050000 -0.920684 1.200000
v -4.050000 -0.920684 1.350000
v -4.050000 -0.920684 1.500000
v -4.050000 -0.920684 1.650000
v -4.050000 -0.920684 1.800000
v -4.050000 -0.920684 1.950000
v -4.050000 -0.920684 2.100000
v -4.050000 -0.920684 2.250000
v -4.050000 -0.920684 2.400000
v -4.050000 -0.920684 2.550000
v -4.050000 -0.920684 2.700000
v -4.050000 -0.920684 2.850000
v -4.050000 -0.920684 3.000000
v -3.900000 -0.920684 0.150000
v -3.900000 -0.920684 0.300000
v -3.900000 -0.920684 0.450000
v -3.900000 -0.920684 0.600000
v -3.900000 -0.920684 0.750000
v -3.900000 -0.920684 0.900000
v -3.900000 -0.920684 1.050000
v -3.900000 -0.920684 1.200000
v -3.900000 -0.920684 1.350000
v -3.900000 -0.920684 1.500000
v -3.900000 -0.920684 1.650000
v -3.900000 -0.920684 1.800000
v -3.900000 -0.920684 1.950000
v -3.900000 -0.920684 2.100000
v -3.900000 -0.920684 2.250000
v -3.900000 -0.920684 2.400000
v -3.900000 -0.920684 2.550000
v -3.900000 -0.920684 2.700000
v -3.900000 -0.920684 2.850000
v -3.900000 -0.920684 3.000000
v -3.750000 -0.920684 0.150000
v -3.750000 -0.920684 0.300000
v -3.750000 -0.920684 0.450000
v -3.750000 -0.920684 0.600000
v -3.750000 -0.920684 0.750000
v -3.750000 -0.920684 0.900000
v -3.750000 -0.920684 1.050000
v -3.750000 -0.920684 1.200000
v -3.750000 -0.920684 1.350000
v -3.750000 -0.920684 1.500000
v -3.750000 -0.920684 1.650000
v -3.750000 -0.920684 1.800000
v -3.750000 -0.920684 1.950000
v -3.750000 -0.920684 2.100000
v -3.750000 -0.920684 2.250000
v -3.750000 -0.920684 2.400000
v -3.750000 -0.920684 2.550000
v -3.750000 -0.920684 2.700000
v -3.750000 -0.920684 2.850000
v -3.750000 -0.920684 3.000000
v -3.600000 -0.920684 0.150000
v -3.600000 -0.920684 0.300000
v -3.600000 -0.920684 0.450000
v -3.600000 -0.920684 0.600000
v -3.600000 -0.920684 0.750000
v -3.600000 -0.920684 0.900000
v -3.600000 -0.920684 1.050000
v -3.600000 -0.920684 1.200000
v -3.600000 -0.920684 1.350000
v -3.600000 -0.920684 1.500000
v -3.600000 -0.920684 1.650000
v -3.600000 -0.920684 1.800000
v -3.600000 -0.920684 1.950000
v -3.600000 -0.920684 2.100000
v -3.600000 -0.920684 2.250000
v -3.600000 -0.920684 2.400000
v -3.600000 -0.920684 2.550000
v -3.600000 -0.920684 2.700000
v -3.600000 -0.920684 2.850000
v -3.600000 -0.920684 3.000000
v -3.450000 -0.920684 0.150000
v -3.450000 -0.920684 0.300000
v -3.450000 -0.920684 0.450000
v -3.450000 -0.920684 0.600000
v -3.450000 -0.920684 0.750000
v -3.450000 -0.920684 0.900000
v -3.450000 -0.920684 1.050000
v -3.450000 -0.920684 1.200000
v -3.450000 -0.920684 1.350000
v -3.450000 -0.920684 1.500000
v -3.450000 -0.920684 1.650000
v -3.450000 -0.920684 1.800000
v -3.450000 -0.920684 1.950000
v -3.450000 -0.920684 2.100000
v -3.450000 -0.920684 2.250000
v -3.450000 -0.920684 2.400000
v -3.450000 -0.920684 2.550000
v -3.450000 -0.920684 2.700000
v -3.450000 -0.920684 2.850000
v -3.450000 -0.920684 3.000000
v -3.450000 -0.920684 3.150000
v -3.600000 -0.920684 3.150000
v -3.300000 -0.920684 0.150000
v -3.300000 -0.920684 0.300000
v -3.300000 -0.920684 0.450000
v -3.300000 -0.920684 0.600000
v -3.300000 -0.920684 0.750000
v -3.300000 -0.920684 0.900000
v -3.300000 -0.920684 1.050000
v -3.300000 -0.920684 1.200000
v -3.300000 -0.920684 1.350000
v -3.300000 -0.920684 1.500000
v -3.300000 -0.920684 1.650000
v -3.300000 -0.920684 1.800000
v -3.300000 -0.920684 1.950000
v -3.300000 -0.920684 2.100000
v -3.300000 -0.920684 2.250000
v -3.300000 -0.920684 2.400000
v -3.300000 -0.920684 2.550000
v -3.300000 -0.920684 2.700000
v -3.300000 -0.920684 2.850000
v -3.300000 -0.920684 3.000000
v -3.300000 -0.920684 3.150000
v -3.150000 -0.920684 0.150000
v -3.150000 -0.920684 0.300000
v -3.150000 -0.920684 0.450000
v -3.150000 -0.920684 0.600000
v -3.150000 -0.920684 0.750000
v -3.150000 -0.920684 0.900000
v -3.150000 -0.920684 1.050000
v -3.150000 -0.920684 1.200000
v -3.150000 -0.920684 1.350000
v -3.150000 -0.920684 1.500000
v -3.150000 -0.920684 1.650000
v -3.150000 -0.920684 1.800000
v -3.150000 -0.920684 1.950000
v -3.150000 -0.920684 2.100000
v -3.150000 -0.920684 2.250000
v -3.150000 -0.920684 2.400000
v -3.150000 -0.920684 2.550000
v -3.150000 -0.920684 2.700000
v -3.150000 -0.920684 2.850000
v -3.150000 -0.920684 3.000000
v -3.000000 -0.920684 0.150000
v -3.000000 -0.920684 0.300000
v -3.000000 -0.920684 0.450000
v -3.000000 -0.920684 0.600000
v -3.000000 -0.920684 0.750000
v -3.000000 -0.920684 0.900000
v -3.000000 -0.920684 1.050000
v -3.000000 -0.920684 1.200000
v -3.000000 -0.920684 1.350000
v -3.000000 -0.920684 1.500000
v -3.000000 -0.920684 1.650000
v -3.000000 -0.920684 1.800000
v -3.000000 -0.920684 1.950000
v -3.000000 -0.920684 2.100000
v -3.000000 -0.920684 2.250000
v -3.000000 -0.920684 2.400000
v -3.000000 -0.920684 2.550000
v -3.000000 -0.920684 2.700000
v -3.000000 -0.920684 2.850000
v -3.000000 -0.920684 3.000000
v -3.000000 -0.920684 3.150000
v -3.150000 -0.920684 3.150000
v -2.850000 -0.920684 0.150000
v -2.850000 -0.920684 0.300000
v -2.850000 -0.920684 0.450000
v -2.850000 -0.920684 0.600000
v -2.850000 -0.920684 0.750000
v -2.850000 -0.920684 0.900000
v -2.850000 -0.920684 1.050000
v -2.850000 -0.920684 1.200000
v -2.850000 -0.920684 1.350000
v -2.850000 -0.920684 1.500000
v -2.850000 -0.920684 1.650000
v -2.850000 -0.920684 1.800000
v -2.850000 -0.920684 1.950000
v -2.850000 -0.920684 2.100000
v -2.850000 -0.920684 2.250000
v -2.850000 -0.920684 2.400000
v -2.850000 -0.920684 2.550000
v -2.850000 -0.920684 2.700000
v -2.850000 -0.920684 2.850000
v -2.850000 -0.920684 3.000000
v -2.850000 -0.920684 3.150000
v -2.700000 -0.920684 0.150000
v -2.700000 -0.920684 0.300000
v -2.700000 -0.920684 0.450000
v -2.700000 -0.920684 0.600000
v -2.700000 -0.920684 0.750000
v -2.700000 -0.920684 0.900000
v -2.700000 -0.920684 1.050000
v -2.700000 -0.920684 1.200000
v -2.700000 -0.920684 1.350000
v -2.700000 -0.920684 1.500000
v -2.700000 -0.920684 1.650000
v -2.700000 -0.920684 1.800000
v -2.700000 -0.920684 1.950000
v -2.700000 -0.920684 2.100000
v -2.700000 -0.920684 2.250000
v -2.700000 -0.920684 2.400000
v -2.700000 -0.920684 2.550000
v -2.700000 -0.920684 2.700000
v -2.700000 -0.920684 2.850000
v -2.700000 -0.920684 3.000000
v -2.550000 -0.920684 0.150000
v -2.550000 -0.920684 0.300000
v -2.550000 -0.920684 0.450000
v -2.550000 -0.920684 0.600000
v -2.550000 -0.920684 0.750000
v -2.550000 -0.920684 0.900000
v -2.550000 -0.920684 1.050000
v -2.550000 -0.920684 1.200000
v -2.550000 -0.920684 1.350000
v -2.550000 -0.920684 1.500000
v -2.550000 -0.920684 1.650000
v -2.550000 -0.920684 1.800000
v -2.550000 -0.920684 1.950000
v -2.550000 -0.920684 2.100000
v -2.550000 -0.920684 2.250000
v -2.550000 -0.920684 2.400000
v -2.550000 -0.920684 2.550000
v -2.550000 -0.920684 2.700000
v -2.550000 -0.920684 2.850000
v -2.550000 -0.920684 3.000000
v -2.550000 -0.920684 3.150000
v -2.700000 -0.920684 3.150000
v -2.400000 -0.920684 0.150000
v -2.400000 -0.920684 0.300000
v -2.400000 -0.920684 0.450000
v -2.400000 -0.920684 0.600000
v -2.400000 -0.920684 0.750000
v -2.400000 -0.920684 0.900000
v -2.400000 -0.920684 1.050000
v -2.400000 -0.920684 1.200000
v -2.400000 -0.920684 1.350000
v -2.400000 -0.920684 1.500000
v -2.400000 -0.920684 1.650000
v -2.400000 -0.920684 1.800000
v -2.400000 -0.920684 1.950000
v -2.400000 -0.920684 2.100000
v -2.400000 -0.920684 2.250000
v -2.400000 -0.920684 2.400000
v -2.400000 -0.920684 2.550000
v -2.400000 -0.920684 2.700000
v -2.400000 -0.920684 2.850000
v -2.400000 -0.920684 3.000000
v -2.400000 -0.920684 3.150000
v -2.250000 -0.920684 0.150000
v -2.250000 -0.920684 0.300000
v -2.250000 -0.920684 0.450000
v -2.250000 -0.920684 0.600000
v -2.250000 -0.920684 0.750000
v -2.250000 -0.920684 0.900000
v -2.250000 -0.920684 1.050000
v -2.250000 -0.920684 1.200000
v -2.250000 -0.920684 1.350000
v -2.250000 -0.920684 1.500000
v -2.250000 -0.920684 1.650000
v -2.250000 -0.920684 2.100000
v -2.250000 -0.920684 2.250000
v -2.250000 -0.920684 2.400000
v -2.250000 -0.920684 2.550000
v -2.250000 -0.920684 2.700000
v -2.250000 -0.920684 2.850000
v -2.250000 -0.920684 3.000000
v -2.100000 -0.920684 0.150000
v -2.100000 -0.920684 0.300000
v -2.100000 -0.920684 0.450000
v -2.100000 -0.920684 0.600000
v -2.100000 -0.920684 0.750000
v -2.100000 -0.920684 0.900000
v -2.100000 -0.920684 1.050000
v -2.100000 -0.920684 1.200000
v -2.100000 -0.920684 1.350000
v -2.100000 -0.920684 1.500000
v -2.100000 -0.920684 1.650000
v -2.100000 -0.920684 2.100000
v -2.100000 -0.920684 2.250000
v -2.100000 -0.920684 2.400000
v -2.100000 -0.920684 2.550000
v -2.100000 -0.920684 2.700000
v -2.100000 -0.920684 2.850000
v -2.100000 -0.920684 3.000000
v -2.100000 -0.920684 3.150000
v -2.250000 -0.920684 3.150000
v -1.950000 -0.920684 0.150000
v -1.950000 -0.920684 0.300000
v -1.950000 -0.920684 0.450000
v -1.950000 -0.920684 0.600000
v -1.950000 -0.920684 0.750000
v -1.950000 -0.920684 0.900000
v -1.950000 -0.920684 1.050000
v -1.950000 -0.920684 1.200000
v -1.950000 -0.920684 1.350000
v -1.950000 -0.920684 1.500000
v -1.950000 -0.920684 1.650000
v -1.950000 -0.920684 2.100000
v -1.950000 -0.920684 2.250000
v -1.950000 -0.920684 2.400000
v -1.950000 -0.920684 2.550000
v -1.950000 -0.920684 2.700000
v -1.950000 -0.920684 2.850000
v -1.950000 -0.920684 3.000000
v -1.950000 -0.920684 3.150000
v -1.800000 -0.920684 0.150000
v -1.800000 -0.920684 0.300000
v -1.800000 -0.920684 0.450000
v -1.800000 -0.920684 0.600000
v -1.800000 -0.920684 0.750000
v -1.800000 -0.920684 0.900000
v -1.800000 -0.920684 1.050000
v -1.800000 -0.920684 1.200000
v -1.800000 -0.920684 1.350000
v -1.800000 -0.920684 1.500000
v -1.800000 -0.920684 1.650000
v -1.800000 -0.920684 2.100000
v -1.800000 -0.920684 2.250000
v -1.800000 -0.920684 2.400000
v -1.800000 -0.920684 2.550000
v -1.800000 -0.920684 2.700000
v -1.800000 -0.920684 2.850000
v -1.800000 -0.920684 3.000000
v -1.800000 -0.920684 3.150000
v -1.650000 -0.920684 0.150000
v -1.650000 -0.920684 0.300000
v -1.650000 -0.920684 0.450000
v -1.650000 -0.920684 0.600000
v -1.650000 -0.920684 0.750000
v -1.650000 -0.920684 0.900000
v -1.650000 -0.920684 1.050000
v -1.650000 -0.920684 1.200000
v -1.650000 -0.920684 1.350000
v -1.650000 -0.920684 1.500000
v -1.650000 -0.920684 1.650000
v -1.650000 -0.920684 2.100000
v -1.650000 -0.920684 2.250000
v -1.650000 -0.920684 2.400000
v -1.650000 -0.920684 2.550000
v -1.650000 -0.920684 2.700000
v -1.650000 -0.920684 2.850000
v -1.650000 -0.920684 3.000000
v -1.650000 -0.920684 3.150000
v -1.500000 -0.920684 0.150000
v -1.500000 -0.920684 0.300000
v -1.500000 -0.920684 0.450000
v -1.500000 -0.920684 0.600000
v -1.500000 -0.920684 0.750000
v -1.500000 -0.920684 0.900000
v -1.500000 -0.920684 1.050000
v -1.500000 -0.920684 1.200000
v -1.500000 -0.920684 1.350000
v -1.500000 -0.920684 1.500000
v -1.500000 -0.920684 1.650000
v -1.500000 -0.920684 1.800000
v -1.650000 -0.920684 1.800000
v -1.500000 -0.920684 1.950000
v -1.650000 -0.920684 1.950000
v -1.500000 -0.920684 2.100000
v -1.500000 -0.920684 2.250000
v -1.500000 -0.920684 2.400000
v -1.500000 -0.920684 2.550000
v -1.500000 -0.920684 2.700000
v -1.500000 -0.920684 2.850000
v -1.500000 -0.920684 3.000000
v -1.500000 -0.920684 3.150000
v -1.350000 -0.920684 0.150000
v -1.350000 -0.920684 0.300000
v -1.350000 -0.920684 0.450000
v -1.350000 -0.920684 0.600000
v -1.350000 -0.920684 0.750000
v -1.350000 -0.920684 0.900000
v -1.350000 -0.920684 1.050000
v -1.350000 -0.920684 1.200000
v -1.350000 -0.920684 1.350000
v -1.350000 -0.920684 1.500000
v -1.350000 -0.920684 1.650000
v -1.350000 -0.920684 1.800000
v -1.350000 -0.920684 1.950000
v -1.350000 -0.920684 2.100000
v -1.350000 -0.920684 2.250000
v -1.350000 -0.920684 2.400000
v -1.350000 -0.920684 2.550000
v -1.350000 -0.920684 2.700000
v -1.350000 -0.920684 2.850000
v -1.350000 -0.920684 3.000000
v -1.350000 -0.920684 3.150000
v -1.200000 -0.920684 0.150000
v -1.200000 -0.920684 0.300000
v -1.200000 -0.920684 0.450000
v -1.200000 -0.920684 0.600000
v -1.200000 -0.920684 0.750000
v -1.200000 -0.920684 0.900000
v -1.200000 -0.920684 1.050000
v -1.200000 -0.920684 1.200000
v -1.200000 -0.920684 1.350000
v -1.200000 -0.920684 1.500000
v -1.200000 -0.920684 1.650000
v -1.200000 -0.920684 1.800000
v -1.200000 -0.920684 1.950000
v -1.200000 -0.920684 2.100000
v -1.200000 -0.920684 2.250000
v -1.200000 -0.920684 2.400000
v -1.200000 -0.920684 2.550000
v -1.200000 -0.920684 2.700000
v -1.200000 -0.920684 2.850000
v -1.200000 -0.920684 3.000000
v -1.200000 -0.920684 3.150000
v -1.050000 -0.920684 0.150000
v -1.050000 -0.920684 0.300000
v -1.050000 -0.920684 0.450000
v -1.050000 -0.920684 0.600000
v -1.050000 -0.920684 0.750000
v -1.050000 -0.920684 0.900000
v -1.050000 -0.920684 1.050000
v -1.050000 -0.920684 1.200000
v -1.050000 -0.920684 1.350000
v -1.050000 -0.920684 1.500000
v -1.050000 -0.920684 1.650000
v -1.050000 -0.920684 1.800000
v -1.050000 -0.920684 1.950000
v -1.050000 -0.920684 2.100000
v -1.050000 -0.920684 2.250000
v -1.050000 -0.920684 2.400000
v -1.050000 -0.920684 2.550000
v -1.050000 -0.920684 2.700000
v -1.050000 -0.920684 2.850000
v -1.050000 -0.920684 3.000000
v -1.050000 -0.920684 3.150000
v -0.900000 -0.920684 0.150000
v -0.900000 -0.920684 0.300000
v -0.900000 -0.920684 0.450000
v -0.900000 -0.920684 0.600000
v -0.900000 -0.920684 0.750000
v -0.900000 -0.920684 0.900000
v -0.900000 -0.920684 1.050000
v -0.900000 -0.920684 1.200000
v -0.900000 -0.920684 1.350000
v -0.900000 -0.920684 1.500000
v -0.900000 -0.920684 1.650000
v -0.900000 -0.920684 1.800000
v -0.900000 -0.920684 1.950000
v -0.900000 -0.920684 2.100000
v -0.900000 -0.920684 2.250000
v -0.900000 -0.920684 2.400000
v -0.900000 -0.920684 2.550000
v -0.900000 -0.920684 2.700000
v -0.900000 -0.920684 2.850000
v -0.900000 -0.920684 3.000000
v -0.900000 -0.920684 3.150000
v -0.750000 -0.920684 0.150000
v -0.750000 -0.920684 0.300000
v -0.750000 -0.920684 0.450000
v -0.750000 -0.920684 0.600000
v -0.750000 -0.920684 0.750000
v -0.750000 -0.920684 0.900000
v -0.750000 -0.920684 1.050000
v -0.750000 -0.920684 1.200000
v -0.750000 -0.920684 1.350000
v -0.750000 -0.920684 1.500000
v -0.750000 -0.920684 1.650000
v -0.750000 -0.920684 1.800000
v -0.750000 -0.920684 1.950000
v -0.750000 -0.920684 2.100000
v -0.750000 -0.920684 2.250000
v -0.750000 -0.920684 2.400000
v -0.750000 -0.920684 2.550000
v -0.750000 -0.920684 2.700000
v -0.750000 -0.920684 2.850000
v -0.750000 -0.920684 3.000000
v -0.750000 -0.920684 3.150000
v -0.600000 -0.920684 0.150000
v -0.600000 -0.920684 0.300000
v -0.600000 -0.920684 0.450000
v -0.600000 -0.920684 0.600000
v -0.600000 -0.920684 0.750000
v -0.600000 -0.920684 0.900000
v -0.600000 -0.920684 1.050000
v -0.600000 -0.920684 1.200000
v -0.600000 -0.920684 1.350000
v -0.600000 -0.920684 1.500000
v -0.600000 -0.920684 1.650000
v -0.600000 -0.920684 1.800000
v -0.600000 -0.920684 1.950000
v -0.600000 -0.920684 2.100000
v -0.600000 -0.920684 2.250000
v -0.600000 -0.920684 2.400000
v -0.600000 -0.920684 2.550000
v -0.600000 -0.920684 2.700000
v -0.600000 -0.920684 2.850000
v -0.600000 -0.920684 3.000000
v -0.600000 -0.920684 3.150000
v -0.450000 -0.920684 0.150000
v -0.450000 -0.920684 0.300000
v -0.450000 -0.920684 0.450000
v -0.450000 -0.920684 0.600000
v -0.450000 -0.920684 0.750000
v -0.450000 -0.920684 0.900000
v -0.450000 -0.920684 1.050000
v -0.450000 -0.920684 1.200000
v -0.450000 -0.920684 1.350000
v -0.450000 -0.920684 1.500000
v -0.450000 -0.920684 1.650000
v -0.450000 -0.920684 1.800000
v -0.450000 -0.920684 1.950000
v -0.450000 -0.920684 2.100000
v -0.450000 -0.920684 2.250000
v -0.450000 -0.920684 2.400000
v -0.450000 -0.920684 2.550000
v -0.450000 -0.920684 2.700000
v -0.450000 -0.920684 2.850000
v -0.450000 -0.920684 3.000000
v -0.450000 -0.920684 3.150000
v -0.300000 -0.920684 0.150000
v -0.300000 -0.920684 0.300000
v -0.300000 -0.920684 0.450000
v -0.300000 -0.920684 0.600000
v -0.300000 -0.920684 0.750000
v -0.300000 -0.920684 0.900000
v -0.300000 -0.920684 1.050000
v -0.300000 -0.920684 1.200000
v -0.300000 -0.920684 1.350000
v -0.300000 -0.920684 1.500000
v -0.300000 -0.920684 1.650000
v -0.300000 -0.920684 1.800000
v -0.300000 -0.920684 1.950000
v -0.300000 -0.920684 2.100000
v -0.300000 -0.920684 2.250000
v -0.300000 -0.920684 2.400000
v -0.300000 -0.920684 2.550000
v -0.300000 -0.920684 2.700000
v -0.300000 -0.920684 2.850000
v -0.300000 -0.920684 3.000000
v -0.300000 -0.920684 3.150000
v -0.150000 -0.920684 0.150000
v -0.150000 -0.920684 0.300000
v -0.150000 -0.920684 0.450000
v -0.150000 -0.920684 0.600000
v -0.150000 -0.920684 0.750000
v -0.150000 -0.920684 0.900000
v -0.150000 -0.920684 1.050000
v -0.150000 -0.920684 1.200000
v -0.150000 -0.920684 1.350000
v -0.150000 -0.920684 1.500000
v -0.150000 -0.920684 1.650000
v -0.150000 -0.920684 1.800000
v -0.150000 -0.920684 1.950000
v -0.150000 -0.920684 2.100000
v -0.150000 -0.920684 2.250000
v -0.150000 -0.920684 2.400000
v -0.150000 -0.920684 2.550000
v -0.150000 -0.920684 2.700000
v -0.150000 -0.920684 2.850000
v -0.150000 -0.920684 3.000000
v -0.150000 -0.920684 3.150000
v 0.000000 -0.920684 0.150000
v 0.000000 -0.920684 0.300000
v 0.000000 -0.920684 0.450000
v 0.000000 -0.920684 0.600000
v 0.000000 -0.920684 0.750000
v 0.000000 -0.920684 0.900000
v 0.000000 -0.920684 1.050000
v 0.000000 -0.920684 1.200000
v 0.000000 -0.920684 1.350000
v 0.000000 -0.920684 1.500000
v 0.000000 -0.920684 1.650000
v 0.000000 -0.920684 1.800000
v 0.000000 -0.920684 1.950000
v 0.000000 -0.920684 2.100000
v 0.000000 -0.920684 2.250000
v 0.000000 -0.920684 2.400000
v 0.000000 -0.920684 2.550000
v 0.000000 -0.920684 2.700000
v 0.000000 -0.920684 2.850000
v 0.000000 -0.920684 3.000000
v 0.000000 -0.920684 3.150000
v 0.150000 -0.920684 0.150000
v 0.150000 -0.920684 0.300000
v 0.150000 -0.920684 0.450000
v 0.150000 -0.920684 0.600000
v 0.150000 -0.920684 0.750000
v 0.150000 -0.920684 0.900000
v 0.150000 -0.920684 1.050000
v 0.150000 -0.920684 1.200000
v 0.150000 -0.920684 1.350000
v 0.150000 -0.920684 1.500000
v 0.150000 -0.920684 1.650000
v 0.150000 -0.920684 1.800000
v 0.150000 -0.920684 1.950000
v 0.150000 -0.920684 2.100000
v 0.150000 -0.920684 2.250000
v 0.150000 -0.920684 2.400000
v 0.150000 -0.920684 2.550000
v 0.150000 -0.920684 2.700000
v 0.150000 -0.920684 2.850000
v 0.150000 -0.920684 3.000000
v 0.150000 -0.920684 3.150000
v 0.300000 -0.920684 0.150000
v 0.300000 -0.920684 0.300000
v 0.300000 -0.920684 0.450000
v 0.300000 -0.920684 0.600000
v 0.300000 -0.920684 0.750000
v 0.300000 -0.920684 0.900000
v 0.300000 -0.920684 1.050000
v 0.300000 -0.920684 1.200000
v 0.300000 -0.920684 1.350000
v 0.300000 -0.920684 1.500000
v 0.300000 -0.920684 1.650000
v 0.300000 -0.920684 1.800000
v 0.300000 -0.920684 1.950000
v 0.300000 -0.920684 2.100000
v 0.300000 -0.920684 2.250000
v 0.300000 -0.920684 2.400000
v 0.300000 -0.920684 2.550000
v 0.300000 -0.920684 2.700000
v 0.300000 -0.920684 2.850000
v 0.300000 -0.920684 3.000000
v 0.300000 -0.920684 3.150000
v 0.450000 -0.920684 0.150000
v 0.450000 -0.920684 0.300000
v 0.450000 -0.920684 0.450000
v 0.450000 -0.920684 0.600000
v 0.450000 -0.920684 0.750000
v 0.450000 -0.920684 0.900000
v 0.450000 -0.920684 1.050000
v 0.450000 -0.920684 1.200000
v 0.450000 -0.920684 1.350000
v 0.450000 -0.920684 1.500000
v 0.450000 -0.920684 1.650000
v 0.450000 -0.920684 1.800000
v 0.450000 -0.920684 1.950000
v 0.450000 -0.920684 2.100000
v 0.450000 -0.920684 2.250000
v 0.450000 -0.920684 2.400000
v 0.450000 -0.920684 2.550000
v 0.450000 -0.920684 2.700000
v 0.450000 -0.920684 2.850000
v 0.450000 -0.920684 3.000000
v 0.450000 -0.920684 3.150000
v 0.600000 -0.920684 0.150000
v 0.600000 -0.920684 0.300000
v 0.600000 -0.920684 0.450000
v 0.600000 -0.920684 0.600000
v 0.600000 -0.920684 0.750000
v 0.600000 -0.920684 0.900000
v 0.600000 -0.920684 1.050000
v 0.600000 -0.920684 1.200000
v 0.600000 -0.920684 1.350000
v 0.600000 -0.920684 1.500000
v 0.600000 -0.920684 1.650000
v 0.600000 -0.920684 1.800000
v 0.600000 -0.920684 1.950000
v 0.600000 -0.920684 2.100000
v 0.600000 -0.920684 2.250000
v 0.600000 -0.920684 2.400000
v 0.600000 -0.920684 2.550000
v 0.600000 -0.920684 2.700000
v 0.600000 -0.920684 2.850000
v 0.600000 -0.920684 3.000000
v 0.600000 -0.920684 3.150000
v 0.750000 -0.920684 0.150000
v 0.750000 -0.920684 0.300000
v 0.750000 -0.920684 0.450000
v 0.750000 -0.920684 0.600000
v 0.750000 -0.920684 0.750000
v 0.750000 -0.920684 0.900000
v 0.750000 -0.920684 1.050000
v 0.750000 -0.920684 1.200000
v 0.750000 -0.920684 1.350000
v 0.750000 -0.920684 1.500000
v 0.750000 -0.920684 1.650000
v 0.750000 -0.920684 1.800000
v 0.750000 -0.920684 1.950000
v 0.750000 -0.920684 2.100000
v 0.750000 -0.920684 2.250000
v 0.750000 -0.920684 2.400000
v 0.750000 -0.920684 2.550000
v 0.750000 -0.920684 2.700000
v 0.750000 -0.920684 2.850000
v 0.750000 -0.920684 3.000000
v 0.750000 -0.920684 3.150000
v 0.900000 -0.920684 0.150000
v 0.900000 -0.920684 0.300000
v 0.900000 -0.920684 0.450000
v 0.900000 -0.920684 0.600000
v 0.900000 -0.920684 0.750000
v 0.900000 -0.920684 0.900000
v 0.900000 -0.920684 1.050000
v 0.900000 -0.920684 1.200000
v 0.900000 -0.920684 1.350000
v 0.900000 -0.920684 1.500000
v 0.900000 -0.920684 1.650000
v 0.900000 -0.920684 1.800000
v 0.900000 -0.920684 1.950000
v 0.900000 -0.920684 2.100000
v 0.900000 -0.920684 2.250000
v 0.900000 -0.920684 2.400000
v 0.900000 -0.920684 2.550000
v 0.900000 -0.920684 2.700000
v 0.900000 -0.920684 2.850000
v 0.900000 -0.920684 3.000000
v 0.900000 -0.920684 3.150000
v 1.050000 -0.920684 0.150000
v 1.050000 -0.920684 0.300000
v 1.050000 -0.920684 0.450000
v 1.050000 -0.920684 0.600000
v 1.050000 -0.920684 0.750000
v 1.050000 -0.920684 0.900000
v 1.050000 -0.920684 1.050000
v 1.050000 -0.920684 1.200000
v 1.050000 -0.920684 1.350000
v 1.050000 -0.920684 1.500000
v 1.050000 -0.920684 1.650000
v 1.050000 -0.920684 1.800000
v 1.050000 -0.920684 1.950000
v 1.050000 -0.920684 2.100000
v 1.050000 -0.920684 2.250000
v 1.050000 -0.920684 2.400000
v 1.050000 -0.920684 2.550000
v 1.050000 -0.920684 2.700000
v 1.050000 -0.920684 2.850000
v 1.050000 -0.920684 3.000000
v 1.050000 -0.920684 3.150000
v 1.200000 -0.920684 0.150000
v 1.200000 -0.920684 0.300000
v 1.200000 -0.920684 0.450000
v 1.200000 -0.920684 0.600000
v 1.200000 -0.920684 0.750000
v 1.200000 -0.920684 0.900000
v 1.200000 -0.920684 1.050000
v 1.200000 -0.920684 1.200000
v 1.200000 -0.920684 1.350000
v 1.200000 -0.920684 1.500000
v 1.200000 -0.920684 1.650000
v 1.200000 -0.920684 1.800000
v 1.200000 -0.920684 1.950000
v 1.200000 -0.920684 2.100000
v 1.200000 -0.920684 2.250000
v 1.200000 -0.920684 2.400000
v 1.200000 -0.920684 2.550000
v 1.200000 -0.920684 2.700000
v 1.200000 -0.920684 2.850000
v 1.200000 -0.920684 3.000000
v 1.200000 -0.920684 3.150000
v 1.350000 -0.920684 0.150000
v 1.350000 -0.920684 0.300000
v 1.350000 -0.920684 0.450000
v 1.350000 -0.920684 0.600000
v 1.350000 -0.920684 0.750000
v 1.350000 -0.920684 0.900000
v 1.350000 -0.920684 1.050000
v 1.350000 -0.920684 1.200000
v 1.350000 -0.920684 1.350000
v 1.350000 -0.920684 1.500000
v 1.350000 -0.920684 1.650000
v 1.350000 -0.920684 1.800000
v 1.350000 -0.920684 1.950000
v 1.350000 -0.920684 2.100000
v 1.350000 -0.920684 2.250000
v 1.350000 -0.920684 2.400000
v 1.350000 -0.920684 2.550000
v 1.350000 -0.920684 2.700000
v 1.350000 -0.920684 2.850000
v 1.350000 -0.920684 3.000000
v 1.350000 -0.920684 3.150000
v 1.500000 -0.920684 0.150000
v 1.500000 -0.920684 0.300000
v 1.500000 -0.920684 0.450000
v 1.500000 -0.920684 0.600000
v 1.500000 -0.920684 0.750000
v 1.500000 -0.920684 0.900000
v 1.500000 -0.920684 1.050000
v 1.500000 -0.920684 1.200000
v 1.500000 -0.920684 1.350000
v 1.500000 -0.920684 1.500000
v 1.500000 -0.920684 1.650000
v 1.500000 -0.920684 1.800000
v 1.500000 -0.920684 1.950000
v 1.500000 -0.920684 2.100000
v 1.500000 -0.920684 2.250000
v 1.500000 -0.920684 2.400000
v 1.500000 -0.920684 2.550000
v 1.500000 -0.920684 2.700000
v 1.500000 -0.920684 2.850000
v 1.500000 -0.920684 3.000000
v 1.500000 -0.920684 3.150000
v 1.650000 -0.920684 0.150000
v 1.650000 -0.920684 0.300000
v 1.650000 -0.920684 0.450000
v 1.650000 -0.920684 0.600000
v 1.650000 -0.920684 0.750000
v 1.650000 -0.920684 0.900000
v 1.650000 -0.920684 1.050000
v 1.650000 -0.920684 1.200000
v 1.650000 -0.920684 1.350000
v 1.650000 -0.920684 1.500000
v 1.650000 -0.920684 1.650000
v 1.650000 -0.920684 1.800000
v 1.650000 -0.920684 1.950000
v 1.650000 -0.920684 2.100000
v 1.650000 -0.920684 2.250000
v 1.650000 -0.920684 2.400000
v 1.650000 -0.920684 2.550000
v 1.650000 -0.920684 2.700000
v 1.650000 -0.920684 2.850000
v 1.650000 -0.920684 3.000000
v 1.650000 -0.920684 3.150000
v 1.800000 -0.920684 0.150000
v 1.800000 -0.920684 0.300000
v 1.800000 -0.920684 0.450000
v 1.800000 -0.920684 0.600000
v 1.800000 -0.920684 0.750000
v 1.800000 -0.920684 0.900000
v 1.800000 -0.920684 1.050000
v 1.800000 -0.920684 1.200000
v 1.800000 -0.920684 1.350000
v 1.800000 -0.920684 1.500000
v 1.800000 -0.920684 1.650000
v 1.800000 -0.920684 2.100000
v 1.800000 -0.920684 2.250000
v 1.800000 -0.920684 2.400000
v 1.800000 -0.920684 2.550000
v 1.800000 -0.920684 2.700000
v 1.800000 -0.920684 2.850000
v 1.800000 -0.920684 3.000000
v 1.800000 -0.920684 3.150000
v 1.950000 -0.920684 0.150000
v 1.950000 -0.920684 0.300000
v 1.950000 -0.920684 0.450000
v 1.950000 -0.920684 0.600000
v 1.950000 -0.920684 0.750000
v 1.950000 -0.920684 0.900000
v 1.950000 -0.920684 1.050000
v 1.950000 -0.920684 1.200000
v 1.950000 -0.920684 1.350000
v 1.950000 -0.920684 1.500000
v 1.950000 -0.920684 1.650000
v 1.950000 -0.920684 2.100000
v 1.950000 -0.920684 2.250000
v 1.950000 -0.920684 2.400000
v 1.950000 -0.920684 2.550000
v 1.950000 -0.920684 2.700000
v 1.950000 -0.920684 2.850000
v 1.950000 -0.920684 3.000000
v 1.950000 -0.920684 3.150000
v 2.100000 -0.920684 0.150000
v 2.100000 -0.920684 0.300000
v 2.100000 -0.920684 0.450000
v 2.100000 -0.920684 0.600000
v 2.100000 -0.920684 0.750000
v 2.100000 -0.920684 0.900000
v 2.100000 -0.920684 1.050000
v 2.100000 -0.920684 1.200000
v 2.100000 -0.920684 1.350000
v 2.100000 -0.920684 1.500000
v 2.100000 -0.920684 1.650000
v 2.100000 -0.920684 2.100000
v 2.100000 -0.920684 2.250000
v 2.100000 -0.920684 2.400000
v 2.100000 -0.920684 2.550000
v 2.100000 -0.920684 2.700000
v 2.100000 -0.920684 2.850000
v 2.100000 -0.920684 3.000000
v 2.100000 -0.920684 3.150000
v 2.250000 -0.920684 0.150000
v 2.250000 -0.920684 0.300000
v 2.250000 -0.920684 0.450000
v 2.250000 -0.920684 0.600000
v 2.250000 -0.920684 0.750000
v 2.250000 -0.920684 0.900000
v 2.250000 -0.920684 1.050000
v 2.250000 -0.920684 1.200000
v 2.250000 -0.920684 1.350000
v 2.250000 -0.920684 1.500000
v 2.250000 -0.920684 1.650000
v 2.250000 -0.920684 2.100000
v 2.250000 -0.920684 2.250000
v 2.250000 -0.920684 2.400000
v 2.250000 -0.920684 2.550000
v 2.250000 -0.920684 2.700000
v 2.250000 -0.920684 2.850000
v 2.250000 -0.920684 3.000000
v 2.250000 -0.920684 3.150000
v 2.400000 -0.920684 0.150000
v 2.400000 -0.920684 0.300000
v 2.400000 -0.920684 0.450000
v 2.400000 -0.920684 0.600000
v 2.400000 -0.920684 0.750000
v 2.400000 -0.920684 0.900000
v 2.400000 -0.920684 1.050000
v 2.400000 -0.920684 1.200000
v 2.400000 -0.920684 1.350000
v 2.400000 -0.920684 1.500000
v 2.400000 -0.920684 1.650000
v 2.400000 -0.920684 2.100000
v 2.400000 -0.920684 2.250000
v 2.400000 -0.920684 2.400000
v 2.400000 -0.920684 2.550000
v 2.400000 -0.920684 2.700000
v 2.400000 -0.920684 2.850000
v 2.400000 -0.920684 3.000000
v 2.400000 -0.920684 3.150000
v 2.550000 -0.920684 0.150000
v 2.550000 -0.920684 0.300000
v 2.550000 -0.920684 0.450000
v 2.550000 -0.920684 0.600000
v 2.550000 -0.920684 0.750000
v 2.550000 -0.920684 0.900000
v 2.550000 -0.920684 1.050000
v 2.550000 -0.920684 1.200000
v 2.550000 -0.920684 1.350000
v 2.550000 -0.920684 1.500000
v 2.550000 -0.920684 1.650000
v 2.550000 -0.920684 1.800000
v 2.400000 -0.920684 1.800000
v 2.550000 -0.920684 1.950000
v 2.400000 -0.920684 1.950000
v 2.550000 -0.920684 2.100000
v 2.550000 -0.920684 2.250000
v 2.550000 -0.920684 2.400000
v 2.550000 -0.920684 2.550000
v 2.550000 -0.920684 2.700000
v 2.550000 -0.920684 2.850000
v 2.550000 -0.920684 3.000000
v 2.550000 -0.920684 3.150000
v 2.700000 -0.920684 0.150000
v 2.700000 -0.920684 0.300000
v 2.700000 -0.920684 0.450000
v 2.700000 -0.920684 0.600000
v 2.700000 -0.920684 0.750000
v 2.700000 -0.920684 0.900000
v 2.700000 -0.920684 1.050000
v 2.700000 -0.920684 1.200000
v 2.700000 -0.920684 1.350000
v 2.700000 -0.920684 1.500000
v 2.700000 -0.920684 1.650000
v 2.700000 -0.920684 1.800000
v 2.700000 -0.920684 1.950000
v 2.700000 -0.920684 2.100000
v 2.700000 -0.920684 2.250000
v 2.700000 -0.920684 2.400000
v 2.700000 -0.920684 2.550000
v 2.700000 -0.920684 2.700000
v 2.700000 -0.920684 2.850000
v 2.700000 -0.920684 3.000000
v 2.700000 -0.920684 3.150000
v 2.850000 -0.920684 0.150000
v 2.850000 -0.920684 0.300000
v 2.850000 -0.920684 0.450000
v 2.850000 -0.920684 0.600000
v 2.850000 -0.920684 0.750000
v 2.850000 -0.920684 0.900000
v 2.850000 -0.920684 1.050000
v 2.850000 -0.920684 1.200000
v 2.850000 -0.920684 1.350000
v 2.850000 -0.920684 1.500000
v 2.850000 -0.920684 1.650000
v 2.850000 -0.920684 1.800000
v 2.850000 -0.920684 1.950000
v 2.850000 -0.920684 2.100000
v 2.850000 -0.920684 2.250000
v 2.850000 -0.920684 2.400000
v 2.850000 -0.920684 2.550000
v 2.850000 -0.920684 2.700000
v 2.850000 -0.920684 2.850000
v 2.850000 -0.920684 3.000000
v 2.850000 -0.920684 3.150000
v 3.000000 -0.920684 0.150000
v 3.000000 -0.920684 0.300000
v 3.000000 -0.920684 0.450000
v 3.000000 -0.920684 0.600000
v 3.000000 -0.920684 0.750000
v 3.000000 -0.920684 0.900000
v 3.000000 -0.920684 1.050000
v 3.000000 -0.920684 1.200000
v 3.000000 -0.920684 1.350000
v 3.000000 -0.920684 1.500000
v 3.000000 -0.920684 1.650000
v 3.000000 -0.920684 1.800000
v 3.000000 -0.920684 1.950000
v 3.000000 -0.920684 2.100000
v 3.000000 -0.920684 2.250000
v 3.000000 -0.920684 2.400000
v 3.000000 -0.920684 2.550000
v 3.000000 -0.920684 2.700000
v 3.000000 -0.920684 2.850000
v 3.000000 -0.920684 3.000000
v 3.000000 -0.920684 3.150000
v 3.150000 -0.920684 0.150000
v 3.150000 -0.920684 0.300000
v 3.150000 -0.920684 0.450000
v 3.150000 -0.920684 0.600000
v 3.150000 -0.920684 0.750000
v 3.150000 -0.920684 0.900000
v 3.150000 -0.920684 1.050000
v 3.150000 -0.920684 1.200000
v 3.150000 -0.920684 1.350000
v 3.150000 -0.920684 1.500000
v 3.150000 -0.920684 1.650000
v 3.150000 -0.920684 1.800000
v 3.150000 -0.920684 1.950000
v 3.150000 -0.920684 2.100000
v 3.150000 -0.920684 2.250000
v 3.150000 -0.920684 2.400000
v 3.150000 -0.920684 2.550000
v 3.150000 -0.920684 2.700000
v 3.150000 -0.920684 2.850000
v 3.150000 -0.920684 3.000000
v 3.150000 -0.920684 3.150000
v 3.300000 -0.920684 0.150000
v 3.300000 -0.920684 0.300000
v 3.300000 -0.920684 0.450000
v 3.300000 -0.920684 0.600000
v 3.300000 -0.920684 0.750000
v 3.300000 -0.920684 0.900000
v 3.300000 -0.920684 1.050000
v 3.300000 -0.920684 1.200000
v 3.300000 -0.920684 1.350000
v 3.300000 -0.920684 1.500000
v 3.300000 -0.920684 1.650000
v 3.300000 -0.920684 1.800000
v 3.300000 -0.920684 1.950000
v 3.300000 -0.920684 2.100000
v 3.300000 -0.920684 2.250000
v 3.300000 -0.920684 2.400000
v 3.300000 -0.920684 2.550000
v 3.300000 -0.920684 2.700000
v 3.300000 -0.920684 2.850000
v 3.300000 -0.920684 3.000000
v 3.300000 -0.920684 3.150000
v 3.450000 -0.920684 0.150000
v 3.450000 -0.920684 0.300000
v 3.450000 -0.920684 0.450000
v 3.450000 -0.920684 0.600000
v 3.450000 -0.920684 0.750000
v 3.450000 -0.920684 0.900000
v 3.450000 -0.920684 1.050000
v 3.450000 -0.920684 1.200000
v 3.450000 -0.920684 1.350000
v 3.450000 -0.920684 1.500000
v 3.450000 -0.920684 1.650000
v 3.450000 -0.920684 1.800000
v 3.450000 -0.920684 1.950000
v 3.450000 -0.920684 2.100000
v 3.450000 -0.920684 2.250000
v 3.450000 -0.920684 2.400000
v 3.450000 -0.920684 2.550000
v 3.450000 -0.920684 2.700000
v 3.450000 -0.920684 2.850000
v 3.450000 -0.920684 3.000000
v 3.450000 -0.920684 3.150000
v 3.600000 -0.920684 0.150000
v 3.600000 -0.920684 0.300000
v 3.600000 -0.920684 0.450000
v 3.600000 -0.920684 0.600000
v 3.600000 -0.920684 0.750000
v 3.600000 -0.920684 0.900000
v 3.600000 -0.920684 1.050000
v 3.600000 -0.920684 1.200000
v 3.600000 -0.920684 1.350000
v 3.600000 -0.920684 1.500000
v 3.600000 -0.920684 1.650000
v 3.600000 -0.920684 1.800000
v 3.600000 -0.920684 1.950000
v 3.600000 -0.920684 2.100000
v 3.600000 -0.920684 2.250000
v 3.600000 -0.920684 2.400000
v 3.600000 -0.920684 2.550000
v 3.600000 -0.920684 2.700000
v 3.600000 -0.920684 2.850000
v 3.600000 -0.920684 3.000000
v 3.600000 -0.920684 3.150000
v 3.750000 -0.920684 0.150000
v 3.750000 -0.920684 0.300000
v 3.750000 -0.920684 0.450000
v 3.750000 -0.920684 0.600000
v 3.750000 -0.920684 0.750000
v 3.750000 -0.920684 0.900000
v 3.750000 -0.920684 1.050000
v 3.750000 -0.920684 1.200000
v 3.750000 -0.920684 1.350000
v 3.750000 -0.920684 1.500000
v 3.750000 -0.920684 1.650000
v 3.750000 -0.920684 1.800000
v 3.750000 -0.920684 1.950000
v 3.750000 -0.920684 2.100000
v 3.750000 -0.920684 2.250000
v 3.750000 -0.920684 2.400000
v 3.750000 -0.920684 2.550000
v 3.750000 -0.920684 2.700000
v 3.750000 -0.920684 2.850000
v 3.750000 -0.920684 3.000000
v 3.750000 -0.920684 3.150000
v 3.900000 -0.920684 0.150000
v 3.900000 -0.920684 0.300000
v 3.900000 -0.920684 0.450000
v 3.900000 -0.920684 0.600000
v 3.900000 -0.920684 0.750000
v 3.900000 -0.920684 0.900000
v 3.900000 -0.920684 1.050000
v 3.900000 -0.920684 1.200000
v 3.900000 -0.920684 1.350000
v 3.900000 -0.920684 1.500000
v 3.900000 -0.920684 1.650000
v 3.900000 -0.920684 1.800000
v 3.900000 -0.920684 1.950000
v 3.900000 -0.920684 2.100000
v 3.900000 -0.920684 2.250000
v 3.900000 -0.920684 2.400000
v 3.900000 -0.920684 2.550000
v 3.900000 -0.920684 2.700000
v 3.900000 -0.920684 2.850000
v 3.900000 -0.920684 3.000000
v 3.900000 -0.920684 3.150000
v 4.050000 -0.920684 0.150000
v 4.050000 -0.920684 0.300000
v 4.050000 -0.920684 0.450000
v 4.050000 -0.920684 0.600000
v 4.050000 -0.920684 0.750000
v 4.050000 -0.920684 0.900000
v 4.050000 -0.920684 1.050000
v 4.050000 -0.920684 1.200000
v 4.050000 -0.920684 1.350000
v 4.050000 -0.920684 1.500000
v 4.050000 -0.920684 1.650000
v 4.050000 -0.920684 1.800000
v 4.050000 -0.920684 1.950000
v 4.050000 -0.920684 2.100000
v 4.050000 -0.920684 2.250000
v 4.050000 -0.920684 2.400000
v 4.050000 -0.920684 2.550000
v 4.050000 -0.920684 2.700000
v 4.050000 -0.920684 2.850000
v 4.050000 -0.920684 3.000000
v 4.050000 -0.920684 3.150000
v 4.200000 -0.920684 0.150000
v 4.200000 -0.920684 0.300000
v 4.200000 -0.920684 0.450000
v 4.200000 -0.920684 0.600000
v 4.200000 -0.920684 0.750000
v 4.200000 -0.920684 0.900000
v 4.200000 -0.920684 1.050000
v 4.200000 -0.920684 1.200000
v 4.200000 -0.920684 1.350000
v 4.200000 -0.920684 1.500000
v 4.200000 -0.920684 1.650000
v 4.200000 -0.920684 1.800000
v 4.200000 -0.920684 1.950000
v 4.200000 -0.920684 2.100000
v 4.200000 -0.920684 2.250000
v 4.200000 -0.920684 2.400000
v 4.200000 -0.920684 2.550000
v 4.200000 -0.920684 2.700000
v 4.200000 -0.920684 2.850000
v 4.200000 -0.920684 3.000000
v 4.200000 -0.920684 3.150000
v 4.350000 -0.920684 0.150000
v 4.350000 -0.920684 0.300000
v 4.350000 -0.920684 0.450000
v 4.350000 -0.920684 0.600000
v 4.350000 -0.920684 0.750000
v 4.350000 -0.920684 0.900000
v 4.350000 -0.920684 1.050000
v 4.350000 -0.920684 1.200000
v 4.350000 -0.920684 1.350000
v 4.350000 -0.920684 1.500000
v 4.350000 -0.920684 1.650000
v 4.350000 -0.920684 1.800000
v 4.350000 -0.920684 1.950000
v 4.350000 -0.920684 2.100000
v 4.350000 -0.920684 2.250000
v 4.350000 -0.920684 2.400000
v 4.350000 -0.920684 2.550000
v 4.350000 -0.920684 2.700000
v 4.350000 -0.920684 2.850000
v 4.350000 -0.920684 3.000000
v 4.350000 -0.920684 3.150000
v 4.500000 -0.920684 0.150000
v 4.500000 -0.920684 0.300000
v 4.500000 -0.920684 0.450000
v 4.500000 -0.920684 0.600000
v 4.500000 -0.920684 0.750000
v 4.500000 -0.920684 0.900000
v 4.500000 -0.920684 1.050000
v 4.500000 -0.920684 1.200000
v 4.500000 -0.920684 1.350000
v 4.500000 -0.920684 1.500000
v 4.500000 -0.920684 1.650000
v 4.500000 -0.920684 1.800000
v 4.500000 -0.920684 1.950000
v 4.500000 -0.920684 2.100000
v 4.500000 -0.920684 2.250000
v 4.500000 -0.920684 2.400000
v 4.500000 -0.920684 2.550000
v 4.500000 -0.920684 2.700000
v 4.500000 -0.920684 2.850000
v 4.500000 -0.920684 3.000000
v 4.500000 -0.920684 3.150000
v 4.650000 -0.920684 0.150000
v 4.650000 -0.920684 0.300000
v 4.650000 -0.920684 0.450000
v 4.650000 -0.920684 0.600000
v 4.650000 -0.920684 0.750000
v 4.650000 -0.920684 0.900000
v 4.650000 -0.920684 1.050000
v 4.650000 -0.920684 1.200000
v 4.650000 -0.920684 1.350000
v 4.650000 -0.920684 1.500000
v 4.650000 -0.920684 1.650000
v 4.650000 -0.920684 1.800000
v 4.650000 -0.920684 1.950000
v 4.650000 -0.920684 2.100000
v 4.650000 -0.920684 2.250000
v 4.650000 -0.920684 2.400000
v 4.650000 -0.920684 2.550000
v 4.650000 -0.920684 2.700000
v 4.650000 -0.920684 2.850000
v 4.650000 -0.920684 3.000000
v 4.650000 -0.920684 3.150000
v 4.800000 -0.920684 0.150000
v 4.800000 -0.920684 0.300000
v 4.800000 -0.920684 0.450000
v 4.800000 -0.920684 0.600000
v 4.800000 -0.920684 0.750000
v 4.800000 -0.920684 0.900000
v 4.800000 -0.920684 1.050000
v 4.800000 -0.920684 1.200000
v 4.800000 -0.920684 1.350000
v 4.800000 -0.920684 1.500000
v 4.800000 -0.920684 1.650000
v 4.800000 -0.920684 1.800000
v 4.800000 -0.920684 1.950000
v 4.800000 -0.920684 2.100000
v 4.800000 -0.920684 2.250000
v 4.800000 -0.920684 2.400000
v 4.800000 -0.920684 2.550000
v 4.800000 -0.920684 2.700000
v 4.800000 -0.920684 2.850000
v 4.800000 -0.920684 3.000000
v 4.800000 -0.920684 3.150000
v 4.950000 -0.920684 0.150000
v 4.950000 -0.920684 0.300000
v 4.950000 -0.920684 0.450000
v 4.950000 -0.920684 0.600000
v 4.950000 -0.920684 0.750000
v 4.950000 -0.920684 0.900000
v 4.950000 -0.920684 1.050000
v 4.950000 -0.920684 1.200000
v 4.950000 -0.920684 1.350000
v 4.950000 -0.920684 1.500000
v 4.950000 -0.920684 1.650000
v 4.950000 -0.920684 1.800000
v 4.950000 -0.920684 1.950000
v 4.950000 -0.920684 2.100000
v 4.950000 -0.920684 2.250000
v 4.950000 -0.920684 2.400000
v 4.950000 -0.920684 2.550000
v 4.950000 -0.920684 2.700000
v 4.950000 -0.920684 2.850000
v 4.950000 -0.920684 3.000000
v 4.950000 -0.920684 3.150000
v 5.100000 -0.920684 0.150000
v 5.100000 -0.920684 0.300000
v 5.100000 -0.920684 0.450000
v 5.100000 -0.920684 0.600000
v 5.100000 -0.920684 0.750000
v 5.100000 -0.920684 0.900000
v 5.100000 -0.920684 1.050000
v 5.100000 -0.920684 1.200000
v 5.100000 -0.920684 1.350000
v 5.100000 -0.920684 1.500000
v 5.100000 -0.920684 1.650000
v 5.100000 -0.920684 1.800000
v 5.100000 -0.920684 1.950000
v 5.100000 -0.920684 2.100000
v 5.100000 -0.920684 2.250000
v 5.100000 -0.920684 2.400000
v 5.100000 -0.920684 2.550000
v 5.100000 -0.920684 2.700000
v 5.100000 -0.920684 2.850000
v 5.100000 -0.920684 3.000000
v 5.100000 -0.920684 3.150000
v 5.250000 -0.920684 0.150000
v 5.250000 -0.920684 0.300000
v 5.250000 -0.920684 0.450000
v 5.250000 -0.920684 0.600000
v 5.250000 -0.920684 0.750000
v 5.250000 -0.920684 0.900000
v 5.250000 -0.920684 1.050000
v 5.250000 -0.920684 1.200000
v 5.250000 -0.920684 1.350000
v 5.250000 -0.920684 1.500000
v 5.250000 -0.920684 1.650000
v 5.250000 -0.920684 1.800000
v 5.250000 -0.920684 1.950000
v 5.250000 -0.920684 2.100000
v 5.250000 -0.920684 2.250000
v 5.250000 -0.920684 2.400000
v 5.250000 -0.920684 2.550000
v 5.250000 -0.920684 2.700000
v 5.250000 -0.920684 2.850000
v 5.250000 -0.920684 3.000000
v 5.250000 -0.920684 3.150000
v 5.400000 -0.920684 0.150000
v 5.400000 -0.920684 0.300000
v 5.400000 -0.920684 0.450000
v 5.400000 -0.920684 0.600000
v 5.400000 -0.920684 0.750000
v 5.400000 -0.920684 0.900000
v 5.400000 -0.920684 1.050000
v 5.400000 -0.920684 1.200000
v 5.400000 -0.920684 1.350000
v 5.400000 -0.920684 1.500000
v 5.400000 -0.920684 1.650000
v 5.400000 -0.920684 1.800000
v 5.400000 -0.920684 1.950000
v 5.400000 -0.920684 2.100000
v 5.400000 -0.920684 2.250000
v 5.400000 -0.920684 2.400000
v 5.400000 -0.920684 2.550000
v 5.400000 -0.920684 2.700000
v 5.400000 -0.920684 2.850000
v 5.400000 -0.920684 3.000000
v 5.400000 -0.920684 3.150000
v 5.550000 -0.920684 0.150000
v 5.550000 -0.920684 0.300000
v 5.550000 -0.920684 0.450000
v 5.550000 -0.920684 0.600000
v 5.550000 -0.920684 0.750000
v 5.550000 -0.920684 0.900000
v 5.550000 -0.920684 1.050000
v 5.550000 -0.920684 1.200000
v 5.550000 -0.920684 1.350000
v 5.550000 -0.920684 1.500000
v 5.550000 -0.920684 1.650000
v 5.550000 -0.920684 1.800000
v 5.550000 -0.920684 1.950000
v 5.550000 -0.920684 2.100000
v 5.550000 -0.920684 2.250000
v 5.550000 -0.920684 2.400000
v 5.550000 -0.920684 2.550000
v 5.550000 -0.920684 2.700000
v 5.550000 -0.920684 2.850000
v 5.550000 -0.920684 3.000000
v 5.550000 -0.920684 3.150000
v 5.700000 -0.920684 0.150000
v 5.700000 -0.920684 0.300000
v 5.700000 -0.920684 0.450000
v 5.700000 -0.920684 0.600000
v 5.700000 -0.920684 0.750000
v 5.700000 -0.920684 0.900000
v 5.700000 -0.920684 1.050000
v 5.700000 -0.920684 1.200000
v 5.700000 -0.920684 1.350000
v 5.700000 -0.920684 1.500000
v 5.700000 -0.920684 1.650000
v 5.700000 -0.920684 1.800000
v 5.700000 -0.920684 1.950000
v 5.700000 -0.920684 2.100000
v 5.700000 -0.920684 2.250000
v 5.700000 -0.920684 2.400000
v 5.700000 -0.920684 2.550000
v 5.700000 -0.920684 2.700000
v 5.700000 -0.920684 2.850000
v 5.700000 -0.920684 3.000000
v 5.700000 -0.920684 3.150000
v 5.850000 -0.920684 0.150000
v 5.850000 -0.920684 0.300000
v 5.850000 -0.920684 0.450000
v 5.850000 -0.920684 0.600000
v 5.850000 -0.920684 0.750000
v 5.850000 -0.920684 0.900000
v 5.850000 -0.920684 1.050000
v 5.850000 -0.920684 1.200000
v 5.850000 -0.920684 1.350000
v 5.850000 -0.920684 1.500000
v 5.850000 -0.920684 1.650000
v 5.850000 -0.920684 1.800000
v 5.850000 -0.920684 1.950000
v 5.850000 -0.920684 2.100000
v 5.850000 -0.920684 2.250000
v 5.850000 -0.920684 2.400000
v 5.850000 -0.920684 2.550000
v 5.850000 -0.920684 2.700000
v 5.850000 -0.920684 2.850000
v 5.850000 -0.920684 3.000000
v 5.850000 -0.920684 3.150000
v 6.000000 -0.920684 0.150000
v 6.000000 -0.920684 0.300000
v 6.000000 -0.920684 0.450000
v 6.000000 -0.920684 0.600000
v 6.000000 -0.920684 0.750000
v 6.000000 -0.920684 0.900000
v 6.000000 -0.920684 1.050000
v 6.000000 -0.920684 1.200000
v 6.000000 -0.920684 1.350000
v 6.000000 -0.920684 1.500000
v 6.000000 -0.920684 1.650000
v 6.000000 -0.920684 1.800000
v 6.000000 -0.920684 1.950000
v 6.000000 -0.920684 2.100000
v 6.000000 -0.920684 2.250000
v 6.000000 -0.920684 2.400000
v 6.000000 -0.920684 2.550000
v 6.000000 -0.920684 2.700000
v 6.000000 -0.920684 2.850000
v 6.000000 -0.920684 3.000000
v 6.000000 -0.920684 3.150000
v -6.000000 1.081106 0.150000
v -5.850000 1.081106 0.150000
v -5.850000 1.081106 0.300000
v -6.000000 1.081106 0.300000
v -5.850000 1.081106 0.450000
v -6.000000 1.081106 0.450000
v -5.850000 1.081106 0.600000
v -6.000000 1.081106 0.600000
v -5.850000 1.081106 0.750000
v -6.000000 1.081106 0.750000
v -5.850000 1.081106 0.900000
v -6.000000 1.081106 0.900000
v -5.850000 1.081106 1.050000
v -6.000000 1.081106 1.050000
v -5.850000 1.081106 1.200000
v -6.000000 1.081106 1.200000
v -5.850000 1.081106 1.350000
v -6.000000 1.081106 1.350000
v -5.850000 1.081106 1.500000
v -6.000000 1.081106 1.500000
v -5.850000 1.081106 1.650000
v -6.000000 1.081106 1.650000
v -5.850000 1.081106 1.800000
v -6.000000 1.081106 1.800000
v -5.850000 1.081106 1.950000
v -6.000000 1.081106 1.950000
v -5.850000 1.081106 2.100000
v -6.000000 1.081106 2.100000
v -5.850000 1.081106 2.250000
v -6.000000 1.081106 2.250000
v -5.850000 1.081106 2.400000
v -6.000000 1.081106 2.400000
v -5.850000 1.081106 2.550000
v -6.000000 1.081106 2.550000
v -5.850000 1.081106 2.700000
v -6.000000 1.081106 2.700000
v -5.850000 1.081106 2.850000
v -6.000000 1.081106 2.850000
v -5.850000 1.081106 3.000000
v -6.000000 1.081106 3.000000
v -5.850000 1.081106 3.150000
v -6.000000 1.081106 3.150000
v -5.700000 1.081106 0.150000
v -5.700000 1.081106 0.300000
v -5.700000 1.081106 0.450000
v -5.700000 1.081106 0.600000
v -5.700000 1.081106 0.750000
v -5.700000 1.081106 0.900000
v -5.700000 1.081106 1.050000
v -5.700000 1.081106 1.200000
v -5.700000 1.081106 1.350000
v -5.700000 1.081106 1.500000
v -5.700000 1.081106 1.650000
v -5.700000 1.081106 1.800000
v -5.700000 1.081106 1.950000
v -5.700000 1.081106 2.100000
v -5.700000 1.081106 2.250000
v -5.700000 1.081106 2.400000
v -5.700000 1.081106 2.550000
v -5.700000 1.081106 2.700000
v -5.700000 1.081106 2.850000
v -5.700000 1.081106 3.000000
v -5.700000 1.081106 3.150000
v -5.550000 1.081106 0.150000
v -5.550000 1.081106 0.300000
v -5.550000 1.081106 0.450000
v -5.550000 1.081106 0.600000
v -5.550000 1.081106 0.750000
v -5.550000 1.081106 0.900000
v -5.550000 1.081106 1.050000
v -5.550000 1.081106 1.200000
v -5.550000 1.081106 1.350000
v -5.550000 1.081106 1.500000
v -5.550000 1.081106 1.650000
v -5.550000 1.081106 1.800000
v -5.550000 1.081106 1.950000
v -5.550000 1.081106 2.100000
v -5.550000 1.081106 2.250000
v -5.550000 1.081106 2.400000
v -5.550000 1.081106 2.550000
v -5.550000 1.081106 2.700000
v -5.550000 1.081106 2.850000
v -5.550000 1.081106 3.000000
v -5.550000 1.081106 3.150000
v -5.400000 1.081106 0.150000
v -5.400000 1.081106 0.300000
v -5.400000 1.081106 0.450000
v -5.400000 1.081106 0.600000
v -5.400000 1.081106 0.750000
v -5.400000 1.081106 0.900000
v -5.400000 1.081106 1.050000
v -5.400000 1.081106 1.200000
v -5.400000 1.081106 1.350000
v -5.400000 1.081106 1.500000
v -5.400000 1.081106 1.650000
v -5.400000 1.081106 1.800000
v -5.400000 1.081106 1.950000
v -5.400000 1.081106 2.100000
v -5.400000 1.081106 2.250000
v -5.400000 1.081106 2.400000
v -5.400000 1.081106 2.550000
v -5.400000 1.081106 2.700000
v -5.400000 1.081106 2.850000
v -5.400000 1.081106 3.000000
v -5.400000 1.081106 3.150000
v -5.250000 1.081106 0.150000
v -5.250000 1.081106 0.300000
v -5.250000 1.081106 0.450000
v -5.250000 1.081106 0.600000
v -5.250000 1.081106 0.750000
v -5.250000 1.081106 0.900000
v -5.250000 1.081106 1.050000
v -5.250000 1.081106 1.200000
v -5.250000 1.081106 1.350000
v -5.250000 1.081106 1.500000
v -5.250000 1.081106 1.650000
v -5.250000 1.081106 1.800000
v -5.250000 1.081106 1.950000
v -5.250000 1.081106 2.100000
v -5.250000 1.081106 2.250000
v -5.250000 1.081106 2.400000
v -5.250000 1.081106 2.550000
v -5.250000 1.081106 2.700000
v -5.250000 1.081106 2.850000
v -5.100000 1.081106 0.150000
v -5.100000 1.081106 0.300000
v -5.100000 1.081106 0.450000
v -5.100000 1.081106 0.600000
v -5.100000 1.081106 0.750000
v -5.100000 1.081106 0.900000
v -5.100000 1.081106 1.050000
v -5.100000 1.081106 1.200000
v -5.100000 1.081106 1.350000
v -5.100000 1.081106 1.500000
v -5.100000 1.081106 1.650000
v -5.100000 1.081106 2.550000
v -5.100000 1.081106 2.700000
v -5.100000 1.081106 2.850000
v -4.950000 1.081106 0.150000
v -4.950000 1.081106 0.300000
v -4.950000 1.081106 0.450000
v -4.950000 1.081106 0.600000
v -4.950000 1.081106 0.750000
v -4.950000 1.081106 0.900000
v -4.950000 1.081106 1.050000
v -4.950000 1.081106 1.200000
v -4.950000 1.081106 1.350000
v -4.950000 1.081106 1.500000
v -4.950000 1.081106 1.650000
v -4.800000 1.081106 0.150000
v -4.800000 1.081106 0.300000
v -4.800000 1.081106 0.450000
v -4.800000 1.081106 0.600000
v -4.800000 1.081106 0.750000
v -4.800000 1.081106 0.900000
v -4.800000 1.081106 1.050000
v -4.800000 1.081106 1.200000
v -4.800000 1.081106 1.350000
v -4.800000 1.081106 1.500000
v -4.800000 1.081106 1.650000
v -4.800000 1.081106 1.800000
v -4.950000 1.081106 1.800000
v -4.800000 1.081106 1.950000
v -4.950000 1.081106 1.950000
v -4.800000 1.081106 2.100000
v -4.950000 1.081106 2.100000
v -4.800000 1.081106 2.250000
v -4.950000 1.081106 2.250000
v -4.650000 1.081106 0.150000
v -4.650000 1.081106 0.300000
v -4.650000 1.081106 0.450000
v -4.650000 1.081106 0.750000
v -4.650000 1.081106 0.900000
v -4.650000 1.081106 1.050000
v -4.650000 1.081106 1.200000
v -4.650000 1.081106 1.350000
v -4.650000 1.081106 1.500000
v -4.650000 1.081106 1.650000
v -3.300000 1.081106 0.150000
v -3.150000 1.081106 0.150000
v -3.150000 1.081106 0.300000
v -3.300000 1.081106 0.300000
v -3.150000 1.081106 0.450000
v -3.300000 1.081106 0.450000
v -3.150000 1.081106 0.600000
v -3.300000 1.081106 0.600000
v -3.150000 1.081106 0.750000
v -3.300000 1.081106 0.750000
v -3.150000 1.081106 0.900000
v -3.300000 1.081106 0.900000
v -3.150000 1.081106 1.050000
v -3.300000 1.081106 1.050000
v -3.150000 1.081106 1.200000
v -3.300000 1.081106 1.200000
v -3.150000 1.081106 1.350000
v -3.300000 1.081106 1.350000
v -3.150000 1.081106 1.500000
v -3.300000 1.081106 1.500000
v -3.150000 1.081106 1.650000
v -3.300000 1.081106 1.650000
v -3.150000 1.081106 1.800000
v -3.300000 1.081106 1.800000
v -3.150000 1.081106 1.950000
v -3.300000 1.081106 1.950000
v -3.150000 1.081106 2.100000
v -3.300000 1.081106 2.100000
v -3.150000 1.081106 2.250000
v -3.300000 1.081106 2.250000
v -3.150000 1.081106 2.400000
v -3.300000 1.081106 2.400000
v -3.000000 1.081106 0.150000
v -3.000000 1.081106 0.300000
v -3.000000 1.081106 0.450000
v -3.000000 1.081106 0.600000
v -3.000000 1.081106 0.750000
v -3.000000 1.081106 0.900000
v -3.000000 1.081106 1.050000
v -3.000000 1.081106 1.200000
v -3.000000 1.081106 1.350000
v -3.000000 1.081106 1.500000
v -3.000000 1.081106 1.650000
v -3.000000 1.081106 1.800000
v -3.000000 1.081106 1.950000
v -3.000000 1.081106 2.100000
v -3.000000 1.081106 2.250000
v -3.000000 1.081106 2.400000
v -3.000000 1.081106 2.550000
v -3.150000 1.081106 2.550000
v -2.850000 1.081106 0.150000
v -2.850000 1.081106 0.300000
v -2.850000 1.081106 0.450000
v -2.850000 1.081106 0.600000
v -2.850000 1.081106 0.750000
v -2.850000 1.081106 0.900000
v -2.850000 1.081106 1.050000
v -2.850000 1.081106 1.200000
v -2.850000 1.081106 1.350000
v -2.850000 1.081106 1.500000
v -2.850000 1.081106 1.650000
v -2.850000 1.081106 1.800000
v -2.850000 1.081106 1.950000
v -2.850000 1.081106 2.100000
v -2.850000 1.081106 2.250000
v -2.850000 1.081106 2.400000
v -2.850000 1.081106 2.550000
v -2.700000 1.081106 0.150000
v -2.700000 1.081106 0.300000
v -2.700000 1.081106 0.450000
v -2.700000 1.081106 0.600000
v -2.700000 1.081106 0.750000
v -2.700000 1.081106 0.900000
v -2.700000 1.081106 1.050000
v -2.700000 1.081106 1.200000
v -2.700000 1.081106 1.350000
v -2.700000 1.081106 1.500000
v -2.700000 1.081106 1.650000
v -2.700000 1.081106 1.800000
v -2.700000 1.081106 1.950000
v -2.700000 1.081106 2.100000
v -2.700000 1.081106 2.250000
v -2.700000 1.081106 2.400000
v -2.700000 1.081106 2.550000
v -2.700000 1.081106 2.700000
v -2.850000 1.081106 2.700000
v -2.550000 1.081106 0.150000
v -2.550000 1.081106 0.300000
v -2.550000 1.081106 0.450000
v -2.550000 1.081106 0.600000
v -2.550000 1.081106 0.750000
v -2.550000 1.081106 0.900000
v -2.550000 1.081106 1.050000
v -2.550000 1.081106 1.200000
v -2.550000 1.081106 1.350000
v -2.550000 1.081106 1.500000
v -2.550000 1.081106 1.650000
v -2.550000 1.081106 1.800000
v -2.550000 1.081106 1.950000
v -2.550000 1.081106 2.100000
v -2.550000 1.081106 2.250000
v -2.550000 1.081106 2.400000
v -2.550000 1.081106 2.550000
v -2.550000 1.081106 2.700000
v -2.550000 1.081106 2.850000
v -2.700000 1.081106 2.850000
v -2.550000 1.081106 3.000000
v -2.700000 1.081106 3.000000
v -2.400000 1.081106 0.150000
v -2.400000 1.081106 0.300000
v -2.400000 1.081106 0.450000
v -2.400000 1.081106 0.600000
v -2.400000 1.081106 0.750000
v -2.400000 1.081106 0.900000
v -2.400000 1.081106 1.050000
v -2.400000 1.081106 1.200000
v -2.400000 1.081106 1.350000
v -2.400000 1.081106 1.500000
v -2.400000 1.081106 1.650000
v -2.400000 1.081106 1.800000
v -2.400000 1.081106 1.950000
v -2.400000 1.081106 2.100000
v -2.400000 1.081106 2.250000
v -2.400000 1.081106 2.400000
v -2.400000 1.081106 2.550000
v -2.400000 1.081106 2.700000
v -2.400000 1.081106 2.850000
v -2.400000 1.081106 3.000000
v -2.250000 1.081106 0.150000
v -2.250000 1.081106 0.300000
v -2.250000 1.081106 0.450000
v -2.250000 1.081106 0.600000
v -2.250000 1.081106 0.750000
v -2.250000 1.081106 0.900000
v -2.250000 1.081106 1.050000
v -2.250000 1.081106 1.200000
v -2.250000 1.081106 1.350000
v -2.250000 1.081106 1.500000
v -2.250000 1.081106 1.650000
v -2.250000 1.081106 1.800000
v -2.250000 1.081106 1.950000
v -2.250000 1.081106 2.100000
v -2.250000 1.081106 2.250000
v -2.250000 1.081106 2.400000
v -2.250000 1.081106 2.550000
v -2.250000 1.081106 2.700000
v -2.250000 1.081106 2.850000
v -2.250000 1.081106 3.000000
v -2.250000 1.081106 3.150000
v -2.400000 1.081106 3.150000
v -2.100000 1.081106 0.150000
v -2.100000 1.081106 0.300000
v -2.100000 1.081106 0.450000
v -2.100000 1.081106 0.600000
v -2.100000 1.081106 0.750000
v -2.100000 1.081106 0.900000
v -2.100000 1.081106 1.050000
v -2.100000 1.081106 1.200000
v -2.100000 1.081106 1.350000
v -2.100000 1.081106 1.500000
v -2.100000 1.081106 1.650000
v -2.100000 1.081106 1.800000
v -2.100000 1.081106 1.950000
v -2.100000 1.081106 2.100000
v -2.100000 1.081106 2.250000
v -2.100000 1.081106 2.400000
v -2.100000 1.081106 2.550000
v -2.100000 1.081106 2.700000
v -2.100000 1.081106 2.850000
v -2.100000 1.081106 3.000000
v -2.100000 1.081106 3.150000
v -1.950000 1.081106 0.150000
v -1.950000 1.081106 0.300000
v -1.950000 1.081106 0.450000
v -1.950000 1.081106 0.600000
v -1.950000 1.081106 0.750000
v -1.950000 1.081106 0.900000
v -1.950000 1.081106 1.050000
v -1.950000 1.081106 1.200000
v -1.950000 1.081106 1.350000
v -1.950000 1.081106 1.500000
v -1.950000 1.081106 1.650000
v -1.950000 1.081106 1.800000
v -1.950000 1.081106 1.950000
v -1.950000 1.081106 2.100000
v -1.950000 1.081106 2.250000
v -1.950000 1.081106 2.400000
v -1.950000 1.081106 2.550000
v -1.950000 1.081106 2.700000
v -1.950000 1.081106 2.850000
v -1.950000 1.081106 3.000000
v -1.800000 1.081106 0.150000
v -1.800000 1.081106 0.300000
v -1.800000 1.081106 0.450000
v -1.800000 1.081106 0.600000
v -1.800000 1.081106 0.750000
v -1.800000 1.081106 0.900000
v -1.800000 1.081106 1.050000
v -1.800000 1.081106 1.200000
v -1.800000 1.081106 1.350000
v -1.800000 1.081106 1.500000
v -1.800000 1.081106 1.650000
v -1.800000 1.081106 1.800000
v -1.650000 1.081106 0.150000
v -1.650000 1.081106 0.300000
v -1.650000 1.081106 0.450000
v -1.650000 1.081106 0.600000
v -1.650000 1.081106 0.750000
v -1.650000 1.081106 0.900000
v -1.650000 1.081106 1.050000
v -1.650000 1.081106 1.200000
v -1.650000 1.081106 1.350000
v -1.650000 1.081106 1.500000
v -1.650000 1.081106 1.650000
v -1.650000 1.081106 1.800000
v -1.800000 1.081106 2.700000
v -1.650000 1.081106 2.700000
v -1.650000 1.081106 2.850000
v -1.800000 1.081106 2.850000
v -1.650000 1.081106 3.000000
v -1.800000 1.081106 3.000000
v -1.650000 1.081106 3.150000
v -1.800000 1.081106 3.150000
v -1.500000 1.081106 0.150000
v -1.500000 1.081106 0.300000
v -1.500000 1.081106 0.450000
v -1.500000 1.081106 0.600000
v -1.500000 1.081106 0.750000
v -1.500000 1.081106 0.900000
v -1.500000 1.081106 1.050000
v -1.500000 1.081106 1.200000
v -1.500000 1.081106 1.350000
v -1.500000 1.081106 1.500000
v -1.500000 1.081106 1.650000
v -1.500000 1.081106 1.800000
v -1.650000 1.081106 1.950000
v -1.500000 1.081106 1.950000
v -1.500000 1.081106 2.100000
v -1.650000 1.081106 2.100000
v -1.500000 1.081106 2.250000
v -1.650000 1.081106 2.250000
v -1.500000 1.081106 2.400000
v -1.650000 1.081106 2.400000
v -1.500000 1.081106 2.550000
v -1.650000 1.081106 2.550000
v -1.500000 1.081106 2.700000
v -1.500000 1.081106 2.850000
v -1.500000 1.081106 3.000000
v -1.500000 1.081106 3.150000
v -1.350000 1.081106 0.150000
v -1.350000 1.081106 0.300000
v -1.350000 1.081106 0.450000
v -1.350000 1.081106 0.600000
v -1.350000 1.081106 0.750000
v -1.350000 1.081106 0.900000
v -1.350000 1.081106 1.050000
v -1.350000 1.081106 1.200000
v -1.350000 1.081106 1.350000
v -1.350000 1.081106 1.500000
v -1.350000 1.081106 1.650000
v -1.350000 1.081106 1.800000
v -1.350000 1.081106 1.950000
v -1.350000 1.081106 2.100000
v -1.350000 1.081106 2.250000
v -1.350000 1.081106 2.400000
v -1.350000 1.081106 2.550000
v -1.350000 1.081106 2.700000
v -1.350000 1.081106 2.850000
v -1.350000 1.081106 3.000000
v -1.350000 1.081106 3.150000
v -1.200000 1.081106 0.150000
v -1.200000 1.081106 0.300000
v -1.200000 1.081106 0.450000
v -1.200000 1.081106 0.600000
v -1.200000 1.081106 0.750000
v -1.200000 1.081106 0.900000
v -1.200000 1.081106 1.050000
v -1.200000 1.081106 1.200000
v -1.200000 1.081106 1.350000
v -1.200000 1.081106 1.500000
v -1.200000 1.081106 1.650000
v -1.200000 1.081106 1.800000
v -1.200000 1.081106 1.950000
v -1.200000 1.081106 2.100000
v -1.200000 1.081106 2.250000
v -1.200000 1.081106 2.400000
v -1.200000 1.081106 2.550000
v -1.200000 1.081106 2.700000
v -1.200000 1.081106 2.850000
v -1.200000 1.081106 3.000000
v -1.200000 1.081106 3.150000
v -1.050000 1.081106 0.150000
v -1.050000 1.081106 0.300000
v -1.050000 1.081106 0.450000
v -1.050000 1.081106 0.600000
v -1.050000 1.081106 0.750000
v -1.050000 1.081106 0.900000
v -1.050000 1.081106 1.050000
v -1.050000 1.081106 1.200000
v -1.050000 1.081106 1.350000
v -1.050000 1.081106 1.500000
v -1.050000 1.081106 1.650000
v -1.050000 1.081106 1.800000
v -1.050000 1.081106 1.950000
v -1.050000 1.081106 2.100000
v -1.050000 1.081106 2.250000
v -1.050000 1.081106 2.400000
v -1.050000 1.081106 2.550000
v -1.050000 1.081106 2.700000
v -1.050000 1.081106 2.850000
v -1.050000 1.081106 3.000000
v -1.050000 1.081106 3.150000
v -0.900000 1.081106 0.150000
v -0.900000 1.081106 0.300000
v -0.900000 1.081106 0.450000
v -0.900000 1.081106 0.600000
v -0.900000 1.081106 0.750000
v -0.900000 1.081106 0.900000
v -0.900000 1.081106 1.050000
v -0.900000 1.081106 1.200000
v -0.900000 1.081106 1.350000
v -0.900000 1.081106 1.500000
v -0.900000 1.081106 1.650000
v -0.900000 1.081106 1.800000
v -0.900000 1.081106 1.950000
v -0.900000 1.081106 2.100000
v -0.900000 1.081106 2.250000
v -0.900000 1.081106 2.400000
v -0.900000 1.081106 2.550000
v -0.900000 1.081106 2.700000
v -0.900000 1.081106 2.850000
v -0.900000 1.081106 3.000000
v -0.900000 1.081106 3.150000
v -0.750000 1.081106 0.150000
v -0.750000 1.081106 0.300000
v -0.750000 1.081106 0.450000
v -0.750000 1.081106 0.600000
v -0.750000 1.081106 0.750000
v -0.750000 1.081106 0.900000
v -0.750000 1.081106 1.050000
v -0.750000 1.081106 1.200000
v -0.750000 1.081106 1.350000
v -0.750000 1.081106 1.500000
v -0.750000 1.081106 1.650000
v -0.750000 1.081106 1.800000
v -0.750000 1.081106 1.950000
v -0.750000 1.081106 2.100000
v -0.750000 1.081106 2.250000
v -0.750000 1.081106 2.400000
v -0.750000 1.081106 2.550000
v -0.750000 1.081106 2.700000
v -0.750000 1.081106 2.850000
v -0.750000 1.081106 3.000000
v -0.750000 1.081106 3.150000
v -0.600000 1.081106 2.250000
v -0.600000 1.081106 2.400000
v -0.600000 1.081106 2.550000
v -0.600000 1.081106 2.700000
v -0.600000 1.081106 2.850000
v -0.600000 1.081106 3.000000
v -0.600000 1.081106 3.150000
v -0.450000 1.081106 2.250000
v -0.450000 1.081106 2.400000
v -0.450000 1.081106 2.550000
v -0.450000 1.081106 2.700000
v -0.450000 1.081106 2.850000
v -0.450000 1.081106 3.000000
v -0.450000 1.081106 3.150000
v -0.300000 1.081106 2.250000
v -0.300000 1.081106 2.400000
v -0.300000 1.081106 2.550000
v -0.300000 1.081106 2.700000
v -0.300000 1.081106 2.850000
v -0.300000 1.081106 3.000000
v -0.300000 1.081106 3.150000
v -0.150000 1.081106 2.250000
v -0.150000 1.081106 2.400000
v -0.150000 1.081106 2.550000
v -0.150000 1.081106 2.700000
v -0.150000 1.081106 2.850000
v -0.150000 1.081106 3.000000
v -0.150000 1.081106 3.150000
v 0.000000 1.081106 2.250000
v 0.000000 1.081106 2.400000
v 0.000000 1.081106 2.550000
v 0.000000 1.081106 2.700000
v 0.000000 1.081106 2.850000
v 0.000000 1.081106 3.000000
v 0.000000 1.081106 3.150000
v 0.150000 1.081106 2.250000
v 0.150000 1.081106 2.400000
v 0.150000 1.081106 2.550000
v 0.150000 1.081106 2.700000
v 0.150000 1.081106 2.850000
v 0.150000 1.081106 3.000000
v 0.150000 1.081106 3.150000
v 0.300000 1.081106 2.250000
v 0.300000 1.081106 2.400000
v 0.300000 1.081106 2.550000
v 0.300000 1.081106 2.700000
v 0.300000 1.081106 2.850000
v 0.300000 1.081106 3.000000
v 0.300000 1.081106 3.150000
v 0.450000 1.081106 2.250000
v 0.450000 1.081106 2.400000
v 0.450000 1.081106 2.550000
v 0.450000 1.081106 2.700000
v 0.450000 1.081106 2.850000
v 0.450000 1.081106 3.000000
v 0.450000 1.081106 3.150000
v 0.600000 1.081106 2.250000
v 0.600000 1.081106 2.400000
v 0.600000 1.081106 2.550000
v 0.600000 1.081106 2.700000
v 0.600000 1.081106 2.850000
v 0.600000 1.081106 3.000000
v 0.600000 1.081106 3.150000
v 0.750000 1.081106 2.250000
v 0.750000 1.081106 2.400000
v 0.750000 1.081106 2.550000
v 0.750000 1.081106 2.700000
v 0.750000 1.081106 2.850000
v 0.750000 1.081106 3.000000
v 0.750000 1.081106 3.150000
v 0.750000 1.081106 0.150000
v 0.900000 1.081106 0.150000
v 0.900000 1.081106 0.300000
v 0.750000 1.081106 0.300000
v 0.900000 1.081106 0.450000
v 0.750000 1.081106 0.450000
v 0.900000 1.081106 0.600000
v 0.750000 1.081106 0.600000
v 0.900000 1.081106 0.750000
v 0.750000 1.081106 0.750000
v 0.900000 1.081106 0.900000
v 0.750000 1.081106 0.900000
v 0.900000 1.081106 1.050000
v 0.750000 1.081106 1.050000
v 0.900000 1.081106 1.200000
v 0.750000 1.081106 1.200000
v 0.900000 1.081106 1.350000
v 0.750000 1.081106 1.350000
v 0.900000 1.081106 1.500000
v 0.750000 1.081106 1.500000
v 0.900000 1.081106 1.650000
v 0.750000 1.081106 1.650000
v 0.900000 1.081106 1.800000
v 0.750000 1.081106 1.800000
v 0.900000 1.081106 1.950000
v 0.750000 1.081106 1.950000
v 0.900000 1.081106 2.100000
v 0.750000 1.081106 2.100000
v 0.900000 1.081106 2.250000
v 0.900000 1.081106 2.400000
v 0.900000 1.081106 2.550000
v 0.900000 1.081106 2.700000
v 0.900000 1.081106 2.850000
v 0.900000 1.081106 3.000000
v 0.900000 1.081106 3.150000
v 1.050000 1.081106 0.150000
v 1.050000 1.081106 0.300000
v 1.050000 1.081106 0.450000
v 1.050000 1.081106 0.600000
v 1.050000 1.081106 0.750000
v 1.050000 1.081106 0.900000
v 1.050000 1.081106 1.050000
v 1.050000 1.081106 1.200000
v 1.050000 1.081106 1.350000
v 1.050000 1.081106 1.500000
v 1.050000 1.081106 1.650000
v 1.050000 1.081106 1.800000
v 1.050000 1.081106 1.950000
v 1.050000 1.081106 2.100000
v 1.050000 1.081106 2.250000
v 1.050000 1.081106 2.400000
v 1.050000 1.081106 2.550000
v 1.050000 1.081106 2.700000
v 1.050000 1.081106 2.850000
v 1.050000 1.081106 3.000000
v 1.050000 1.081106 3.150000
v 1.200000 1.081106 0.150000
v 1.200000 1.081106 0.300000
v 1.200000 1.081106 0.450000
v 1.200000 1.081106 0.600000
v 1.200000 1.081106 0.750000
v 1.200000 1.081106 0.900000
v 1.200000 1.081106 1.050000
v 1.200000 1.081106 1.200000
v 1.200000 1.081106 1.350000
v 1.200000 1.081106 1.500000
v 1.200000 1.081106 1.650000
v 1.200000 1.081106 1.800000
v 1.200000 1.081106 1.950000
v 1.200000 1.081106 2.100000
v 1.200000 1.081106 2.250000
v 1.200000 1.081106 2.400000
v 1.200000 1.081106 2.550000
v 1.200000 1.081106 2.700000
v 1.200000 1.081106 2.850000
v 1.200000 1.081106 3.000000
v 1.200000 1.081106 3.150000
v 1.350000 1.081106 0.150000
v 1.350000 1.081106 0.300000
v 1.350000 1.081106 0.450000
v 1.350000 1.081106 0.600000
v 1.350000 1.081106 0.750000
v 1.350000 1.081106 0.900000
v 1.350000 1.081106 1.050000
v 1.350000 1.081106 1.200000
v 1.350000 1.081106 1.350000
v 1.350000 1.081106 1.500000
v 1.350000 1.081106 1.650000
v 1.350000 1.081106 1.800000
v 1.350000 1.081106 1.950000
v 1.350000 1.081106 2.100000
v 1.350000 1.081106 2.250000
v 1.350000 1.081106 2.400000
v 1.350000 1.081106 2.550000
v 1.350000 1.081106 2.700000
v 1.350000 1.081106 2.850000
v 1.350000 1.081106 3.000000
v 1.350000 1.081106 3.150000
v 1.500000 1.081106 0.150000
v 1.500000 1.081106 0.300000
v 1.500000 1.081106 0.450000
v 1.500000 1.081106 0.600000
v 1.500000 1.081106 0.750000
v 1.500000 1.081106 0.900000
v 1.500000 1.081106 1.050000
v 1.500000 1.081106 1.200000
v 1.500000 1.081106 1.350000
v 1.500000 1.081106 1.500000
v 1.500000 1.081106 1.650000
v 1.500000 1.081106 1.800000
v 1.500000 1.081106 1.950000
v 1.500000 1.081106 2.100000
v 1.500000 1.081106 2.250000
v 1.500000 1.081106 2.400000
v 1.500000 1.081106 2.550000
v 1.500000 1.081106 2.700000
v 1.500000 1.081106 2.850000
v 1.500000 1.081106 3.000000
v 1.500000 1.081106 3.150000
v 1.650000 1.081106 0.150000
v 1.650000 1.081106 0.300000
v 1.650000 1.081106 0.450000
v 1.650000 1.081106 0.600000
v 1.650000 1.081106 0.750000
v 1.650000 1.081106 0.900000
v 1.650000 1.081106 1.050000
v 1.650000 1.081106 1.200000
v 1.650000 1.081106 1.350000
v 1.650000 1.081106 1.500000
v 1.650000 1.081106 1.650000
v 1.650000 1.081106 1.800000
v 1.650000 1.081106 2.400000
v 1.650000 1.081106 2.550000
v 1.650000 1.081106 2.700000
v 1.650000 1.081106 2.850000
v 1.650000 1.081106 3.000000
v 1.650000 1.081106 3.150000
v 1.800000 1.081106 0.150000
v 1.800000 1.081106 0.300000
v 1.800000 1.081106 0.450000
v 1.800000 1.081106 0.600000
v 1.800000 1.081106 0.750000
v 1.800000 1.081106 0.900000
v 1.800000 1.081106 1.050000
v 1.800000 1.081106 1.200000
v 1.800000 1.081106 1.350000
v 1.800000 1.081106 1.500000
v 1.800000 1.081106 1.650000
v 1.800000 1.081106 1.800000
v 1.950000 1.081106 0.150000
v 1.950000 1.081106 0.300000
v 1.950000 1.081106 0.450000
v 1.950000 1.081106 0.600000
v 1.950000 1.081106 0.750000
v 1.950000 1.081106 0.900000
v 1.950000 1.081106 1.050000
v 1.950000 1.081106 1.200000
v 1.950000 1.081106 1.350000
v 1.950000 1.081106 1.500000
v 1.950000 1.081106 1.650000
v 1.950000 1.081106 1.800000
v 2.100000 1.081106 0.150000
v 2.100000 1.081106 0.300000
v 2.100000 1.081106 0.450000
v 2.100000 1.081106 0.600000
v 2.100000 1.081106 0.750000
v 2.100000 1.081106 0.900000
v 2.100000 1.081106 1.050000
v 2.100000 1.081106 1.200000
v 2.100000 1.081106 1.350000
v 2.100000 1.081106 1.500000
v 2.100000 1.081106 1.650000
v 2.100000 1.081106 1.800000
v 2.250000 1.081106 0.150000
v 2.250000 1.081106 0.300000
v 2.250000 1.081106 0.450000
v 2.250000 1.081106 0.600000
v 2.250000 1.081106 0.750000
v 2.250000 1.081106 0.900000
v 2.250000 1.081106 1.050000
v 2.250000 1.081106 1.200000
v 2.250000 1.081106 1.350000
v 2.250000 1.081106 1.500000
v 2.250000 1.081106 1.650000
v 2.250000 1.081106 1.800000
v 2.400000 1.081106 0.150000
v 2.400000 1.081106 0.300000
v 2.400000 1.081106 0.450000
v 2.400000 1.081106 0.600000
v 2.400000 1.081106 0.750000
v 2.400000 1.081106 0.900000
v 2.400000 1.081106 1.050000
v 2.400000 1.081106 1.200000
v 2.400000 1.081106 1.350000
v 2.400000 1.081106 1.500000
v 2.400000 1.081106 1.650000
v 2.400000 1.081106 1.800000
v 2.550000 1.081106 0.150000
v 2.550000 1.081106 0.300000
v 2.550000 1.081106 0.450000
v 2.550000 1.081106 0.600000
v 2.550000 1.081106 0.750000
v 2.550000 1.081106 0.900000
v 2.550000 1.081106 1.050000
v 2.550000 1.081106 1.200000
v 2.550000 1.081106 1.350000
v 2.550000 1.081106 1.500000
v 2.550000 1.081106 1.650000
v 2.550000 1.081106 1.800000
v 2.700000 1.081106 0.150000
v 2.700000 1.081106 0.300000
v 2.700000 1.081106 0.450000
v 2.700000 1.081106 0.600000
v 2.700000 1.081106 0.750000
v 2.700000 1.081106 0.900000
v 2.700000 1.081106 1.050000
v 2.700000 1.081106 1.200000
v 2.700000 1.081106 1.350000
v 2.700000 1.081106 1.500000
v 2.700000 1.081106 1.650000
v 2.700000 1.081106 1.800000
v 2.850000 1.081106 0.150000
v 2.850000 1.081106 0.300000
v 2.850000 1.081106 0.450000
v 2.850000 1.081106 0.600000
v 2.850000 1.081106 0.750000
v 2.850000 1.081106 0.900000
v 2.850000 1.081106 1.050000
v 2.850000 1.081106 1.200000
v 2.850000 1.081106 1.350000
v 2.850000 1.081106 1.500000
v 2.850000 1.081106 1.650000
v 2.850000 1.081106 1.800000
v 3.000000 1.081106 0.150000
v 3.000000 1.081106 0.300000
v 3.000000 1.081106 0.450000
v 3.000000 1.081106 0.600000
v 3.000000 1.081106 0.750000
v 3.000000 1.081106 0.900000
v 3.000000 1.081106 1.050000
v 3.000000 1.081106 1.200000
v 3.000000 1.081106 1.350000
v 3.000000 1.081106 1.500000
v 3.000000 1.081106 1.650000
v 3.000000 1.081106 1.800000
v 3.150000 1.081106 0.150000
v 3.150000 1.081106 0.300000
v 3.150000 1.081106 0.450000
v 3.150000 1.081106 0.600000
v 3.150000 1.081106 0.750000
v 3.150000 1.081106 0.900000
v 3.150000 1.081106 1.050000
v 3.150000 1.081106 1.200000
v 3.150000 1.081106 1.350000
v 3.150000 1.081106 1.500000
v 3.150000 1.081106 1.650000
v 3.150000 1.081106 1.800000
v 3.300000 1.081106 0.150000
v 3.300000 1.081106 0.300000
v 3.300000 1.081106 0.450000
v 3.300000 1.081106 0.600000
v 3.300000 1.081106 0.750000
v 3.300000 1.081106 0.900000
v 3.300000 1.081106 1.050000
v 3.300000 1.081106 1.200000
v 3.300000 1.081106 1.350000
v 3.300000 1.081106 1.500000
v 3.300000 1.081106 1.650000
v 3.300000 1.081106 1.800000
v 3.750000 1.081106 2.250000
v 3.900000 1.081106 2.250000
v 3.900000 1.081106 2.400000
v 3.750000 1.081106 2.400000
v 4.050000 1.081106 2.250000
v 4.050000 1.081106 2.400000
v 4.200000 1.081106 2.250000
v 4.200000 1.081106 2.400000
v 4.350000 1.081106 2.250000
v 4.350000 1.081106 2.400000
v 4.500000 1.081106 2.250000
v 4.500000 1.081106 2.400000
v 4.650000 1.081106 2.250000
v 4.650000 1.081106 2.400000
v 4.650000 1.081106 0.150000
v 4.800000 1.081106 0.150000
v 4.800000 1.081106 0.300000
v 4.650000 1.081106 0.300000
v 4.800000 1.081106 0.450000
v 4.650000 1.081106 0.450000
v 4.800000 1.081106 0.600000
v 4.650000 1.081106 0.600000
v 4.800000 1.081106 0.750000
v 4.650000 1.081106 0.750000
v 4.800000 1.081106 0.900000
v 4.650000 1.081106 0.900000
v 4.800000 1.081106 1.050000
v 4.650000 1.081106 1.050000
v 4.800000 1.081106 1.200000
v 4.650000 1.081106 1.200000
v 4.800000 1.081106 1.350000
v 4.650000 1.081106 1.350000
v 4.800000 1.081106 1.500000
v 4.650000 1.081106 1.500000
v 4.800000 1.081106 1.650000
v 4.650000 1.081106 1.650000
v 4.800000 1.081106 1.800000
v 4.650000 1.081106 1.800000
v 4.800000 1.081106 1.950000
v 4.650000 1.081106 1.950000
v 4.800000 1.081106 2.100000
v 4.650000 1.081106 2.100000
v 4.800000 1.081106 2.250000
v 4.800000 1.081106 2.400000
v 4.650000 1.081106 2.550000
v 4.800000 1.081106 2.550000
v 4.800000 1.081106 2.700000
v 4.650000 1.081106 2.700000
v 4.950000 1.081106 0.150000
v 4.950000 1.081106 0.300000
v 4.950000 1.081106 0.450000
v 4.950000 1.081106 0.600000
v 4.950000 1.081106 0.750000
v 4.950000 1.081106 0.900000
v 4.950000 1.081106 1.050000
v 4.950000 1.081106 1.200000
v 4.950000 1.081106 1.350000
v 4.950000 1.081106 1.500000
v 4.950000 1.081106 1.650000
v 4.950000 1.081106 1.800000
v 4.950000 1.081106 1.950000
v 4.950000 1.081106 2.100000
v 4.950000 1.081106 2.250000
v 4.950000 1.081106 2.400000
v 4.950000 1.081106 2.550000
v 4.950000 1.081106 2.700000
v 5.100000 1.081106 0.150000
v 5.100000 1.081106 0.300000
v 5.100000 1.081106 0.450000
v 5.100000 1.081106 0.600000
v 5.100000 1.081106 0.750000
v 5.100000 1.081106 0.900000
v 5.100000 1.081106 1.050000
v 5.100000 1.081106 1.200000
v 5.100000 1.081106 1.350000
v 5.100000 1.081106 1.500000
v 5.100000 1.081106 1.650000
v 5.100000 1.081106 1.800000
v 5.100000 1.081106 1.950000
v 5.100000 1.081106 2.100000
v 5.100000 1.081106 2.250000
v 5.100000 1.081106 2.400000
v 5.100000 1.081106 2.550000
v 5.100000 1.081106 2.700000
v 5.250000 1.081106 0.150000
v 5.250000 1.081106 0.300000
v 5.250000 1.081106 0.450000
v 5.250000 1.081106 0.600000
v 5.250000 1.081106 0.750000
v 5.250000 1.081106 0.900000
v 5.250000 1.081106 1.050000
v 5.250000 1.081106 1.200000
v 5.250000 1.081106 1.350000
v 5.250000 1.081106 1.500000
v 5.250000 1.081106 1.650000
v 5.250000 1.081106 1.800000
v 5.250000 1.081106 1.950000
v 5.250000 1.081106 2.100000
v 5.250000 1.081106 2.250000
v 5.250000 1.081106 2.400000
v 5.250000 1.081106 2.550000
v 5.250000 1.081106 2.700000
v 5.250000 1.081106 2.850000
v 5.100000 1.081106 2.850000
v 5.400000 1.081106 0.150000
v 5.400000 1.081106 0.300000
v 5.400000 1.081106 0.450000
v 5.400000 1.081106 0.600000
v 5.400000 1.081106 0.750000
v 5.400000 1.081106 0.900000
v 5.400000 1.081106 1.050000
v 5.400000 1.081106 1.200000
v 5.400000 1.081106 1.350000
v 5.400000 1.081106 1.500000
v 5.400000 1.081106 1.650000
v 5.400000 1.081106 1.800000
v 5.400000 1.081106 1.950000
v 5.400000 1.081106 2.100000
v 5.400000 1.081106 2.250000
v 5.400000 1.081106 2.400000
v 5.400000 1.081106 2.550000
v 5.400000 1.081106 2.700000
v 5.400000 1.081106 2.850000
v 5.400000 1.081106 3.000000
v 5.250000 1.081106 3.000000
v 5.550000 1.081106 0.150000
v 5.550000 1.081106 0.300000
v 5.550000 1.081106 0.450000
v 5.550000 1.081106 0.600000
v 5.550000 1.081106 0.750000
v 5.550000 1.081106 0.900000
v 5.550000 1.081106 1.050000
v 5.550000 1.081106 1.200000
v 5.550000 1.081106 1.350000
v 5.550000 1.081106 1.500000
v 5.550000 1.081106 1.650000
v 5.550000 1.081106 1.800000
v 5.550000 1.081106 1.950000
v 5.550000 1.081106 2.100000
v 5.550000 1.081106 2.250000
v 5.550000 1.081106 2.400000
v 5.550000 1.081106 2.550000
v 5.550000 1.081106 2.700000
v 5.550000 1.081106 2.850000
v 5.550000 1.081106 3.000000
v 5.550000 1.081106 3.150000
v 5.400000 1.081106 3.150000
v 5.700000 1.081106 0.150000
v 5.700000 1.081106 0.300000
v 5.700000 1.081106 0.450000
v 5.700000 1.081106 0.600000
v 5.700000 1.081106 0.750000
v 5.700000 1.081106 0.900000
v 5.700000 1.081106 1.050000
v 5.700000 1.081106 1.200000
v 5.700000 1.081106 1.350000
v 5.700000 1.081106 1.500000
v 5.700000 1.081106 1.650000
v 5.700000 1.081106 1.800000
v 5.700000 1.081106 1.950000
v 5.700000 1.081106 2.100000
v 5.700000 1.081106 2.250000
v 5.700000 1.081106 2.400000
v 5.700000 1.081106 2.550000
v 5.700000 1.081106 2.700000
v 5.700000 1.081106 2.850000
v 5.700000 1.081106 3.000000
v 5.700000 1.081106 3.150000
v 5.850000 1.081106 0.150000
v 5.850000 1.081106 0.300000
v 5.850000 1.081106 0.450000
v 5.850000 1.081106 0.600000
v 5.850000 1.081106 0.750000
v 5.850000 1.081106 0.900000
v 5.850000 1.081106 1.050000
v 5.850000 1.081106 1.200000
v 5.850000 1.081106 1.350000
v 5.850000 1.081106 1.500000
v 5.850000 1.081106 1.650000
v 5.850000 1.081106 1.800000
v 5.850000 1.081106 1.950000
v 5.850000 1.081106 2.100000
v 5.850000 1.081106 2.250000
v 5.850000 1.081106 2.400000
v 5.850000 1.081106 2.550000
v 5.850000 1.081106 2.700000
v 5.850000 1.081106 2.850000
v 5.850000 1.081106 3.000000
v 5.850000 1.081106 3.150000
v 6.000000 1.081106 0.150000
v 6.000000 1.081106 0.300000
v 6.000000 1.081106 0.450000
v 6.000000 1.081106 0.600000
v 6.000000 1.081106 0.750000
v 6.000000 1.081106 0.900000
v 6.000000 1.081106 1.050000
v 6.000000 1.081106 1.200000
v 6.000000 1.081106 1.350000
v 6.000000 1.081106 1.500000
v 6.000000 1.081106 1.650000
v 6.000000 1.081106 1.800000
v 6.000000 1.081106 1.950000
v 6.000000 1.081106 2.100000
v 6.000000 1.081106 2.250000
v 6.000000 1.081106 2.400000
v 6.000000 1.081106 2.550000
v 6.000000 1.081106 2.700000
v 6.000000 1.081106 2.850000
v 6.000000 1.081106 3.000000
v -6.000000 5.919637 0.150000
v -5.850000 5.919637 0.150000
v -5.850000 5.919637 0.300000
v -6.000000 5.919637 0.300000
v -5.850000 5.919637 0.450000
v -6.000000 5.919637 0.450000
v -5.850000 5.919637 0.600000
v -6.000000 5.919637 0.600000
v -5.850000 5.919637 0.750000
v -6.000000 5.919637 0.750000
v -5.850000 5.919637 0.900000
v -6.000000 5.919637 0.900000
v -5.850000 5.919637 1.050000
v -6.000000 5.919637 1.050000
v -5.850000 5.919637 1.200000
v -6.000000 5.919637 1.200000
v -5.850000 5.919637 1.350000
v -6.000000 5.919637 1.350000
v -5.850000 5.919637 1.500000
v -6.000000 5.919637 1.500000
v -5.850000 5.919637 1.650000
v -6.000000 5.919637 1.650000
v -5.850000 5.919637 1.800000
v -6.000000 5.919637 1.800000
v -5.850000 5.919637 1.950000
v -6.000000 5.919637 1.950000
v -5.850000 5.919637 2.100000
v -6.000000 5.919637 2.100000
v -5.700000 5.919637 0.150000
v -5.700000 5.919637 0.300000
v -5.700000 5.919637 0.450000
v -5.700000 5.919637 0.600000
v -5.700000 5.919637 0.750000
v -5.700000 5.919637 0.900000
v -5.700000 5.919637 1.050000
v -5.700000 5.919637 1.200000
v -5.700000 5.919637 1.350000
v -5.700000 5.919637 1.500000
v -5.700000 5.919637 1.650000
v -5.700000 5.919637 1.800000
v -5.700000 5.919637 1.950000
v -5.700000 5.919637 2.100000
v -5.550000 5.919637 0.150000
v -5.550000 5.919637 0.300000
v -5.550000 5.919637 0.450000
v -5.550000 5.919637 0.600000
v -5.550000 5.919637 0.750000
v -5.550000 5.919637 0.900000
v -5.550000 5.919637 1.050000
v -5.550000 5.919637 1.200000
v -5.550000 5.919637 1.350000
v -5.550000 5.919637 1.500000
v -5.550000 5.919637 1.650000
v -5.550000 5.919637 1.800000
v -5.550000 5.919637 1.950000
v -5.550000 5.919637 2.100000
v -5.400000 5.919637 0.150000
v -5.400000 5.919637 0.300000
v -5.400000 5.919637 0.450000
v -5.400000 5.919637 0.600000
v -5.400000 5.919637 0.750000
v -5.400000 5.919637 0.900000
v -5.400000 5.919637 1.050000
v -5.400000 5.919637 1.200000
v -5.400000 5.919637 1.350000
v -5.400000 5.919637 1.500000
v -5.400000 5.919637 1.650000
v -5.400000 5.919637 1.800000
v -5.400000 5.919637 1.950000
v -5.400000 5.919637 2.100000
v -5.250000 5.919637 0.150000
v -5.250000 5.919637 0.300000
v -5.250000 5.919637 0.450000
v -5.250000 5.919637 0.600000
v -5.250000 5.919637 0.750000
v -5.250000 5.919637 0.900000
v -5.250000 5.919637 1.050000
v -5.250000 5.919637 1.200000
v -5.250000 5.919637 1.350000
v -5.250000 5.919637 1.500000
v -5.250000 5.919637 1.650000
v -5.250000 5.919637 1.800000
v -5.250000 5.919637 1.950000
v -5.250000 5.919637 2.100000
v -5.100000 5.919637 0.150000
v -5.100000 5.919637 0.300000
v -5.100000 5.919637 0.450000
v -5.100000 5.919637 0.600000
v -5.100000 5.919637 0.750000
v -5.100000 5.919637 0.900000
v -5.100000 5.919637 1.050000
v -5.100000 5.919637 1.200000
v -5.100000 5.919637 1.350000
v -5.100000 5.919637 1.500000
v -5.100000 5.919637 1.650000
v -5.100000 5.919637 1.800000
v -5.100000 5.919637 1.950000
v -4.950000 5.919637 0.300000
v -4.950000 5.919637 0.450000
v -4.950000 5.919637 0.750000
v -4.950000 5.919637 0.900000
v -4.950000 5.919637 1.050000
v -4.950000 5.919637 1.200000
v -4.950000 5.919637 1.350000
v -4.950000 5.919637 1.500000
v -4.950000 5.919637 1.650000
v -4.950000 5.919637 1.800000
v -4.950000 5.919637 1.950000
v -4.800000 5.919637 0.750000
v -4.800000 5.919637 0.900000
v -4.800000 5.919637 1.350000
v -4.800000 5.919637 1.500000
v -4.800000 5.919637 1.650000
v -4.650000 5.919637 0.750000
v -4.650000 5.919637 0.900000
v -4.650000 5.919637 1.350000
v -4.650000 5.919637 1.500000
v -4.650000 5.919637 1.650000
v -4.650000 5.919637 0.300000
v -4.500000 5.919637 0.300000
v -4.500000 5.919637 0.450000
v -4.650000 5.919637 0.450000
v -4.500000 5.919637 0.750000
v -4.500000 5.919637 0.900000
v -4.500000 5.919637 1.350000
v -4.500000 5.919637 1.500000
v -4.500000 5.919637 1.650000
v -4.500000 5.919637 0.150000
v -4.350000 5.919637 0.150000
v -4.350000 5.919637 0.300000
v -4.350000 5.919637 0.450000
v -4.350000 5.919637 0.600000
v -4.500000 5.919637 0.600000
v -4.350000 5.919637 0.750000
v -4.350000 5.919637 0.900000
v -4.350000 5.919637 1.350000
v -4.350000 5.919637 1.500000
v -4.350000 5.919637 1.650000
v -4.200000 5.919637 0.150000
v -4.200000 5.919637 0.300000
v -4.200000 5.919637 0.450000
v -4.200000 5.919637 0.600000
v -4.200000 5.919637 0.750000
v -4.200000 5.919637 0.900000
v -4.200000 5.919637 1.350000
v -4.200000 5.919637 1.500000
v -4.200000 5.919637 1.650000
v -4.050000 5.919637 0.150000
v -4.050000 5.919637 0.300000
v -4.050000 5.919637 0.450000
v -4.050000 5.919637 0.600000
v -4.050000 5.919637 0.750000
v -4.050000 5.919637 0.900000
v -4.050000 5.919637 1.050000
v -4.200000 5.919637 1.050000
v -4.050000 5.919637 1.200000
v -4.200000 5.919637 1.200000
v -4.050000 5.919637 1.350000
v -4.050000 5.919637 1.500000
v -4.050000 5.919637 1.650000
v -4.050000 5.919637 1.800000
v -4.200000 5.919637 1.800000
v -4.050000 5.919637 1.950000
v -4.200000 5.919637 1.950000
v -3.900000 5.919637 0.150000
v -3.900000 5.919637 0.300000
v -3.900000 5.919637 0.450000
v -3.900000 5.919637 0.600000
v -3.900000 5.919637 0.750000
v -3.900000 5.919637 0.900000
v -3.900000 5.919637 1.050000
v -3.900000 5.919637 1.200000
v -3.900000 5.919637 1.350000
v -3.900000 5.919637 1.500000
v -3.900000 5.919637 1.650000
v -3.900000 5.919637 1.800000
v -3.900000 5.919637 1.950000
v -3.750000 5.919637 0.150000
v -3.750000 5.919637 0.300000
v -3.750000 5.919637 0.450000
v -3.750000 5.919637 0.600000
v -3.750000 5.919637 0.750000
v -3.750000 5.919637 0.900000
v -3.750000 5.919637 1.050000
v -3.750000 5.919637 1.200000
v -3.750000 5.919637 1.350000
v -3.750000 5.919637 1.500000
v -3.750000 5.919637 1.650000
v -3.750000 5.919637 1.800000
v -3.750000 5.919637 1.950000
v -3.600000 5.919637 0.150000
v -3.600000 5.919637 0.300000
v -3.600000 5.919637 0.450000
v -3.600000 5.919637 0.600000
v -3.600000 5.919637 0.750000
v -3.600000 5.919637 0.900000
v -3.600000 5.919637 1.050000
v -3.600000 5.919637 1.200000
v -3.600000 5.919637 1.350000
v -3.600000 5.919637 1.500000
v -3.600000 5.919637 1.650000
v -3.600000 5.919637 1.800000
v -3.600000 5.919637 1.950000
v -3.450000 5.919637 0.150000
v -3.450000 5.919637 0.300000
v -3.450000 5.919637 0.450000
v -3.450000 5.919637 0.600000
v -3.450000 5.919637 0.750000
v -3.450000 5.919637 0.900000
v -3.450000 5.919637 1.050000
v -3.450000 5.919637 1.200000
v -3.450000 5.919637 1.350000
v -3.450000 5.919637 1.500000
v -3.450000 5.919637 1.650000
v -3.450000 5.919637 1.800000
v -3.450000 5.919637 1.950000
v -3.300000 5.919637 0.150000
v -3.300000 5.919637 0.300000
v -3.300000 5.919637 0.450000
v -3.300000 5.919637 0.600000
v -3.300000 5.919637 0.750000
v -3.300000 5.919637 0.900000
v -3.300000 5.919637 1.050000
v -3.300000 5.919637 1.200000
v -3.300000 5.919637 1.350000
v -3.300000 5.919637 1.500000
v -3.300000 5.919637 1.650000
v -3.300000 5.919637 1.800000
v -3.300000 5.919637 1.950000
v -3.150000 5.919637 0.150000
v -3.150000 5.919637 0.300000
v -3.150000 5.919637 0.450000
v -3.150000 5.919637 0.600000
v -3.150000 5.919637 0.750000
v -3.150000 5.919637 0.900000
v -3.150000 5.919637 1.050000
v -3.150000 5.919637 1.200000
v -3.150000 5.919637 1.350000
v -3.150000 5.919637 1.500000
v -3.150000 5.919637 1.650000
v -3.150000 5.919637 1.800000
v -3.150000 5.919637 1.950000
v -3.000000 5.919637 0.150000
v -3.000000 5.919637 0.300000
v -3.000000 5.919637 0.450000
v -3.000000 5.919637 0.600000
v -3.000000 5.919637 0.750000
v -3.000000 5.919637 0.900000
v -3.000000 5.919637 1.050000
v -3.000000 5.919637 1.200000
v -3.000000 5.919637 1.350000
v -3.000000 5.919637 1.500000
v -3.000000 5.919637 1.650000
v -3.000000 5.919637 1.800000
v -3.000000 5.919637 1.950000
v -2.850000 5.919637 0.150000
v -2.850000 5.919637 0.300000
v -2.850000 5.919637 0.450000
v -2.850000 5.919637 0.600000
v -2.850000 5.919637 0.750000
v -2.850000 5.919637 0.900000
v -2.850000 5.919637 1.050000
v -2.850000 5.919637 1.200000
v -2.850000 5.919637 1.350000
v -2.850000 5.919637 1.500000
v -2.850000 5.919637 1.650000
v -2.850000 5.919637 1.800000
v -2.850000 5.919637 1.950000
v -2.700000 5.919637 0.150000
v -2.700000 5.919637 0.300000
v -2.700000 5.919637 0.450000
v -2.700000 5.919637 0.600000
v -2.700000 5.919637 0.750000
v -2.700000 5.919637 0.900000
v -2.700000 5.919637 1.050000
v -2.700000 5.919637 1.200000
v -2.700000 5.919637 1.350000
v -2.700000 5.919637 1.500000
v -2.700000 5.919637 1.650000
v -2.700000 5.919637 1.800000
v -2.700000 5.919637 1.950000
v -2.550000 5.919637 0.150000
v -2.550000 5.919637 0.300000
v -2.550000 5.919637 0.450000
v -2.550000 5.919637 0.600000
v -2.550000 5.919637 0.750000
v -2.550000 5.919637 0.900000
v -2.550000 5.919637 1.050000
v -2.550000 5.919637 1.200000
v -2.550000 5.919637 1.350000
v -2.550000 5.919637 1.500000
v -2.550000 5.919637 1.650000
v -2.550000 5.919637 1.800000
v -2.550000 5.919637 1.950000
v -2.400000 5.919637 0.300000
v -2.400000 5.919637 0.450000
v -2.400000 5.919637 0.600000
v -2.400000 5.919637 0.750000
v -2.400000 5.919637 0.900000
v -2.400000 5.919637 1.050000
v -2.400000 5.919637 1.200000
v -2.400000 5.919637 1.350000
v -2.400000 5.919637 1.500000
v -2.400000 5.919637 1.650000
v -2.400000 5.919637 1.800000
v -2.400000 5.919637 1.950000
v -2.250000 5.919637 0.300000
v -2.250000 5.919637 0.450000
v -2.250000 5.919637 0.600000
v -2.250000 5.919637 0.750000
v -2.250000 5.919637 0.900000
v -2.250000 5.919637 1.050000
v -2.250000 5.919637 1.200000
v -2.250000 5.919637 1.350000
v -2.250000 5.919637 1.500000
v -2.250000 5.919637 1.650000
v -2.250000 5.919637 1.800000
v -2.250000 5.919637 1.950000
v -2.100000 5.919637 0.450000
v -2.100000 5.919637 0.600000
v -2.100000 5.919637 0.750000
v -2.100000 5.919637 0.900000
v -2.100000 5.919637 1.050000
v -2.100000 5.919637 1.200000
v -2.100000 5.919637 1.350000
v -2.100000 5.919637 1.500000
v -2.100000 5.919637 1.650000
v -2.100000 5.919637 1.800000
v -2.100000 5.919637 1.950000
v -1.950000 5.919637 0.450000
v -1.950000 5.919637 0.600000
v -1.950000 5.919637 0.750000
v -1.950000 5.919637 0.900000
v -1.950000 5.919637 1.050000
v -1.950000 5.919637 1.200000
v -1.950000 5.919637 1.350000
v -1.950000 5.919637 1.500000
v -1.950000 5.919637 1.650000
v -1.950000 5.919637 1.800000
v -1.950000 5.919637 1.950000
v -1.950000 5.919637 0.150000
v -1.800000 5.919637 0.150000
v -1.800000 5.919637 0.300000
v -1.950000 5.919637 0.300000
v -1.800000 5.919637 0.450000
v -1.800000 5.919637 0.600000
v -1.800000 5.919637 0.750000
v -1.800000 5.919637 0.900000
v -1.800000 5.919637 1.050000
v -1.800000 5.919637 1.200000
v -1.800000 5.919637 1.350000
v -1.800000 5.919637 1.500000
v -1.800000 5.919637 1.650000
v -1.800000 5.919637 1.800000
v -1.800000 5.919637 1.950000
v -1.800000 5.919637 2.100000
v -1.950000 5.919637 2.100000
v -1.800000 5.919637 2.250000
v -1.950000 5.919637 2.250000
v -1.800000 5.919637 2.400000
v -1.950000 5.919637 2.400000
v -1.800000 5.919637 2.550000
v -1.950000 5.919637 2.550000
v -1.800000 5.919637 2.700000
v -1.950000 5.919637 2.700000
v -1.800000 5.919637 2.850000
v -1.950000 5.919637 2.850000
v -1.800000 5.919637 3.000000
v -1.950000 5.919637 3.000000
v -1.650000 5.919637 0.150000
v -1.650000 5.919637 0.300000
v -1.650000 5.919637 0.450000
v -1.650000 5.919637 0.600000
v -1.650000 5.919637 0.750000
v -1.650000 5.919637 0.900000
v -1.650000 5.919637 1.050000
v -1.650000 5.919637 1.200000
v -1.650000 5.919637 1.350000
v -1.650000 5.919637 1.500000
v -1.650000 5.919637 1.650000
v -1.650000 5.919637 1.800000
v -1.650000 5.919637 1.950000
v -1.650000 5.919637 2.100000
v -1.650000 5.919637 2.250000
v -1.650000 5.919637 2.400000
v -1.650000 5.919637 2.550000
v -1.650000 5.919637 2.700000
v -1.650000 5.919637 2.850000
v -1.650000 5.919637 3.000000
v -1.650000 5.919637 3.150000
v -1.800000 5.919637 3.150000
v -1.500000 5.919637 0.150000
v -1.500000 5.919637 0.300000
v -1.500000 5.919637 0.450000
v -1.500000 5.919637 0.600000
v -1.500000 5.919637 0.750000
v -1.500000 5.919637 0.900000
v -1.500000 5.919637 1.050000
v -1.500000 5.919637 1.200000
v -1.500000 5.919637 1.350000
v -1.500000 5.919637 1.500000
v -1.500000 5.919637 1.650000
v -1.500000 5.919637 1.800000
v -1.500000 5.919637 1.950000
v -1.500000 5.919637 2.100000
v -1.500000 5.919637 2.250000
v -1.500000 5.919637 2.400000
v -1.500000 5.919637 2.550000
v -1.500000 5.919637 2.700000
v -1.500000 5.919637 2.850000
v -1.500000 5.919637 3.000000
v -1.500000 5.919637 3.150000
v -1.350000 5.919637 0.150000
v -1.350000 5.919637 0.300000
v -1.350000 5.919637 0.450000
v -1.350000 5.919637 0.600000
v -1.350000 5.919637 0.750000
v -1.350000 5.919637 0.900000
v -1.350000 5.919637 1.050000
v -1.350000 5.919637 1.200000
v -1.350000 5.919637 1.350000
v -1.350000 5.919637 1.500000
v -1.350000 5.919637 1.650000
v -1.350000 5.919637 1.800000
v -1.350000 5.919637 1.950000
v -1.350000 5.919637 2.100000
v -1.350000 5.919637 2.250000
v -1.350000 5.919637 2.400000
v -1.350000 5.919637 2.550000
v -1.350000 5.919637 2.700000
v -1.350000 5.919637 2.850000
v -1.350000 5.919637 3.000000
v -1.350000 5.919637 3.150000
v -1.200000 5.919637 0.150000
v -1.200000 5.919637 0.300000
v -1.200000 5.919637 0.600000
v -1.200000 5.919637 0.750000
v -1.200000 5.919637 0.900000
v -1.200000 5.919637 1.050000
v -1.200000 5.919637 1.200000
v -1.200000 5.919637 1.350000
v -1.200000 5.919637 1.500000
v -1.200000 5.919637 1.650000
v -1.200000 5.919637 1.800000
v -1.200000 5.919637 1.950000
v -1.200000 5.919637 2.100000
v -1.200000 5.919637 2.250000
v -1.200000 5.919637 2.400000
v -1.200000 5.919637 2.550000
v -1.200000 5.919637 2.700000
v -1.200000 5.919637 2.850000
v -1.200000 5.919637 3.000000
v -1.200000 5.919637 3.150000
v -1.050000 5.919637 0.150000
v -1.050000 5.919637 0.300000
v -1.050000 5.919637 0.600000
v -1.050000 5.919637 0.750000
v -1.050000 5.919637 0.900000
v -1.050000 5.919637 1.050000
v -1.050000 5.919637 1.200000
v -1.050000 5.919637 1.350000
v -1.050000 5.919637 1.500000
v -1.050000 5.919637 1.650000
v -1.050000 5.919637 1.800000
v -1.050000 5.919637 1.950000
v -1.050000 5.919637 2.100000
v -1.050000 5.919637 2.250000
v -1.050000 5.919637 2.400000
v -1.050000 5.919637 2.550000
v -1.050000 5.919637 2.700000
v -1.050000 5.919637 2.850000
v -1.050000 5.919637 3.000000
v -1.050000 5.919637 3.150000
v -0.900000 5.919637 0.750000
v -0.900000 5.919637 0.900000
v -0.900000 5.919637 1.050000
v -0.900000 5.919637 1.200000
v -0.900000 5.919637 1.350000
v -0.900000 5.919637 1.500000
v -0.900000 5.919637 1.650000
v -0.900000 5.919637 1.800000
v -0.900000 5.919637 1.950000
v -0.900000 5.919637 2.100000
v -0.900000 5.919637 2.250000
v -0.900000 5.919637 2.400000
v -0.900000 5.919637 2.550000
v -0.900000 5.919637 2.700000
v -0.900000 5.919637 2.850000
v -0.900000 5.919637 3.000000
v -0.900000 5.919637 3.150000
v -0.750000 5.919637 0.750000
v -0.750000 5.919637 0.900000
v -0.750000 5.919637 1.050000
v -0.750000 5.919637 1.200000
v -0.750000 5.919637 1.350000
v -0.750000 5.919637 1.500000
v -0.750000 5.919637 1.650000
v -0.750000 5.919637 1.800000
v -0.750000 5.919637 1.950000
v -0.750000 5.919637 2.100000
v -0.750000 5.919637 2.250000
v -0.750000 5.919637 2.400000
v -0.750000 5.919637 2.550000
v -0.750000 5.919637 2.700000
v -0.750000 5.919637 2.850000
v -0.750000 5.919637 3.000000
v -0.750000 5.919637 3.150000
v -0.600000 5.919637 0.750000
v -0.600000 5.919637 0.900000
v -0.600000 5.919637 1.050000
v -0.600000 5.919637 1.200000
v -0.600000 5.919637 1.350000
v -0.600000 5.919637 1.500000
v -0.600000 5.919637 1.650000
v -0.600000 5.919637 1.800000
v -0.600000 5.919637 1.950000
v -0.600000 5.919637 2.100000
v -0.600000 5.919637 2.250000
v -0.600000 5.919637 2.400000
v -0.600000 5.919637 2.550000
v -0.600000 5.919637 2.700000
v -0.600000 5.919637 2.850000
v -0.600000 5.919637 3.000000
v -0.600000 5.919637 3.150000
v -0.450000 5.919637 0.750000
v -0.450000 5.919637 0.900000
v -0.450000 5.919637 1.050000
v -0.450000 5.919637 1.200000
v -0.450000 5.919637 1.350000
v -0.450000 5.919637 1.500000
v -0.450000 5.919637 1.650000
v -0.450000 5.919637 1.800000
v -0.450000 5.919637 1.950000
v -0.450000 5.919637 2.100000
v -0.450000 5.919637 2.250000
v -0.450000 5.919637 2.400000
v -0.450000 5.919637 2.550000
v -0.450000 5.919637 2.700000
v -0.450000 5.919637 2.850000
v -0.450000 5.919637 3.000000
v -0.450000 5.919637 3.150000
v -0.300000 5.919637 0.750000
v -0.300000 5.919637 0.900000
v -0.300000 5.919637 1.050000
v -0.300000 5.919637 1.200000
v -0.300000 5.919637 1.350000
v -0.300000 5.919637 1.500000
v -0.300000 5.919637 1.650000
v -0.300000 5.919637 2.100000
v -0.300000 5.919637 2.250000
v -0.300000 5.919637 2.400000
v -0.300000 5.919637 2.550000
v -0.300000 5.919637 2.700000
v -0.300000 5.919637 2.850000
v -0.300000 5.919637 3.000000
v -0.300000 5.919637 3.150000
v -0.150000 5.919637 0.750000
v -0.150000 5.919637 0.900000
v -0.150000 5.919637 1.050000
v -0.150000 5.919637 1.200000
v -0.150000 5.919637 1.350000
v -0.150000 5.919637 1.500000
v -0.150000 5.919637 1.650000
v -0.150000 5.919637 2.100000
v -0.150000 5.919637 2.250000
v -0.150000 5.919637 2.400000
v -0.150000 5.919637 2.550000
v -0.150000 5.919637 2.700000
v -0.150000 5.919637 2.850000
v -0.150000 5.919637 3.000000
v -0.150000 5.919637 3.150000
v 0.000000 5.919637 0.900000
v 0.000000 5.919637 1.050000
v 0.000000 5.919637 1.200000
v 0.000000 5.919637 1.350000
v 0.000000 5.919637 1.500000
v 0.000000 5.919637 1.650000
v 0.000000 5.919637 2.100000
v 0.000000 5.919637 2.250000
v 0.000000 5.919637 2.400000
v 0.000000 5.919637 2.550000
v 0.000000 5.919637 2.700000
v 0.000000 5.919637 2.850000
v 0.000000 5.919637 3.000000
v 0.000000 5.919637 3.150000
v 0.150000 5.919637 0.900000
v 0.150000 5.919637 1.050000
v 0.150000 5.919637 1.200000
v 0.150000 5.919637 1.350000
v 0.150000 5.919637 1.500000
v 0.150000 5.919637 1.650000
v 0.150000 5.919637 2.100000
v 0.150000 5.919637 2.250000
v 0.150000 5.919637 2.400000
v 0.150000 5.919637 2.550000
v 0.150000 5.919637 2.700000
v 0.150000 5.919637 2.850000
v 0.150000 5.919637 3.000000
v 0.150000 5.919637 3.150000
v 0.150000 5.919637 0.750000
v 0.300000 5.919637 0.750000
v 0.300000 5.919637 0.900000
v 0.300000 5.919637 1.050000
v 0.300000 5.919637 1.200000
v 0.300000 5.919637 1.350000
v 0.300000 5.919637 1.500000
v 0.300000 5.919637 1.650000
v 0.300000 5.919637 2.100000
v 0.300000 5.919637 2.250000
v 0.300000 5.919637 2.400000
v 0.300000 5.919637 2.550000
v 0.300000 5.919637 2.700000
v 0.300000 5.919637 2.850000
v 0.300000 5.919637 3.000000
v 0.300000 5.919637 3.150000
v 0.450000 5.919637 0.750000
v 0.450000 5.919637 0.900000
v 0.450000 5.919637 1.050000
v 0.450000 5.919637 1.200000
v 0.450000 5.919637 1.350000
v 0.450000 5.919637 1.500000
v 0.450000 5.919637 1.650000
v 0.450000 5.919637 1.800000
v 0.300000 5.919637 1.800000
v 0.450000 5.919637 1.950000
v 0.300000 5.919637 1.950000
v 0.450000 5.919637 2.100000
v 0.450000 5.919637 2.250000
v 0.450000 5.919637 2.400000
v 0.450000 5.919637 2.550000
v 0.450000 5.919637 2.700000
v 0.450000 5.919637 2.850000
v 0.450000 5.919637 3.000000
v 0.450000 5.919637 3.150000
v 0.600000 5.919637 0.750000
v 0.600000 5.919637 0.900000
v 0.600000 5.919637 1.050000
v 0.600000 5.919637 1.200000
v 0.600000 5.919637 1.350000
v 0.600000 5.919637 1.500000
v 0.600000 5.919637 1.650000
v 0.600000 5.919637 1.800000
v 0.600000 5.919637 1.950000
v 0.600000 5.919637 2.100000
v 0.600000 5.919637 2.250000
v 0.600000 5.919637 2.400000
v 0.600000 5.919637 2.550000
v 0.600000 5.919637 2.700000
v 0.600000 5.919637 2.850000
v 0.600000 5.919637 3.000000
v 0.600000 5.919637 3.150000
v 0.750000 5.919637 0.750000
v 0.750000 5.919637 0.900000
v 0.750000 5.919637 1.050000
v 0.750000 5.919637 1.200000
v 0.750000 5.919637 1.350000
v 0.750000 5.919637 1.500000
v 0.750000 5.919637 1.650000
v 0.750000 5.919637 1.800000
v 0.750000 5.919637 1.950000
v 0.750000 5.919637 2.100000
v 0.750000 5.919637 2.250000
v 0.750000 5.919637 2.400000
v 0.750000 5.919637 2.550000
v 0.750000 5.919637 2.700000
v 0.750000 5.919637 2.850000
v 0.750000 5.919637 3.000000
v 0.750000 5.919637 3.150000
v 0.900000 5.919637 0.750000
v 0.900000 5.919637 0.900000
v 0.900000 5.919637 1.050000
v 0.900000 5.919637 1.200000
v 0.900000 5.919637 1.350000
v 0.900000 5.919637 1.500000
v 0.900000 5.919637 1.650000
v 0.900000 5.919637 1.800000
v 0.900000 5.919637 1.950000
v 0.900000 5.919637 2.100000
v 0.900000 5.919637 2.250000
v 0.900000 5.919637 2.400000
v 0.900000 5.919637 2.550000
v 0.900000 5.919637 2.700000
v 0.900000 5.919637 2.850000
v 0.900000 5.919637 3.000000
v 0.900000 5.919637 3.150000
v 1.050000 5.919637 0.750000
v 1.050000 5.919637 0.900000
v 1.050000 5.919637 1.050000
v 1.050000 5.919637 1.200000
v 1.050000 5.919637 1.350000
v 1.050000 5.919637 1.500000
v 1.050000 5.919637 1.650000
v 1.050000 5.919637 1.800000
v 1.050000 5.919637 1.950000
v 1.050000 5.919637 2.100000
v 1.050000 5.919637 2.250000
v 1.050000 5.919637 2.400000
v 1.050000 5.919637 2.550000
v 1.050000 5.919637 2.700000
v 1.050000 5.919637 2.850000
v 1.050000 5.919637 3.000000
v 1.050000 5.919637 3.150000
v 1.050000 5.919637 0.450000
v 1.200000 5.919637 0.450000
v 1.200000 5.919637 0.600000
v 1.050000 5.919637 0.600000
v 1.200000 5.919637 0.750000
v 1.200000 5.919637 0.900000
v 1.200000 5.919637 1.050000
v 1.200000 5.919637 1.200000
v 1.200000 5.919637 1.350000
v 1.200000 5.919637 1.500000
v 1.200000 5.919637 1.650000
v 1.200000 5.919637 1.800000
v 1.200000 5.919637 1.950000
v 1.200000 5.919637 2.100000
v 1.200000 5.919637 2.250000
v 1.200000 5.919637 2.400000
v 1.200000 5.919637 2.550000
v 1.200000 5.919637 2.700000
v 1.200000 5.919637 2.850000
v 1.200000 5.919637 3.000000
v 1.200000 5.919637 3.150000
v 1.200000 5.919637 0.150000
v 1.350000 5.919637 0.150000
v 1.350000 5.919637 0.300000
v 1.200000 5.919637 0.300000
v 1.350000 5.919637 0.450000
v 1.350000 5.919637 0.600000
v 1.350000 5.919637 0.750000
v 1.350000 5.919637 0.900000
v 1.350000 5.919637 1.050000
v 1.350000 5.919637 1.200000
v 1.350000 5.919637 1.350000
v 1.350000 5.919637 1.500000
v 1.350000 5.919637 1.650000
v 1.350000 5.919637 1.800000
v 1.350000 5.919637 1.950000
v 1.350000 5.919637 2.100000
v 1.350000 5.919637 2.250000
v 1.350000 5.919637 2.400000
v 1.350000 5.919637 2.550000
v 1.350000 5.919637 2.700000
v 1.350000 5.919637 2.850000
v 1.350000 5.919637 3.000000
v 1.350000 5.919637 3.150000
v 1.500000 5.919637 0.150000
v 1.500000 5.919637 0.300000
v 1.500000 5.919637 0.450000
v 1.500000 5.919637 0.600000
v 1.500000 5.919637 0.750000
v 1.500000 5.919637 0.900000
v 1.500000 5.919637 1.050000
v 1.500000 5.919637 1.200000
v 1.500000 5.919637 1.350000
v 1.500000 5.919637 1.500000
v 1.500000 5.919637 1.650000
v 1.500000 5.919637 1.800000
v 1.500000 5.919637 1.950000
v 1.500000 5.919637 2.100000
v 1.500000 5.919637 2.250000
v 1.500000 5.919637 2.400000
v 1.500000 5.919637 2.550000
v 1.500000 5.919637 2.700000
v 1.500000 5.919637 2.850000
v 1.500000 5.919637 3.000000
v 1.500000 5.919637 3.150000
v 1.650000 5.919637 0.150000
v 1.650000 5.919637 0.300000
v 1.650000 5.919637 0.450000
v 1.650000 5.919637 0.600000
v 1.650000 5.919637 0.750000
v 1.650000 5.919637 0.900000
v 1.650000 5.919637 1.050000
v 1.650000 5.919637 1.200000
v 1.650000 5.919637 1.350000
v 1.650000 5.919637 1.500000
v 1.650000 5.919637 1.650000
v 1.650000 5.919637 1.800000
v 1.650000 5.919637 1.950000
v 1.650000 5.919637 2.100000
v 1.650000 5.919637 2.250000
v 1.650000 5.919637 2.400000
v 1.650000 5.919637 2.550000
v 1.650000 5.919637 2.700000
v 1.650000 5.919637 2.850000
v 1.650000 5.919637 3.000000
v 1.650000 5.919637 3.150000
v 1.800000 5.919637 0.150000
v 1.800000 5.919637 0.300000
v 1.800000 5.919637 0.450000
v 1.800000 5.919637 0.600000
v 1.800000 5.919637 0.750000
v 1.800000 5.919637 0.900000
v 1.800000 5.919637 1.050000
v 1.800000 5.919637 1.200000
v 1.800000 5.919637 1.350000
v 1.800000 5.919637 1.500000
v 1.800000 5.919637 1.650000
v 1.800000 5.919637 1.800000
v 1.800000 5.919637 1.950000
v 1.800000 5.919637 2.100000
v 1.800000 5.919637 2.250000
v 1.800000 5.919637 2.400000
v 1.800000 5.919637 2.550000
v 1.800000 5.919637 2.700000
v 1.800000 5.919637 2.850000
v 1.800000 5.919637 3.000000
v 1.800000 5.919637 3.150000
v 1.950000 5.919637 0.150000
v 1.950000 5.919637 0.300000
v 1.950000 5.919637 0.450000
v 1.950000 5.919637 0.600000
v 1.950000 5.919637 0.750000
v 1.950000 5.919637 0.900000
v 1.950000 5.919637 1.050000
v 1.950000 5.919637 1.200000
v 1.950000 5.919637 1.350000
v 1.950000 5.919637 1.500000
v 1.950000 5.919637 1.650000
v 1.950000 5.919637 1.800000
v 1.950000 5.919637 1.950000
v 1.950000 5.919637 2.100000
v 1.950000 5.919637 2.250000
v 1.950000 5.919637 2.400000
v 1.950000 5.919637 2.550000
v 1.950000 5.919637 2.700000
v 1.950000 5.919637 2.850000
v 1.950000 5.919637 3.000000
v 1.950000 5.919637 3.150000
v 2.100000 5.919637 0.150000
v 2.100000 5.919637 0.300000
v 2.100000 5.919637 0.450000
v 2.100000 5.919637 0.600000
v 2.100000 5.919637 0.750000
v 2.100000 5.919637 0.900000
v 2.100000 5.919637 1.050000
v 2.100000 5.919637 1.200000
v 2.100000 5.919637 1.350000
v 2.100000 5.919637 1.500000
v 2.100000 5.919637 1.650000
v 2.100000 5.919637 1.800000
v 2.100000 5.919637 1.950000
v 2.100000 5.919637 2.100000
v 2.100000 5.919637 2.250000
v 2.100000 5.919637 2.400000
v 2.100000 5.919637 2.550000
v 2.100000 5.919637 2.700000
v 2.100000 5.919637 2.850000
v 2.100000 5.919637 3.000000
v 2.250000 5.919637 0.150000
v 2.250000 5.919637 0.300000
v 2.250000 5.919637 0.450000
v 2.250000 5.919637 0.600000
v 2.250000 5.919637 0.750000
v 2.250000 5.919637 0.900000
v 2.250000 5.919637 1.050000
v 2.250000 5.919637 1.200000
v 2.250000 5.919637 1.350000
v 2.250000 5.919637 1.500000
v 2.250000 5.919637 1.650000
v 2.250000 5.919637 1.800000
v 2.250000 5.919637 1.950000
v 2.250000 5.919637 2.100000
v 2.250000 5.919637 2.250000
v 2.250000 5.919637 2.400000
v 2.250000 5.919637 2.550000
v 2.250000 5.919637 2.700000
v 2.250000 5.919637 2.850000
v 2.250000 5.919637 3.000000
v 2.250000 5.919637 3.150000
v 2.100000 5.919637 3.150000
v 2.400000 5.919637 0.150000
v 2.400000 5.919637 0.300000
v 2.400000 5.919637 0.450000
v 2.400000 5.919637 0.600000
v 2.400000 5.919637 0.750000
v 2.400000 5.919637 0.900000
v 2.400000 5.919637 1.050000
v 2.400000 5.919637 1.200000
v 2.400000 5.919637 1.350000
v 2.400000 5.919637 1.500000
v 2.400000 5.919637 1.650000
v 2.400000 5.919637 1.800000
v 2.400000 5.919637 1.950000
v 2.400000 5.919637 2.100000
v 2.400000 5.919637 2.250000
v 2.400000 5.919637 2.400000
v 2.400000 5.919637 2.550000
v 2.400000 5.919637 2.700000
v 2.400000 5.919637 2.850000
v 2.400000 5.919637 3.000000
v 2.400000 5.919637 3.150000
v 2.550000 5.919637 0.150000
v 2.550000 5.919637 0.300000
v 2.550000 5.919637 0.450000
v 2.550000 5.919637 0.600000
v 2.550000 5.919637 0.750000
v 2.550000 5.919637 0.900000
v 2.550000 5.919637 1.050000
v 2.550000 5.919637 1.200000
v 2.550000 5.919637 1.350000
v 2.550000 5.919637 1.500000
v 2.550000 5.919637 1.650000
v 2.550000 5.919637 1.800000
v 2.550000 5.919637 1.950000
v 2.550000 5.919637 2.100000
v 2.550000 5.919637 2.250000
v 2.550000 5.919637 2.400000
v 2.550000 5.919637 2.550000
v 2.550000 5.919637 2.700000
v 2.550000 5.919637 2.850000
v 2.550000 5.919637 3.000000
v 2.550000 5.919637 3.150000
v 2.700000 5.919637 0.150000
v 2.700000 5.919637 0.300000
v 2.700000 5.919637 0.450000
v 2.700000 5.919637 0.600000
v 2.700000 5.919637 0.750000
v 2.700000 5.919637 0.900000
v 2.700000 5.919637 1.050000
v 2.700000 5.919637 1.200000
v 2.700000 5.919637 1.350000
v 2.700000 5.919637 1.500000
v 2.700000 5.919637 1.650000
v 2.700000 5.919637 1.800000
v 2.700000 5.919637 1.950000
v 2.700000 5.919637 2.100000
v 2.700000 5.919637 2.250000
v 2.700000 5.919637 2.400000
v 2.700000 5.919637 2.550000
v 2.700000 5.919637 2.700000
v 2.700000 5.919637 2.850000
v 2.700000 5.919637 3.000000
v 2.700000 5.919637 3.150000
v 2.850000 5.919637 0.150000
v 2.850000 5.919637 0.300000
v 2.850000 5.919637 0.450000
v 2.850000 5.919637 0.600000
v 2.850000 5.919637 0.750000
v 2.850000 5.919637 0.900000
v 2.850000 5.919637 1.050000
v 2.850000 5.919637 1.200000
v 2.850000 5.919637 1.350000
v 2.850000 5.919637 1.500000
v 2.850000 5.919637 1.650000
v 2.850000 5.919637 1.800000
v 2.850000 5.919637 1.950000
v 2.850000 5.919637 2.100000
v 2.850000 5.919637 2.250000
v 2.850000 5.919637 2.400000
v 2.850000 5.919637 2.550000
v 2.850000 5.919637 2.700000
v 2.850000 5.919637 2.850000
v 2.850000 5.919637 3.000000
v 2.850000 5.919637 3.150000
v 3.000000 5.919637 0.150000
v 3.000000 5.919637 0.300000
v 3.000000 5.919637 0.450000
v 3.000000 5.919637 0.600000
v 3.000000 5.919637 0.750000
v 3.000000 5.919637 0.900000
v 3.000000 5.919637 1.050000
v 3.000000 5.919637 1.200000
v 3.000000 5.919637 1.350000
v 3.000000 5.919637 1.500000
v 3.000000 5.919637 1.650000
v 3.000000 5.919637 1.800000
v 3.000000 5.919637 1.950000
v 3.000000 5.919637 2.100000
v 3.000000 5.919637 2.250000
v 3.000000 5.919637 2.400000
v 3.000000 5.919637 2.550000
v 3.000000 5.919637 2.700000
v 3.000000 5.919637 2.850000
v 3.000000 5.919637 3.000000
v 3.000000 5.919637 3.150000
v 3.150000 5.919637 1.350000
v 3.150000 5.919637 1.500000
v 3.150000 5.919637 1.650000
v 3.150000 5.919637 1.800000
v 3.150000 5.919637 1.950000
v 3.150000 5.919637 2.100000
v 3.150000 5.919637 2.250000
v 3.150000 5.919637 2.400000
v 3.150000 5.919637 2.550000
v 3.150000 5.919637 2.700000
v 3.150000 5.919637 2.850000
v 3.150000 5.919637 3.000000
v 3.150000 5.919637 3.150000
v 3.300000 5.919637 1.350000
v 3.300000 5.919637 1.500000
v 3.300000 5.919637 1.650000
v 3.300000 5.919637 1.800000
v 3.300000 5.919637 1.950000
v 3.300000 5.919637 2.100000
v 3.300000 5.919637 2.250000
v 3.300000 5.919637 2.400000
v 3.300000 5.919637 2.550000
v 3.300000 5.919637 2.700000
v 3.300000 5.919637 2.850000
v 3.300000 5.919637 3.000000
v 3.300000 5.919637 3.150000
v 3.450000 5.919637 1.350000
v 3.450000 5.919637 1.500000
v 3.450000 5.919637 1.650000
v 3.450000 5.919637 1.800000
v 3.450000 5.919637 1.950000
v 3.450000 5.919637 2.100000
v 3.450000 5.919637 2.250000
v 3.450000 5.919637 2.400000
v 3.450000 5.919637 2.550000
v 3.450000 5.919637 2.700000
v 3.450000 5.919637 2.850000
v 3.450000 5.919637 3.000000
v 3.450000 5.919637 3.150000
v 3.600000 5.919637 1.350000
v 3.600000 5.919637 1.500000
v 3.600000 5.919637 1.650000
v 3.600000 5.919637 1.800000
v 3.600000 5.919637 1.950000
v 3.600000 5.919637 2.100000
v 3.600000 5.919637 2.250000
v 3.600000 5.919637 2.400000
v 3.600000 5.919637 2.550000
v 3.600000 5.919637 2.700000
v 3.600000 5.919637 2.850000
v 3.600000 5.919637 3.000000
v 3.600000 5.919637 3.150000
v 3.750000 5.919637 1.350000
v 3.750000 5.919637 1.500000
v 3.750000 5.919637 1.650000
v 3.750000 5.919637 2.100000
v 3.750000 5.919637 2.250000
v 3.750000 5.919637 2.400000
v 3.750000 5.919637 2.550000
v 3.750000 5.919637 2.700000
v 3.750000 5.919637 2.850000
v 3.750000 5.919637 3.000000
v 3.750000 5.919637 3.150000
v 3.900000 5.919637 1.350000
v 3.900000 5.919637 1.500000
v 3.900000 5.919637 1.650000
v 3.900000 5.919637 2.100000
v 3.900000 5.919637 2.250000
v 3.900000 5.919637 2.400000
v 3.900000 5.919637 2.550000
v 3.900000 5.919637 2.700000
v 3.900000 5.919637 2.850000
v 3.900000 5.919637 3.000000
v 3.900000 5.919637 3.150000
v 4.050000 5.919637 1.350000
v 4.050000 5.919637 1.500000
v 4.050000 5.919637 1.650000
v 4.050000 5.919637 2.100000
v 4.050000 5.919637 2.250000
v 4.050000 5.919637 2.400000
v 4.050000 5.919637 2.550000
v 4.050000 5.919637 2.700000
v 4.050000 5.919637 2.850000
v 4.050000 5.919637 3.000000
v 4.050000 5.919637 3.150000
v 4.200000 5.919637 1.350000
v 4.200000 5.919637 1.500000
v 4.200000 5.919637 1.650000
v 4.200000 5.919637 2.100000
v 4.200000 5.919637 2.250000
v 4.200000 5.919637 2.400000
v 4.200000 5.919637 2.550000
v 4.200000 5.919637 2.700000
v 4.200000 5.919637 2.850000
v 4.200000 5.919637 3.000000
v 4.200000 5.919637 3.150000
v 4.350000 5.919637 1.350000
v 4.350000 5.919637 1.500000
v 4.350000 5.919637 1.650000
v 4.350000 5.919637 2.100000
v 4.350000 5.919637 2.250000
v 4.350000 5.919637 2.400000
v 4.350000 5.919637 2.550000
v 4.350000 5.919637 2.700000
v 4.350000 5.919637 2.850000
v 4.350000 5.919637 3.000000
v 4.350000 5.919637 3.150000
v 4.500000 5.919637 1.350000
v 4.500000 5.919637 1.500000
v 4.500000 5.919637 1.650000
v 4.500000 5.919637 1.800000
v 4.350000 5.919637 1.800000
v 4.500000 5.919637 1.950000
v 4.350000 5.919637 1.950000
v 4.500000 5.919637 2.100000
v 4.500000 5.919637 2.250000
v 4.500000 5.919637 2.400000
v 4.500000 5.919637 2.550000
v 4.500000 5.919637 2.700000
v 4.500000 5.919637 2.850000
v 4.500000 5.919637 3.000000
v 4.500000 5.919637 3.150000
v 4.650000 5.919637 1.350000
v 4.650000 5.919637 1.500000
v 4.650000 5.919637 1.650000
v 4.650000 5.919637 1.800000
v 4.650000 5.919637 1.950000
v 4.650000 5.919637 2.100000
v 4.650000 5.919637 2.250000
v 4.650000 5.919637 2.400000
v 4.650000 5.919637 2.550000
v 4.650000 5.919637 2.700000
v 4.650000 5.919637 2.850000
v 4.650000 5.919637 3.000000
v 4.650000 5.919637 3.150000
v 4.800000 5.919637 1.350000
v 4.800000 5.919637 1.500000
v 4.800000 5.919637 1.650000
v 4.800000 5.919637 1.800000
v 4.800000 5.919637 1.950000
v 4.800000 5.919637 2.100000
v 4.800000 5.919637 2.250000
v 4.800000 5.919637 2.400000
v 4.800000 5.919637 2.550000
v 4.800000 5.919637 2.700000
v 4.800000 5.919637 2.850000
v 4.800000 5.919637 3.000000
v 4.800000 5.919637 3.150000
v 4.950000 5.919637 1.350000
v 4.950000 5.919637 1.500000
v 4.950000 5.919637 1.650000
v 4.950000 5.919637 1.800000
v 4.950000 5.919637 1.950000
v 4.950000 5.919637 2.100000
v 4.950000 5.919637 2.250000
v 4.950000 5.919637 2.400000
v 4.950000 5.919637 2.550000
v 4.950000 5.919637 2.700000
v 4.950000 5.919637 2.850000
v 4.950000 5.919637 3.000000
v 4.950000 5.919637 3.150000
v 4.950000 5.919637 0.300000
v 5.100000 5.919637 0.300000
v 5.100000 5.919637 0.450000
v 4.950000 5.919637 0.450000
v 5.100000 5.919637 0.600000
v 4.950000 5.919637 0.600000
v 5.100000 5.919637 0.750000
v 4.950000 5.919637 0.750000
v 5.100000 5.919637 0.900000
v 4.950000 5.919637 0.900000
v 5.100000 5.919637 1.050000
v 4.950000 5.919637 1.050000
v 5.100000 5.919637 1.200000
v 4.950000 5.919637 1.200000
v 5.100000 5.919637 1.350000
v 5.100000 5.919637 1.500000
v 5.100000 5.919637 1.650000
v 5.100000 5.919637 1.800000
v 5.100000 5.919637 1.950000
v 5.100000 5.919637 2.100000
v 5.100000 5.919637 2.250000
v 5.100000 5.919637 2.400000
v 5.100000 5.919637 2.550000
v 5.100000 5.919637 2.700000
v 5.100000 5.919637 2.850000
v 5.100000 5.919637 3.000000
v 5.100000 5.919637 3.150000
v 5.250000 5.919637 0.300000
v 5.250000 5.919637 0.450000
v 5.250000 5.919637 0.600000
v 5.250000 5.919637 0.750000
v 5.250000 5.919637 0.900000
v 5.250000 5.919637 1.050000
v 5.250000 5.919637 1.200000
v 5.250000 5.919637 1.350000
v 5.250000 5.919637 1.500000
v 5.250000 5.919637 1.650000
v 5.250000 5.919637 1.800000
v 5.250000 5.919637 1.950000
v 5.250000 5.919637 2.100000
v 5.250000 5.919637 2.250000
v 5.250000 5.919637 2.400000
v 5.250000 5.919637 2.550000
v 5.250000 5.919637 2.700000
v 5.250000 5.919637 2.850000
v 5.250000 5.919637 3.000000
v 5.250000 5.919637 3.150000
v 5.400000 5.919637 0.450000
v 5.400000 5.919637 0.600000
v 5.400000 5.919637 0.750000
v 5.400000 5.919637 0.900000
v 5.400000 5.919637 1.050000
v 5.400000 5.919637 1.200000
v 5.400000 5.919637 1.350000
v 5.400000 5.919637 1.500000
v 5.400000 5.919637 1.650000
v 5.400000 5.919637 1.800000
v 5.400000 5.919637 1.950000
v 5.400000 5.919637 2.100000
v 5.400000 5.919637 2.250000
v 5.400000 5.919637 2.400000
v 5.400000 5.919637 2.550000
v 5.400000 5.919637 2.700000
v 5.400000 5.919637 2.850000
v 5.400000 5.919637 3.000000
v 5.400000 5.919637 3.150000
v 5.550000 5.919637 0.450000
v 5.550000 5.919637 0.600000
v 5.550000 5.919637 0.750000
v 5.550000 5.919637 0.900000
v 5.550000 5.919637 1.050000
v 5.550000 5.919637 1.200000
v 5.550000 5.919637 1.350000
v 5.550000 5.919637 1.500000
v 5.550000 5.919637 1.650000
v 5.550000 5.919637 1.800000
v 5.550000 5.919637 1.950000
v 5.550000 5.919637 2.100000
v 5.550000 5.919637 2.250000
v 5.550000 5.919637 2.400000
v 5.550000 5.919637 2.550000
v 5.550000 5.919637 2.700000
v 5.550000 5.919637 2.850000
v 5.550000 5.919637 3.000000
v 5.550000 5.919637 3.150000
v 5.700000 5.919637 0.450000
v 5.700000 5.919637 0.600000
v 5.700000 5.919637 0.750000
v 5.700000 5.919637 0.900000
v 5.700000 5.919637 1.050000
v 5.700000 5.919637 1.200000
v 5.700000 5.919637 1.350000
v 5.700000 5.919637 1.500000
v 5.700000 5.919637 1.650000
v 5.700000 5.919637 1.800000
v 5.700000 5.919637 1.950000
v 5.700000 5.919637 2.100000
v 5.700000 5.919637 2.250000
v 5.700000 5.919637 2.400000
v 5.700000 5.919637 2.550000
v 5.700000 5.919637 2.700000
v 5.700000 5.919637 2.850000
v 5.700000 5.919637 3.000000
v 5.700000 5.919637 3.150000
v 5.700000 5.919637 0.150000
v 5.850000 5.919637 0.150000
v 5.850000 5.919637 0.300000
v 5.700000 5.919637 0.300000
v 5.850000 5.919637 0.450000
v 5.850000 5.919637 0.600000
v 5.850000 5.919637 0.750000
v 5.850000 5.919637 0.900000
v 5.850000 5.919637 1.050000
v 5.850000 5.919637 1.200000
v 5.850000 5.919637 1.350000
v 5.850000 5.919637 1.500000
v 5.850000 5.919637 1.650000
v 5.850000 5.919637 1.800000
v 5.850000 5.919637 1.950000
v 5.850000 5.919637 2.100000
v 5.850000 5.919637 2.250000
v 5.850000 5.919637 2.400000
v 5.850000 5.919637 2.550000
v 5.850000 5.919637 2.700000
v 5.850000 5.919637 2.850000
v 5.850000 5.919637 3.000000
v 5.850000 5.919637 3.150000
v 6.000000 5.919637 0.150000
v 6.000000 5.919637 0.300000
v 6.000000 5.919637 0.450000
v 6.000000 5.919637 0.600000
v 6.000000 5.919637 0.750000
v 6.000000 5.919637 0.900000
v 6.000000 5.919637 1.050000
v 6.000000 5.919637 1.200000
v 6.000000 5.919637 1.350000
v 6.000000 5.919637 1.500000
v 6.000000 5.919637 1.650000
v 6.000000 5.919637 1.800000
v 6.000000 5.919637 1.950000
v 6.000000 5.919637 2.100000
v 6.000000 5.919637 2.250000
v 6.000000 5.919637 2.400000
v 6.000000 5.919637 2.550000
v 6.000000 5.919637 2.700000
v 6.000000 5.919637 2.850000
v 6.000000 5.919637 3.000000
v 6.000000 5.919637 3.150000
v -6.000000 0.920981 0.150000
v -5.850000 0.920981 0.150000
v -5.850000 0.920981 0.300000
v -6.000000 0.920981 0.300000
v -5.850000 0.920981 0.450000
v -6.000000 0.920981 0.450000
v -5.850000 0.920981 0.600000
v -6.000000 0.920981 0.600000
v -5.850000 0.920981 0.750000
v -6.000000 0.920981 0.750000
v -5.850000 0.920981 0.900000
v -6.000000 0.920981 0.900000
v -5.850000 0.920981 1.050000
v -6.000000 0.920981 1.050000
v -5.850000 0.920981 1.200000
v -6.000000 0.920981 1.200000
v -5.850000 0.920981 1.350000
v -6.000000 0.920981 1.350000
v -5.850000 0.920981 1.500000
v -6.000000 0.920981 1.500000
v -5.850000 0.920981 1.650000
v -6.000000 0.920981 1.650000
v -5.850000 0.920981 1.800000
v -6.000000 0.920981 1.800000
v -5.850000 0.920981 1.950000
v -6.000000 0.920981 1.950000
v -5.850000 0.920981 2.100000
v -6.000000 0.920981 2.100000
v -5.850000 0.920981 2.250000
v -6.000000 0.920981 2.250000
v -6.000000 0.920981 2.400000
v -5.850000 0.920981 2.400000
v -5.850000 0.920981 2.550000
v -6.000000 0.920981 2.550000
v -5.850000 0.920981 2.700000
v -6.000000 0.920981 2.700000
v -5.850000 0.920981 2.850000
v -6.000000 0.920981 2.850000
v -5.850000 0.920981 3.000000
v -6.000000 0.920981 3.000000
v -5.700000 0.920981 0.150000
v -5.700000 0.920981 0.300000
v -5.700000 0.920981 0.450000
v -5.700000 0.920981 0.600000
v -5.700000 0.920981 0.750000
v -5.700000 0.920981 0.900000
v -5.700000 0.920981 1.050000
v -5.700000 0.920981 1.200000
v -5.700000 0.920981 1.350000
v -5.700000 0.920981 1.500000
v -5.700000 0.920981 1.650000
v -5.700000 0.920981 1.800000
v -5.700000 0.920981 1.950000
v -5.700000 0.920981 2.100000
v -5.700000 0.920981 2.250000
v -5.700000 0.920981 2.400000
v -5.700000 0.920981 2.550000
v -5.700000 0.920981 2.700000
v -5.700000 0.920981 2.850000
v -5.700000 0.920981 3.000000
v -5.550000 0.920981 0.150000
v -5.550000 0.920981 0.300000
v -5.550000 0.920981 0.450000
v -5.550000 0.920981 0.600000
v -5.550000 0.920981 0.750000
v -5.550000 0.920981 0.900000
v -5.550000 0.920981 1.050000
v -5.550000 0.920981 1.200000
v -5.550000 0.920981 1.350000
v -5.550000 0.920981 1.500000
v -5.550000 0.920981 1.650000
v -5.550000 0.920981 1.800000
v -5.550000 0.920981 1.950000
v -5.550000 0.920981 2.100000
v -5.550000 0.920981 2.250000
v -5.550000 0.920981 2.400000
v -5.550000 0.920981 2.550000
v -5.550000 0.920981 2.700000
v -5.550000 0.920981 2.850000
v -5.550000 0.920981 3.000000
v -5.400000 0.920981 0.150000
v -5.400000 0.920981 0.300000
v -5.400000 0.920981 0.450000
v -5.400000 0.920981 0.600000
v -5.400000 0.920981 0.750000
v -5.400000 0.920981 0.900000
v -5.400000 0.920981 1.050000
v -5.400000 0.920981 1.200000
v -5.400000 0.920981 1.350000
v -5.400000 0.920981 1.500000
v -5.400000 0.920981 1.650000
v -5.400000 0.920981 1.800000
v -5.400000 0.920981 1.950000
v -5.400000 0.920981 2.100000
v -5.400000 0.920981 2.250000
v -5.400000 0.920981 2.400000
v -5.400000 0.920981 2.550000
v -5.400000 0.920981 2.700000
v -5.400000 0.920981 2.850000
v -5.400000 0.920981 3.000000
v -5.400000 0.920981 3.150000
v -5.550000 0.920981 3.150000
v -5.250000 0.920981 0.150000
v -5.250000 0.920981 0.300000
v -5.250000 0.920981 0.450000
v -5.250000 0.920981 0.600000
v -5.250000 0.920981 0.750000
v -5.250000 0.920981 0.900000
v -5.250000 0.920981 1.050000
v -5.250000 0.920981 1.200000
v -5.250000 0.920981 1.350000
v -5.250000 0.920981 1.500000
v -5.250000 0.920981 1.650000
v -5.250000 0.920981 1.800000
v -5.250000 0.920981 1.950000
v -5.250000 0.920981 2.100000
v -5.250000 0.920981 2.250000
v -5.250000 0.920981 2.400000
v -5.250000 0.920981 2.550000
v -5.250000 0.920981 2.700000
v -5.250000 0.920981 2.850000
v -5.250000 0.920981 3.000000
v -5.100000 0.920981 0.150000
v -5.100000 0.920981 0.300000
v -5.100000 0.920981 0.450000
v -5.100000 0.920981 0.600000
v -5.100000 0.920981 0.750000
v -5.100000 0.920981 0.900000
v -5.100000 0.920981 1.050000
v -5.100000 0.920981 1.200000
v -5.100000 0.920981 1.350000
v -5.100000 0.920981 1.500000
v -5.100000 0.920981 1.650000
v -5.100000 0.920981 1.800000
v -5.100000 0.920981 1.950000
v -5.100000 0.920981 2.100000
v -5.100000 0.920981 2.250000
v -5.100000 0.920981 2.400000
v -5.100000 0.920981 2.550000
v -5.100000 0.920981 2.700000
v -5.100000 0.920981 2.850000
v -5.100000 0.920981 3.000000
v -5.100000 0.920981 3.150000
v -5.250000 0.920981 3.150000
v -4.950000 0.920981 0.150000
v -4.950000 0.920981 0.300000
v -4.950000 0.920981 0.450000
v -4.950000 0.920981 0.600000
v -4.950000 0.920981 0.750000
v -4.950000 0.920981 0.900000
v -4.950000 0.920981 1.050000
v -4.950000 0.920981 1.200000
v -4.950000 0.920981 1.350000
v -4.950000 0.920981 1.500000
v -4.950000 0.920981 1.650000
v -4.950000 0.920981 1.800000
v -4.950000 0.920981 1.950000
v -4.950000 0.920981 2.100000
v -4.950000 0.920981 2.250000
v -4.950000 0.920981 2.400000
v -4.950000 0.920981 2.550000
v -4.950000 0.920981 2.700000
v -4.950000 0.920981 2.850000
v -4.950000 0.920981 3.000000
v -4.800000 0.920981 0.150000
v -4.800000 0.920981 0.300000
v -4.800000 0.920981 0.450000
v -4.800000 0.920981 0.600000
v -4.800000 0.920981 0.750000
v -4.800000 0.920981 0.900000
v -4.800000 0.920981 1.050000
v -4.800000 0.920981 1.200000
v -4.800000 0.920981 1.350000
v -4.800000 0.920981 1.500000
v -4.800000 0.920981 1.650000
v -4.800000 0.920981 1.800000
v -4.800000 0.920981 1.950000
v -4.800000 0.920981 2.100000
v -4.800000 0.920981 2.250000
v -4.800000 0.920981 2.400000
v -4.800000 0.920981 2.550000
v -4.800000 0.920981 2.700000
v -4.800000 0.920981 2.850000
v -4.650000 0.920981 0.150000
v -4.650000 0.920981 0.300000
v -4.650000 0.920981 0.450000
v -4.650000 0.920981 0.600000
v -4.650000 0.920981 0.750000
v -4.650000 0.920981 0.900000
v -4.650000 0.920981 1.050000
v -4.650000 0.920981 1.200000
v -4.650000 0.920981 1.350000
v -4.650000 0.920981 1.500000
v -4.650000 0.920981 1.650000
v -4.650000 0.920981 1.800000
v -4.650000 0.920981 1.950000
v -4.650000 0.920981 2.100000
v -4.650000 0.920981 2.250000
v -4.650000 0.920981 2.400000
v -4.650000 0.920981 2.550000
v -4.650000 0.920981 2.700000
v -4.650000 0.920981 2.850000
v -4.500000 0.920981 2.250000
v -4.500000 0.920981 2.400000
v -4.500000 0.920981 2.550000
v -4.500000 0.920981 2.700000
v -4.500000 0.920981 2.850000
v -4.500000 0.920981 3.000000
v -4.650000 0.920981 3.000000
v -4.350000 0.920981 2.250000
v -4.350000 0.920981 2.400000
v -4.350000 0.920981 2.550000
v -4.350000 0.920981 2.700000
v -4.200000 0.920981 2.250000
v -4.200000 0.920981 2.400000
v -4.350000 0.920981 2.850000
v -4.200000 0.920981 2.850000
v -4.200000 0.920981 3.000000
v -4.350000 0.920981 3.000000
v -4.050000 0.920981 2.250000
v -4.050000 0.920981 2.400000
v -4.050000 0.920981 2.550000
v -4.200000 0.920981 2.550000
v -4.050000 0.920981 2.700000
v -4.200000 0.920981 2.700000
v -4.050000 0.920981 2.850000
v -3.900000 0.920981 2.550000
v -3.900000 0.920981 2.700000
v -3.900000 0.920981 2.250000
v -3.750000 0.920981 2.250000
v -3.750000 0.920981 2.400000
v -3.900000 0.920981 2.400000
v -3.750000 0.920981 2.550000
v -3.750000 0.920981 2.700000
v -3.600000 0.920981 2.700000
v -3.600000 0.920981 2.850000
v -3.750000 0.920981 2.850000
v -3.600000 0.920981 3.000000
v -3.750000 0.920981 3.000000
v -3.300000 0.920981 0.150000
v -3.150000 0.920981 0.150000
v -3.150000 0.920981 0.300000
v -3.300000 0.920981 0.300000
v -3.150000 0.920981 0.450000
v -3.300000 0.920981 0.450000
v -3.150000 0.920981 0.600000
v -3.300000 0.920981 0.600000
v -3.150000 0.920981 0.750000
v -3.300000 0.920981 0.750000
v -3.150000 0.920981 0.900000
v -3.300000 0.920981 0.900000
v -3.150000 0.920981 1.050000
v -3.300000 0.920981 1.050000
v -3.150000 0.920981 1.200000
v -3.300000 0.920981 1.200000
v -3.150000 0.920981 1.350000
v -3.300000 0.920981 1.350000
v -3.150000 0.920981 1.500000
v -3.300000 0.920981 1.500000
v -3.150000 0.920981 1.650000
v -3.300000 0.920981 1.650000
v -3.150000 0.920981 1.800000
v -3.300000 0.920981 1.800000
v -3.150000 0.920981 1.950000
v -3.300000 0.920981 1.950000
v -3.150000 0.920981 2.100000
v -3.300000 0.920981 2.100000
v -3.150000 0.920981 2.250000
v -3.300000 0.920981 2.250000
v -3.000000 0.920981 0.150000
v -3.000000 0.920981 0.300000
v -3.000000 0.920981 0.450000
v -3.000000 0.920981 0.600000
v -3.000000 0.920981 0.750000
v -3.000000 0.920981 0.900000
v -3.000000 0.920981 1.050000
v -3.000000 0.920981 1.200000
v -3.000000 0.920981 1.350000
v -3.000000 0.920981 1.500000
v -3.000000 0.920981 1.650000
v -3.000000 0.920981 1.800000
v -3.000000 0.920981 1.950000
v -2.850000 0.920981 0.150000
v -2.850000 0.920981 0.300000
v -2.850000 0.920981 0.450000
v -2.850000 0.920981 0.600000
v -2.850000 0.920981 0.750000
v -2.850000 0.920981 0.900000
v -2.850000 0.920981 1.050000
v -2.850000 0.920981 1.200000
v -2.850000 0.920981 1.350000
v -2.850000 0.920981 1.500000
v -2.850000 0.920981 1.650000
v -2.850000 0.920981 1.800000
v -2.850000 0.920981 1.950000
v -2.850000 0.920981 2.100000
v -3.000000 0.920981 2.100000
v -2.700000 0.920981 0.150000
v -2.700000 0.920981 0.300000
v -2.700000 0.920981 0.450000
v -2.700000 0.920981 0.600000
v -2.700000 0.920981 0.750000
v -2.700000 0.920981 0.900000
v -2.700000 0.920981 1.050000
v -2.700000 0.920981 1.200000
v -2.700000 0.920981 1.350000
v -2.700000 0.920981 1.500000
v -2.700000 0.920981 1.650000
v -2.700000 0.920981 1.800000
v -2.700000 0.920981 1.950000
v -2.700000 0.920981 2.100000
v -2.700000 0.920981 2.250000
v -2.850000 0.920981 2.250000
v -2.850000 0.920981 2.850000
v -2.700000 0.920981 2.850000
v -2.700000 0.920981 3.000000
v -2.850000 0.920981 3.000000
v -2.550000 0.920981 0.150000
v -2.550000 0.920981 0.300000
v -2.550000 0.920981 0.450000
v -2.550000 0.920981 0.600000
v -2.550000 0.920981 0.750000
v -2.550000 0.920981 0.900000
v -2.550000 0.920981 1.050000
v -2.550000 0.920981 1.200000
v -2.550000 0.920981 1.350000
v -2.550000 0.920981 1.500000
v -2.550000 0.920981 1.650000
v -2.550000 0.920981 1.800000
v -2.550000 0.920981 1.950000
v -2.550000 0.920981 2.100000
v -2.550000 0.920981 2.250000
v -2.550000 0.920981 2.400000
v -2.700000 0.920981 2.400000
v -2.550000 0.920981 2.550000
v -2.700000 0.920981 2.550000
v -2.550000 0.920981 2.700000
v -2.700000 0.920981 2.700000
v -2.550000 0.920981 2.850000
v -2.400000 0.920981 0.150000
v -2.400000 0.920981 0.300000
v -2.400000 0.920981 0.450000
v -2.400000 0.920981 0.600000
v -2.400000 0.920981 0.750000
v -2.400000 0.920981 0.900000
v -2.400000 0.920981 1.050000
v -2.400000 0.920981 1.200000
v -2.400000 0.920981 1.350000
v -2.400000 0.920981 1.500000
v -2.400000 0.920981 1.650000
v -2.400000 0.920981 1.800000
v -2.400000 0.920981 1.950000
v -2.400000 0.920981 2.100000
v -2.400000 0.920981 2.250000
v -2.400000 0.920981 2.400000
v -2.400000 0.920981 2.550000
v -2.400000 0.920981 2.700000
v -2.400000 0.920981 2.850000
v -2.400000 0.920981 3.000000
v -2.550000 0.920981 3.000000
v -2.250000 0.920981 0.150000
v -2.250000 0.920981 0.300000
v -2.250000 0.920981 0.450000
v -2.250000 0.920981 0.600000
v -2.250000 0.920981 0.750000
v -2.250000 0.920981 0.900000
v -2.250000 0.920981 1.050000
v -2.250000 0.920981 1.200000
v -2.250000 0.920981 1.350000
v -2.250000 0.920981 1.500000
v -2.250000 0.920981 1.650000
v -2.250000 0.920981 1.800000
v -2.250000 0.920981 1.950000
v -2.250000 0.920981 2.100000
v -2.250000 0.920981 2.250000
v -2.250000 0.920981 2.400000
v -2.100000 0.920981 0.150000
v -2.100000 0.920981 0.300000
v -2.100000 0.920981 0.450000
v -2.100000 0.920981 0.600000
v -2.100000 0.920981 0.750000
v -2.100000 0.920981 0.900000
v -2.100000 0.920981 1.050000
v -2.100000 0.920981 1.200000
v -2.100000 0.920981 1.350000
v -2.100000 0.920981 1.500000
v -2.100000 0.920981 1.650000
v -2.100000 0.920981 1.800000
v -2.100000 0.920981 1.950000
v -2.100000 0.920981 2.100000
v -2.100000 0.920981 2.250000
v -2.100000 0.920981 2.400000
v -1.950000 0.920981 0.150000
v -1.950000 0.920981 0.300000
v -1.950000 0.920981 0.450000
v -1.950000 0.920981 0.600000
v -1.950000 0.920981 0.750000
v -1.950000 0.920981 0.900000
v -1.950000 0.920981 1.050000
v -1.950000 0.920981 1.200000
v -1.950000 0.920981 1.350000
v -1.950000 0.920981 1.500000
v -1.950000 0.920981 1.650000
v -1.950000 0.920981 1.800000
v -1.950000 0.920981 1.950000
v -1.950000 0.920981 2.100000
v -1.950000 0.920981 2.250000
v -1.950000 0.920981 2.400000
v -1.950000 0.920981 2.550000
v -2.100000 0.920981 2.550000
v -1.800000 0.920981 0.150000
v -1.800000 0.920981 0.300000
v -1.800000 0.920981 0.450000
v -1.800000 0.920981 0.600000
v -1.800000 0.920981 0.750000
v -1.800000 0.920981 0.900000
v -1.800000 0.920981 1.050000
v -1.800000 0.920981 1.200000
v -1.800000 0.920981 1.350000
v -1.800000 0.920981 1.500000
v -1.800000 0.920981 1.650000
v -1.800000 0.920981 1.800000
v -1.800000 0.920981 1.950000
v -1.800000 0.920981 2.100000
v -1.800000 0.920981 2.250000
v -1.800000 0.920981 2.400000
v -1.800000 0.920981 2.550000
v -1.800000 0.920981 2.700000
v -1.950000 0.920981 2.700000
v -1.800000 0.920981 2.850000
v -1.950000 0.920981 2.850000
v -1.800000 0.920981 3.000000
v -1.950000 0.920981 3.000000
v -1.650000 0.920981 0.150000
v -1.650000 0.920981 0.300000
v -1.650000 0.920981 0.450000
v -1.650000 0.920981 0.600000
v -1.650000 0.920981 0.750000
v -1.650000 0.920981 0.900000
v -1.650000 0.920981 1.050000
v -1.650000 0.920981 1.200000
v -1.650000 0.920981 1.350000
v -1.650000 0.920981 1.500000
v -1.650000 0.920981 1.650000
v -1.650000 0.920981 1.800000
v -1.650000 0.920981 1.950000
v -1.650000 0.920981 2.100000
v -1.650000 0.920981 2.250000
v -1.650000 0.920981 2.400000
v -1.650000 0.920981 2.550000
v -1.650000 0.920981 2.700000
v -1.650000 0.920981 2.850000
v -1.650000 0.920981 3.000000
v -1.500000 0.920981 0.150000
v -1.500000 0.920981 0.300000
v -1.500000 0.920981 0.450000
v -1.500000 0.920981 0.600000
v -1.500000 0.920981 0.750000
v -1.500000 0.920981 0.900000
v -1.500000 0.920981 1.050000
v -1.500000 0.920981 1.200000
v -1.500000 0.920981 1.350000
v -1.500000 0.920981 1.500000
v -1.500000 0.920981 1.650000
v -1.500000 0.920981 1.800000
v -1.500000 0.920981 1.950000
v -1.500000 0.920981 2.100000
v -1.500000 0.920981 2.250000
v -1.500000 0.920981 2.400000
v -1.500000 0.920981 2.550000
v -1.500000 0.920981 2.700000
v -1.500000 0.920981 2.850000
v -1.500000 0.920981 3.000000
v -1.500000 0.920981 3.150000
v -1.650000 0.920981 3.150000
v -1.350000 0.920981 0.150000
v -1.350000 0.920981 0.300000
v -1.350000 0.920981 0.450000
v -1.350000 0.920981 0.600000
v -1.350000 0.920981 0.750000
v -1.350000 0.920981 0.900000
v -1.350000 0.920981 1.050000
v -1.350000 0.920981 1.200000
v -1.350000 0.920981 1.350000
v -1.350000 0.920981 1.500000
v -1.350000 0.920981 1.650000
v -1.350000 0.920981 1.800000
v -1.350000 0.920981 1.950000
v -1.350000 0.920981 2.100000
v -1.350000 0.920981 2.250000
v -1.350000 0.920981 2.400000
v -1.350000 0.920981 2.550000
v -1.350000 0.920981 2.700000
v -1.350000 0.920981 2.850000
v -1.350000 0.920981 3.000000
v -1.200000 0.920981 0.150000
v -1.200000 0.920981 0.300000
v -1.200000 0.920981 0.450000
v -1.200000 0.920981 0.600000
v -1.200000 0.920981 0.750000
v -1.200000 0.920981 0.900000
v -1.200000 0.920981 1.050000
v -1.200000 0.920981 1.200000
v -1.200000 0.920981 1.350000
v -1.200000 0.920981 1.500000
v -1.200000 0.920981 1.650000
v -1.200000 0.920981 1.800000
v -1.200000 0.920981 1.950000
v -1.200000 0.920981 2.100000
v -1.200000 0.920981 2.250000
v -1.200000 0.920981 2.400000
v -1.200000 0.920981 2.550000
v -1.200000 0.920981 2.700000
v -1.200000 0.920981 2.850000
v -1.050000 0.920981 0.150000
v -1.050000 0.920981 0.300000
v -1.050000 0.920981 0.450000
v -1.050000 0.920981 0.600000
v -1.050000 0.920981 0.750000
v -1.050000 0.920981 0.900000
v -1.050000 0.920981 1.050000
v -1.050000 0.920981 1.200000
v -1.050000 0.920981 1.350000
v -1.050000 0.920981 1.500000
v -1.050000 0.920981 1.650000
v -1.050000 0.920981 1.800000
v -1.050000 0.920981 1.950000
v -1.050000 0.920981 2.100000
v -1.050000 0.920981 2.250000
v -1.050000 0.920981 2.400000
v -1.050000 0.920981 2.550000
v -1.050000 0.920981 2.700000
v -0.900000 0.920981 0.150000
v -0.900000 0.920981 0.300000
v -0.900000 0.920981 0.450000
v -0.900000 0.920981 0.600000
v -0.900000 0.920981 0.750000
v -0.900000 0.920981 0.900000
v -0.900000 0.920981 1.050000
v -0.900000 0.920981 1.200000
v -0.900000 0.920981 1.350000
v -0.900000 0.920981 1.500000
v -0.900000 0.920981 1.650000
v -0.900000 0.920981 1.800000
v -0.900000 0.920981 1.950000
v -0.900000 0.920981 2.100000
v -0.900000 0.920981 2.250000
v -0.900000 0.920981 2.400000
v -0.900000 0.920981 2.550000
v -0.750000 0.920981 0.150000
v -0.750000 0.920981 0.300000
v -0.750000 0.920981 0.450000
v -0.750000 0.920981 0.600000
v -0.750000 0.920981 0.750000
v -0.750000 0.920981 0.900000
v -0.750000 0.920981 1.050000
v -0.750000 0.920981 1.200000
v -0.750000 0.920981 1.350000
v -0.750000 0.920981 1.500000
v -0.750000 0.920981 1.650000
v -0.750000 0.920981 1.800000
v -0.750000 0.920981 1.950000
v -0.750000 0.920981 2.100000
v -0.750000 0.920981 2.250000
v -0.750000 0.920981 2.400000
v -0.750000 0.920981 2.550000
v -0.600000 0.920981 2.250000
v -0.600000 0.920981 2.400000
v -0.450000 0.920981 2.250000
v -0.450000 0.920981 2.400000
v -0.300000 0.920981 2.250000
v -0.300000 0.920981 2.400000
v -0.150000 0.920981 2.250000
v -0.150000 0.920981 2.400000
v 0.000000 0.920981 2.250000
v 0.000000 0.920981 2.400000
v 0.150000 0.920981 2.250000
v 0.150000 0.920981 2.400000
v 0.300000 0.920981 2.250000
v 0.300000 0.920981 2.400000
v 0.450000 0.920981 2.250000
v 0.450000 0.920981 2.400000
v 0.600000 0.920981 2.250000
v 0.600000 0.920981 2.400000
v 0.750000 0.920981 2.250000
v 0.750000 0.920981 2.400000
v 0.750000 0.920981 0.150000
v 0.900000 0.920981 0.150000
v 0.900000 0.920981 0.300000
v 0.750000 0.920981 0.300000
v 0.900000 0.920981 0.450000
v 0.750000 0.920981 0.450000
v 0.900000 0.920981 0.600000
v 0.750000 0.920981 0.600000
v 0.900000 0.920981 0.750000
v 0.750000 0.920981 0.750000
v 0.900000 0.920981 0.900000
v 0.750000 0.920981 0.900000
v 0.900000 0.920981 1.050000
v 0.750000 0.920981 1.050000
v 0.900000 0.920981 1.200000
v 0.750000 0.920981 1.200000
v 0.900000 0.920981 1.350000
v 0.750000 0.920981 1.350000
v 0.900000 0.920981 1.500000
v 0.750000 0.920981 1.500000
v 0.900000 0.920981 1.650000
v 0.750000 0.920981 1.650000
v 0.900000 0.920981 1.800000
v 0.750000 0.920981 1.800000
v 0.900000 0.920981 1.950000
v 0.750000 0.920981 1.950000
v 0.900000 0.920981 2.100000
v 0.750000 0.920981 2.100000
v 0.900000 0.920981 2.250000
v 0.900000 0.920981 2.400000
v 1.050000 0.920981 0.150000
v 1.050000 0.920981 0.300000
v 1.050000 0.920981 0.450000
v 1.050000 0.920981 0.600000
v 1.050000 0.920981 0.750000
v 1.050000 0.920981 0.900000
v 1.050000 0.920981 1.050000
v 1.050000 0.920981 1.200000
v 1.050000 0.920981 1.350000
v 1.050000 0.920981 1.500000
v 1.050000 0.920981 1.650000
v 1.050000 0.920981 1.800000
v 1.050000 0.920981 1.950000
v 1.050000 0.920981 2.100000
v 1.050000 0.920981 2.250000
v 1.050000 0.920981 2.400000
v 1.200000 0.920981 0.150000
v 1.200000 0.920981 0.300000
v 1.200000 0.920981 0.450000
v 1.200000 0.920981 0.600000
v 1.200000 0.920981 0.750000
v 1.200000 0.920981 0.900000
v 1.200000 0.920981 1.050000
v 1.200000 0.920981 1.200000
v 1.200000 0.920981 1.350000
v 1.200000 0.920981 1.500000
v 1.200000 0.920981 1.650000
v 1.200000 0.920981 1.800000
v 1.350000 0.920981 0.150000
v 1.350000 0.920981 0.300000
v 1.350000 0.920981 0.450000
v 1.350000 0.920981 0.600000
v 1.350000 0.920981 0.750000
v 1.350000 0.920981 0.900000
v 1.350000 0.920981 1.050000
v 1.350000 0.920981 1.200000
v 1.350000 0.920981 1.350000
v 1.350000 0.920981 1.500000
v 1.350000 0.920981 1.650000
v 1.350000 0.920981 1.800000
v 1.350000 0.920981 1.950000
v 1.200000 0.920981 1.950000
v 1.500000 0.920981 0.150000
v 1.500000 0.920981 0.300000
v 1.500000 0.920981 0.450000
v 1.500000 0.920981 0.600000
v 1.500000 0.920981 0.750000
v 1.500000 0.920981 0.900000
v 1.500000 0.920981 1.050000
v 1.500000 0.920981 1.200000
v 1.500000 0.920981 1.350000
v 1.500000 0.920981 1.500000
v 1.500000 0.920981 1.650000
v 1.500000 0.920981 1.800000
v 1.350000 0.920981 2.850000
v 1.500000 0.920981 2.850000
v 1.500000 0.920981 3.000000
v 1.350000 0.920981 3.000000
v 1.650000 0.920981 0.150000
v 1.650000 0.920981 0.300000
v 1.650000 0.920981 0.450000
v 1.650000 0.920981 0.600000
v 1.650000 0.920981 0.750000
v 1.650000 0.920981 0.900000
v 1.650000 0.920981 1.050000
v 1.650000 0.920981 1.200000
v 1.650000 0.920981 1.350000
v 1.650000 0.920981 1.500000
v 1.650000 0.920981 1.650000
v 1.650000 0.920981 1.800000
v 1.500000 0.920981 2.250000
v 1.650000 0.920981 2.250000
v 1.650000 0.920981 2.400000
v 1.500000 0.920981 2.400000
v 1.650000 0.920981 2.550000
v 1.500000 0.920981 2.550000
v 1.650000 0.920981 2.700000
v 1.500000 0.920981 2.700000
v 1.650000 0.920981 2.850000
v 1.650000 0.920981 3.000000
v 1.650000 0.920981 3.150000
v 1.500000 0.920981 3.150000
v 1.800000 0.920981 0.150000
v 1.800000 0.920981 0.300000
v 1.800000 0.920981 0.450000
v 1.800000 0.920981 0.600000
v 1.800000 0.920981 0.750000
v 1.800000 0.920981 0.900000
v 1.800000 0.920981 1.050000
v 1.800000 0.920981 1.200000
v 1.800000 0.920981 1.350000
v 1.800000 0.920981 1.500000
v 1.800000 0.920981 1.650000
v 1.800000 0.920981 1.800000
v 1.800000 0.920981 1.950000
v 1.650000 0.920981 1.950000
v 1.800000 0.920981 2.100000
v 1.650000 0.920981 2.100000
v 1.800000 0.920981 2.250000
v 1.800000 0.920981 2.400000
v 1.800000 0.920981 2.550000
v 1.800000 0.920981 3.000000
v 1.800000 0.920981 3.150000
v 1.950000 0.920981 0.150000
v 1.950000 0.920981 0.300000
v 1.950000 0.920981 0.450000
v 1.950000 0.920981 0.600000
v 1.950000 0.920981 0.750000
v 1.950000 0.920981 0.900000
v 1.950000 0.920981 1.050000
v 1.950000 0.920981 1.200000
v 1.950000 0.920981 1.350000
v 1.950000 0.920981 1.500000
v 1.950000 0.920981 1.650000
v 1.950000 0.920981 1.800000
v 1.950000 0.920981 1.950000
v 1.950000 0.920981 2.100000
v 1.950000 0.920981 2.250000
v 1.950000 0.920981 2.400000
v 1.950000 0.920981 2.550000
v 1.950000 0.920981 2.700000
v 1.800000 0.920981 2.700000
v 1.950000 0.920981 3.000000
v 1.950000 0.920981 3.150000
v 2.100000 0.920981 0.150000
v 2.100000 0.920981 0.300000
v 2.100000 0.920981 0.450000
v 2.100000 0.920981 0.600000
v 2.100000 0.920981 0.750000
v 2.100000 0.920981 0.900000
v 2.100000 0.920981 1.050000
v 2.100000 0.920981 1.200000
v 2.100000 0.920981 1.350000
v 2.100000 0.920981 1.500000
v 2.100000 0.920981 1.650000
v 2.100000 0.920981 1.800000
v 2.100000 0.920981 1.950000
v 2.100000 0.920981 2.100000
v 2.100000 0.920981 2.250000
v 2.100000 0.920981 2.400000
v 2.100000 0.920981 2.550000
v 2.100000 0.920981 2.700000
v 2.100000 0.920981 2.850000
v 1.950000 0.920981 2.850000
v 2.100000 0.920981 3.000000
v 2.100000 0.920981 3.150000
v 2.250000 0.920981 0.150000
v 2.250000 0.920981 0.300000
v 2.250000 0.920981 0.450000
v 2.250000 0.920981 0.600000
v 2.250000 0.920981 0.750000
v 2.250000 0.920981 0.900000
v 2.250000 0.920981 1.050000
v 2.250000 0.920981 1.200000
v 2.250000 0.920981 1.350000
v 2.250000 0.920981 1.500000
v 2.250000 0.920981 1.650000
v 2.250000 0.920981 1.800000
v 2.250000 0.920981 1.950000
v 2.250000 0.920981 2.100000
v 2.250000 0.920981 2.250000
v 2.250000 0.920981 2.400000
v 2.250000 0.920981 2.550000
v 2.250000 0.920981 2.700000
v 2.250000 0.920981 2.850000
v 2.250000 0.920981 3.000000
v 2.250000 0.920981 3.150000
v 2.400000 0.920981 0.150000
v 2.400000 0.920981 0.300000
v 2.400000 0.920981 0.450000
v 2.400000 0.920981 0.600000
v 2.400000 0.920981 0.750000
v 2.400000 0.920981 0.900000
v 2.400000 0.920981 1.050000
v 2.400000 0.920981 1.200000
v 2.400000 0.920981 1.350000
v 2.400000 0.920981 1.500000
v 2.400000 0.920981 1.650000
v 2.400000 0.920981 1.800000
v 2.400000 0.920981 1.950000
v 2.400000 0.920981 2.100000
v 2.400000 0.920981 2.250000
v 2.400000 0.920981 2.400000
v 2.400000 0.920981 2.550000
v 2.400000 0.920981 2.700000
v 2.400000 0.920981 2.850000
v 2.400000 0.920981 3.000000
v 2.400000 0.920981 3.150000
v 2.550000 0.920981 0.150000
v 2.550000 0.920981 0.300000
v 2.550000 0.920981 0.450000
v 2.550000 0.920981 0.600000
v 2.550000 0.920981 0.750000
v 2.550000 0.920981 0.900000
v 2.550000 0.920981 1.050000
v 2.550000 0.920981 1.200000
v 2.550000 0.920981 1.350000
v 2.550000 0.920981 1.500000
v 2.550000 0.920981 1.650000
v 2.550000 0.920981 1.800000
v 2.550000 0.920981 1.950000
v 2.550000 0.920981 2.100000
v 2.550000 0.920981 2.250000
v 2.550000 0.920981 2.400000
v 2.550000 0.920981 2.550000
v 2.550000 0.920981 2.700000
v 2.550000 0.920981 2.850000
v 2.550000 0.920981 3.000000
v 2.550000 0.920981 3.150000
v 2.700000 0.920981 0.150000
v 2.700000 0.920981 0.300000
v 2.700000 0.920981 0.450000
v 2.700000 0.920981 0.600000
v 2.700000 0.920981 0.750000
v 2.700000 0.920981 0.900000
v 2.700000 0.920981 1.050000
v 2.700000 0.920981 1.200000
v 2.700000 0.920981 1.350000
v 2.700000 0.920981 1.500000
v 2.700000 0.920981 1.650000
v 2.700000 0.920981 1.800000
v 2.700000 0.920981 1.950000
v 2.700000 0.920981 2.100000
v 2.700000 0.920981 2.250000
v 2.700000 0.920981 2.400000
v 2.700000 0.920981 2.550000
v 2.700000 0.920981 2.700000
v 2.700000 0.920981 2.850000
v 2.700000 0.920981 3.000000
v 2.700000 0.920981 3.150000
v 2.850000 0.920981 0.150000
v 2.850000 0.920981 0.300000
v 2.850000 0.920981 0.450000
v 2.850000 0.920981 0.600000
v 2.850000 0.920981 0.750000
v 2.850000 0.920981 0.900000
v 2.850000 0.920981 1.050000
v 2.850000 0.920981 1.200000
v 2.850000 0.920981 1.350000
v 2.850000 0.920981 1.500000
v 2.850000 0.920981 1.650000
v 2.850000 0.920981 1.800000
v 2.850000 0.920981 1.950000
v 2.850000 0.920981 2.100000
v 2.850000 0.920981 2.250000
v 2.850000 0.920981 2.400000
v 2.850000 0.920981 2.550000
v 2.850000 0.920981 2.700000
v 2.850000 0.920981 2.850000
v 2.850000 0.920981 3.000000
v 3.000000 0.920981 0.150000
v 3.000000 0.920981 0.300000
v 3.000000 0.920981 0.450000
v 3.000000 0.920981 0.600000
v 3.000000 0.920981 0.750000
v 3.000000 0.920981 0.900000
v 3.000000 0.920981 1.050000
v 3.000000 0.920981 1.200000
v 3.000000 0.920981 1.350000
v 3.000000 0.920981 1.500000
v 3.000000 0.920981 1.650000
v 3.000000 0.920981 1.800000
v 3.000000 0.920981 1.950000
v 3.000000 0.920981 2.100000
v 3.000000 0.920981 2.250000
v 3.000000 0.920981 2.400000
v 3.000000 0.920981 2.550000
v 3.000000 0.920981 2.700000
v 3.000000 0.920981 2.850000
v 3.000000 0.920981 3.000000
v 3.000000 0.920981 3.150000
v 2.850000 0.920981 3.150000
v 3.150000 0.920981 0.150000
v 3.150000 0.920981 0.300000
v 3.150000 0.920981 0.450000
v 3.150000 0.920981 0.600000
v 3.150000 0.920981 0.750000
v 3.150000 0.920981 0.900000
v 3.150000 0.920981 1.050000
v 3.150000 0.920981 1.200000
v 3.150000 0.920981 1.350000
v 3.150000 0.920981 1.500000
v 3.150000 0.920981 1.650000
v 3.150000 0.920981 1.800000
v 3.150000 0.920981 1.950000
v 3.150000 0.920981 2.100000
v 3.150000 0.920981 2.250000
v 3.150000 0.920981 2.400000
v 3.150000 0.920981 2.550000
v 3.150000 0.920981 2.700000
v 3.150000 0.920981 2.850000
v 3.150000 0.920981 3.000000
v 3.150000 0.920981 3.150000
v 3.300000 0.920981 0.150000
v 3.300000 0.920981 0.300000
v 3.300000 0.920981 0.450000
v 3.300000 0.920981 0.600000
v 3.300000 0.920981 0.750000
v 3.300000 0.920981 0.900000
v 3.300000 0.920981 1.050000
v 3.300000 0.920981 1.200000
v 3.300000 0.920981 1.350000
v 3.300000 0.920981 1.500000
v 3.300000 0.920981 1.650000
v 3.300000 0.920981 1.800000
v 3.300000 0.920981 1.950000
v 3.300000 0.920981 2.100000
v 3.300000 0.920981 2.250000
v 3.300000 0.920981 2.400000
v 3.300000 0.920981 2.550000
v 3.300000 0.920981 2.700000
v 3.300000 0.920981 2.850000
v 3.300000 0.920981 3.000000
v 3.300000 0.920981 3.150000
v 3.450000 0.920981 2.250000
v 3.450000 0.920981 2.400000
v 3.450000 0.920981 2.550000
v 3.450000 0.920981 2.700000
v 3.450000 0.920981 2.850000
v 3.450000 0.920981 3.000000
v 3.450000 0.920981 3.150000
v 3.600000 0.920981 2.250000
v 3.600000 0.920981 2.400000
v 3.600000 0.920981 2.550000
v 3.600000 0.920981 2.700000
v 3.600000 0.920981 2.850000
v 3.600000 0.920981 3.000000
v 3.600000 0.920981 3.150000
v 3.750000 0.920981 2.250000
v 3.750000 0.920981 2.400000
v 3.750000 0.920981 2.550000
v 3.750000 0.920981 2.700000
v 3.750000 0.920981 2.850000
v 3.750000 0.920981 3.000000
v 3.750000 0.920981 3.150000
v 3.900000 0.920981 2.250000
v 3.900000 0.920981 2.400000
v 3.900000 0.920981 2.550000
v 3.900000 0.920981 2.700000
v 3.900000 0.920981 2.850000
v 3.900000 0.920981 3.000000
v 3.900000 0.920981 3.150000
v 4.050000 0.920981 2.250000
v 4.050000 0.920981 2.400000
v 4.050000 0.920981 2.550000
v 4.050000 0.920981 2.700000
v 4.050000 0.920981 2.850000
v 4.050000 0.920981 3.000000
v 4.050000 0.920981 3.150000
v 4.200000 0.920981 2.250000
v 4.200000 0.920981 2.400000
v 4.200000 0.920981 2.550000
v 4.200000 0.920981 2.700000
v 4.200000 0.920981 2.850000
v 4.200000 0.920981 3.000000
v 4.200000 0.920981 3.150000
v 4.350000 0.920981 2.250000
v 4.350000 0.920981 2.400000
v 4.350000 0.920981 2.550000
v 4.350000 0.920981 2.700000
v 4.350000 0.920981 2.850000
v 4.350000 0.920981 3.000000
v 4.500000 0.920981 2.250000
v 4.500000 0.920981 2.400000
v 4.500000 0.920981 2.550000
v 4.500000 0.920981 2.700000
v 4.500000 0.920981 2.850000
v 4.500000 0.920981 3.000000
v 4.500000 0.920981 3.150000
v 4.350000 0.920981 3.150000
v 4.650000 0.920981 2.250000
v 4.650000 0.920981 2.400000
v 4.650000 0.920981 2.550000
v 4.650000 0.920981 2.700000
v 4.650000 0.920981 2.850000
v 4.650000 0.920981 3.000000
v 4.650000 0.920981 3.150000
v 4.650000 0.920981 0.150000
v 4.800000 0.920981 0.150000
v 4.800000 0.920981 0.300000
v 4.650000 0.920981 0.300000
v 4.800000 0.920981 0.450000
v 4.650000 0.920981 0.450000
v 4.800000 0.920981 0.600000
v 4.650000 0.920981 0.600000
v 4.800000 0.920981 0.750000
v 4.650000 0.920981 0.750000
v 4.800000 0.920981 0.900000
v 4.650000 0.920981 0.900000
v 4.800000 0.920981 1.050000
v 4.650000 0.920981 1.050000
v 4.800000 0.920981 1.200000
v 4.650000 0.920981 1.200000
v 4.800000 0.920981 1.350000
v 4.650000 0.920981 1.350000
v 4.800000 0.920981 1.500000
v 4.650000 0.920981 1.500000
v 4.800000 0.920981 1.650000
v 4.650000 0.920981 1.650000
v 4.800000 0.920981 1.800000
v 4.650000 0.920981 1.800000
v 4.800000 0.920981 1.950000
v 4.650000 0.920981 1.950000
v 4.800000 0.920981 2.100000
v 4.650000 0.920981 2.100000
v 4.800000 0.920981 2.250000
v 4.800000 0.920981 2.400000
v 4.800000 0.920981 2.550000
v 4.800000 0.920981 2.700000
v 4.800000 0.920981 2.850000
v 4.800000 0.920981 3.000000
v 4.800000 0.920981 3.150000
v 4.950000 0.920981 0.150000
v 4.950000 0.920981 0.300000
v 4.950000 0.920981 0.450000
v 4.950000 0.920981 0.600000
v 4.950000 0.920981 0.750000
v 4.950000 0.920981 0.900000
v 4.950000 0.920981 1.050000
v 4.950000 0.920981 1.200000
v 4.950000 0.920981 1.350000
v 4.950000 0.920981 1.500000
v 4.950000 0.920981 1.650000
v 4.950000 0.920981 1.800000
v 4.950000 0.920981 1.950000
v 4.950000 0.920981 2.100000
v 4.950000 0.920981 2.250000
v 4.950000 0.920981 2.400000
v 4.950000 0.920981 2.550000
v 4.950000 0.920981 2.700000
v 4.950000 0.920981 2.850000
v 4.950000 0.920981 3.000000
v 4.950000 0.920981 3.150000
v 5.100000 0.920981 0.150000
v 5.100000 0.920981 0.300000
v 5.100000 0.920981 0.450000
v 5.100000 0.920981 0.600000
v 5.100000 0.920981 0.750000
v 5.100000 0.920981 0.900000
v 5.100000 0.920981 1.050000
v 5.100000 0.920981 1.200000
v 5.100000 0.920981 1.350000
v 5.100000 0.920981 1.500000
v 5.100000 0.920981 1.650000
v 5.100000 0.920981 1.800000
v 5.100000 0.920981 1.950000
v 5.100000 0.920981 2.100000
v 5.100000 0.920981 2.250000
v 5.100000 0.920981 2.400000
v 5.100000 0.920981 2.550000
v 5.100000 0.920981 2.700000
v 5.100000 0.920981 2.850000
v 5.100000 0.920981 3.000000
v 5.100000 0.920981 3.150000
v 5.250000 0.920981 0.150000
v 5.250000 0.920981 0.300000
v 5.250000 0.920981 0.450000
v 5.250000 0.920981 0.600000
v 5.250000 0.920981 0.750000
v 5.250000 0.920981 0.900000
v 5.250000 0.920981 1.050000
v 5.250000 0.920981 1.200000
v 5.250000 0.920981 1.350000
v 5.250000 0.920981 1.500000
v 5.250000 0.920981 1.650000
v 5.250000 0.920981 1.800000
v 5.250000 0.920981 1.950000
v 5.250000 0.920981 2.100000
v 5.250000 0.920981 2.250000
v 5.250000 0.920981 2.400000
v 5.250000 0.920981 2.550000
v 5.250000 0.920981 2.700000
v 5.250000 0.920981 2.850000
v 5.250000 0.920981 3.000000
v 5.250000 0.920981 3.150000
v 5.400000 0.920981 0.150000
v 5.400000 0.920981 0.300000
v 5.400000 0.920981 0.450000
v 5.400000 0.920981 0.600000
v 5.400000 0.920981 0.750000
v 5.400000 0.920981 0.900000
v 5.400000 0.920981 1.050000
v 5.400000 0.920981 1.200000
v 5.400000 0.920981 1.350000
v 5.400000 0.920981 1.500000
v 5.400000 0.920981 1.650000
v 5.400000 0.920981 1.800000
v 5.400000 0.920981 1.950000
v 5.400000 0.920981 2.100000
v 5.400000 0.920981 2.250000
v 5.400000 0.920981 2.400000
v 5.400000 0.920981 2.550000
v 5.400000 0.920981 2.700000
v 5.400000 0.920981 2.850000
v 5.400000 0.920981 3.000000
v 5.400000 0.920981 3.150000
v 5.550000 0.920981 0.150000
v 5.550000 0.920981 0.300000
v 5.550000 0.920981 0.450000
v 5.550000 0.920981 0.600000
v 5.550000 0.920981 0.750000
v 5.550000 0.920981 0.900000
v 5.550000 0.920981 1.050000
v 5.550000 0.920981 1.200000
v 5.550000 0.920981 1.350000
v 5.550000 0.920981 1.500000
v 5.550000 0.920981 1.650000
v 5.550000 0.920981 1.800000
v 5.550000 0.920981 1.950000
v 5.550000 0.920981 2.100000
v 5.550000 0.920981 2.250000
v 5.550000 0.920981 2.400000
v 5.550000 0.920981 2.550000
v 5.550000 0.920981 2.700000
v 5.550000 0.920981 2.850000
v 5.550000 0.920981 3.000000
v 5.550000 0.920981 3.150000
v 5.700000 0.920981 0.150000
v 5.700000 0.920981 0.300000
v 5.700000 0.920981 0.450000
v 5.700000 0.920981 0.600000
v 5.700000 0.920981 0.750000
v 5.700000 0.920981 0.900000
v 5.700000 0.920981 1.050000
v 5.700000 0.920981 1.200000
v 5.700000 0.920981 1.350000
v 5.700000 0.920981 1.500000
v 5.700000 0.920981 1.650000
v 5.700000 0.920981 1.800000
v 5.700000 0.920981 1.950000
v 5.700000 0.920981 2.100000
v 5.700000 0.920981 2.250000
v 5.700000 0.920981 2.400000
v 5.700000 0.920981 2.550000
v 5.700000 0.920981 2.700000
v 5.700000 0.920981 2.850000
v 5.700000 0.920981 3.000000
v 5.700000 0.920981 3.150000
v 5.850000 0.920981 0.150000
v 5.850000 0.920981 0.300000
v 5.850000 0.920981 0.450000
v 5.850000 0.920981 0.600000
v 5.850000 0.920981 0.750000
v 5.850000 0.920981 0.900000
v 5.850000 0.920981 1.050000
v 5.850000 0.920981 1.200000
v 5.850000 0.920981 1.350000
v 5.850000 0.920981 1.500000
v 5.850000 0.920981 1.650000
v 5.850000 0.920981 1.800000
v 5.850000 0.920981 1.950000
v 5.850000 0.920981 2.100000
v 5.850000 0.920981 2.250000
v 5.850000 0.920981 2.400000
v 5.850000 0.920981 2.550000
v 5.850000 0.920981 2.700000
v 5.850000 0.920981 2.850000
v 5.850000 0.920981 3.000000
v 5.850000 0.920981 3.150000
v 6.000000 0.920981 0.150000
v 6.000000 0.920981 0.300000
v 6.000000 0.920981 0.450000
v 6.000000 0.920981 0.600000
v 6.000000 0.920981 0.750000
v 6.000000 0.920981 0.900000
v 6.000000 0.920981 1.050000
v 6.000000 0.920981 1.200000
v 6.000000 0.920981 1.350000
v 6.000000 0.920981 1.500000
v 6.000000 0.920981 1.650000
v 6.000000 0.920981 1.800000
v 6.000000 0.920981 1.950000
v 6.000000 0.920981 2.100000
v 6.000000 0.920981 2.250000
v 6.000000 0.920981 2.400000
v 6.000000 0.920981 2.550000
v 6.000000 0.920981 2.700000
v 6.000000 0.920981 2.850000
v 6.000000 0.920981 3.000000
v 6.000000 0.920981 3.150000
g observed_plane_0
f 1 2 3 4
f 4 3 5 6
f 6 5 7 8
f 8 7 9 10
f 10 9 11 12
f 12 11 13 14
f 14 13 15 16
f 16 15 17 18
f 18 17 19 20
f 20 19 21 22
f 23 24 25 26
f 26 25 27 28
f 28 27 29 30
f 30 29 31 32
f 32 31 33 34
f 34 33 35 36
f 36 35 37 38
f 19 39 40 21
f 21 40 41 42
f 42 41 43 44
f 44 43 45 24
f 24 45 46 25
f 35 47 48 37
f 47 49 50 48
f 49 51 52 50
f 51 53 54 52
f 53 55 56 54
f 55 57 58 56
f 57 59 60 58
f 59 61 62 60
f 61 63 64 62
f 63 65 66 64
f 65 67 68 66
f 67 69 70 68
f 71 72 73 74
f 74 73 75 76
f 76 75 77 78
f 78 77 79 80
f 80 79 81 82
f 82 81 83 84
f 84 83 85 86
f 86 85 87 88
f 88 87 89 90
f 90 89 91 92
f 92 91 93 94
f 94 93 95 96
f 96 95 97 98
f 98 97 99 100
f 100 99 101 102
f 102 101 103 104
f 104 103 105 106
f 72 107 108 73
f 73 108 109 75
f 75 109 110 77
f 77 110 111 79
f 79 111 112 81
f 81 112 113 83
f 83 113 114 85
f 85 114 115 87
f 87 115 116 89
f 89 116 117 91
f 91 117 118 93
f 107 119 120 108
f 108 120 121 109
f 109 121 122 110
f 110 122 123 111
f 111 123 124 112
f 112 124 125 113
f 113 125 126 114
f 114 126 127 115
f 115 127 128 116
f 116 128 129 117
f 117 129 130 118
f 118 130 131 132
f 132 131 133 134
f 134 133 135 136
f 136 135 137 138
f 139 140 141 142
f 142 141 143 144
f 144 143 145 146
f 146 145 147 148
f 119 149 150 120
f 120 150 151 121
f 121 151 152 122
f 122 152 153 123
f 123 153 154 124
f 124 154 155 125
f 125 155 156 126
f 126 156 157 127
f 127 157 158 128
f 128 158 159 129
f 129 159 160 130
f 130 160 161 131
f 131 161 162 133
f 133 162 163 135
f 135 163 164 137
f 137 164 165 140
f 140 165 166 141
f 141 166 167 143
f 143 167 168 145
f 145 168 169 147
f 149 170 171 150
f 150 171 172 151
f 151 172 173 152
f 152 173 174 153
f 153 174 175 154
f 154 175 176 155
f 155 176 177 156
f 156 177 178 157
f 157 178 179 158
f 158 179 180 159
f 159 180 181 160
f 160 181 182 161
f 161 182 183 162
f 162 183 184 163
f 163 184 185 164
f 164 185 186 165
f 165 186 187 166
f 166 187 188 167
f 167 188 189 168
f 168 189 190 169
f 170 191 192 171
f 171 192 193 172
f 172 193 194 173
f 173 194 195 174
f 174 195 196 175
f 175 196 197 176
f 176 197 198 177
f 177 198 199 178
f 178 199 200 179
f 179 200 201 180
f 180 201 202 181
f 181 202 203 182
f 182 203 204 183
f 183 204 205 184
f 184 205 206 185
f 185 206 207 186
f 186 207 208 187
f 187 208 209 188
f 188 209 210 189
f 189 210 211 190
f 191 212 213 192
f 192 213 214 193
f 193 214 215 194
f 194 215 216 195
f 195 216 217 196
f 196 217 218 197
f 197 218 219 198
f 198 219 220 199
f 199 220 221 200
f 200 221 222 201
f 201 222 223 202
f 202 223 224 203
f 203 224 225 204
f 204 225 226 205
f 205 226 227 206
f 206 227 228 207
f 207 228 229 208
f 208 229 230 209
f 209 230 231 210
f 210 231 232 211
f 212 233 234 213
f 213 234 235 214
f 214 235 236 215
f 215 236 237 216
f 216 237 238 217
f 217 238 239 218
f 218 239 240 219
f 219 240 241 220
f 220 241 242 221
f 221 242 243 222
f 222 243 244 223
f 223 244 245 224
f 224 245 246 225
f 225 246 247 226
f 226 247 248 227
f 227 248 249 228
f 228 249 250 229
f 229 250 251 230
f 230 251 252 231
f 231 252 253 232
f 233 254 255 234
f 234 255 256 235
f 235 256 257 236
f 236 257 258 237
f 237 258 259 238
f 238 259 260 239
f 239 260 261 240
f 240 261 262 241
f 241 262 263 242
f 242 263 264 243
f 243 264 265 244
f 244 265 266 245
f 245 266 267 246
f 246 267 268 247
f 247 268 269 248
f 248 269 270 249
f 249 270 271 250
f 250 271 272 251
f 251 272 273 252
f 252 273 274 253
f 254 275 276 255
f 255 276 277 256
f 256 277 278 257
f 257 278 279 258
f 258 279 280 259
f 259 280 281 260
f 260 281 282 261
f 261 282 283 262
f 262 283 284 263
f 263 284 285 264
f 264 285 286 265
f 265 286 287 266
f 266 287 288 267
f 267 288 289 268
f 268 289 290 269
f 269 290 291 270
f 270 291 292 271
f 271 292 293 272
f 272 293 294 273
f 273 294 295 274
f 275 296 297 276
f 276 297 298 277
f 277 298 299 278
f 278 299 300 279
f 279 300 301 280
f 280 301 302 281
f 281 302 303 282
f 282 303 304 283
f 283 304 305 284
f 284 305 306 285
f 285 306 307 286
f 286 307 308 287
f 287 308 309 288
f 288 309 310 289
f 289 310 311 290
f 290 311 312 291
f 291 312 313 292
f 292 313 314 293
f 293 314 315 294
f 294 315 316 295
f 296 317 318 297
f 297 318 319 298
f 298 319 320 299
f 299 320 321 300
f 300 321 322 301
f 301 322 323 302
f 302 323 324 303
f 303 324 325 304
f 304 325 326 305
f 305 326 327 306
f 306 327 328 307
f 307 328 329 308
f 308 329 330 309
f 309 330 331 310
f 310 331 332 311
f 311 332 333 312
f 312 333 334 313
f 313 334 335 314
f 314 335 336 315
f 315 336 337 316
f 317 338 339 318
f 318 339 340 319
f 319 340 341 320
f 320 341 342 321
f 321 342 343 322
f 322 343 344 323
f 323 344 345 324
f 324 345 346 325
f 325 346 347 326
f 326 347 348 327
f 327 348 349 328
f 333 350 351 334
f 334 351 352 335
f 335 352 353 336
f 336 353 354 337
f 338 355 356 339
f 339 356 357 340
f 340 357 358 341
f 341 358 359 342
f 342 359 360 343
f 343 360 361 344
f 344 361 362 345
f 345 362 363 346
f 346 363 364 347
f 347 364 365 348
f 348 365 366 349
f 350 367 368 351
f 351 368 369 352
f 352 369 370 353
f 353 370 371 354
f 355 372 373 356
f 356 373 374 357
f 357 374 375 358
f 358 375 376 359
f 359 376 377 360
f 360 377 378 361
f 361 378 379 362
f 362 379 380 363
f 363 380 381 364
f 364 381 382 365
f 365 382 383 366
f 366 383 384 385
f 372 386 387 373
f 373 387 388 374
f 374 388 389 375
f 375 389 390 376
f 376 390 391 377
f 377 391 392 378
f 378 392 393 379
f 379 393 394 380
f 380 394 395 381
f 381 395 396 382
f 382 396 397 383
f 383 397 398 384
f 399 400 401 402
f 386 403 404 387
f 387 404 405 388
f 388 405 406 389
f 389 406 407 390
f 390 407 408 391
f 391 408 409 392
f 392 409 410 393
f 393 410 411 394
f 394 411 412 395
f 395 412 413 396
f 396 413 414 397
f 397 414 415 398
f 416 417 418 419
f 419 418 420 421
f 421 420 422 400
f 400 422 423 401
f 403 424 425 404
f 404 425 426 405
f 405 426 427 406
f 406 427 428 407
f 407 428 429 408
f 408 429 430 409
f 409 430 431 410
f 410 431 432 411
f 411 432 433 412
f 412 433 434 413
f 413 434 435 414
f 414 435 436 415
f 415 436 437 438
f 438 437 439 440
f 440 439 441 417
f 417 441 442 418
f 418 442 443 420
f 420 443 444 422
f 422 444 445 423
f 424 446 447 425
f 425 447 448 426
f 426 448 449 427
f 427 449 450 428
f 428 450 451 429
f 429 451 452 430
f 430 452 453 431
f 431 453 454 432
f 432 454 455 433
f 433 455 456 434
f 434 456 457 435
f 435 457 458 436
f 436 458 459 437
f 437 459 460 439
f 439 460 461 441
f 441 461 462 442
f 442 462 463 443
f 443 463 464 444
f 444 464 465 445
f 446 466 467 447
f 447 467 468 448
f 448 468 469 449
f 449 469 470 450
f 450 470 471 451
f 451 471 472 452
f 452 472 473 453
f 453 473 474 454
f 454 474 475 455
f 455 475 476 456
f 456 476 477 457
f 457 477 478 458
f 458 478 479 459
f 459 479 480 460
f 460 480 481 461
f 461 481 482 462
f 462 482 483 463
f 463 483 484 464
f 464 484 485 465
f 465 485 486 487
f 466 488 489 467
f 467 489 490 468
f 468 490 491 469
f 469 491 492 470
f 470 492 493 471
f 471 493 494 472
f 472 494 495 473
f 473 495 496 474
f 474 496 497 475
f 475 497 498 476
f 476 498 499 477
f 477 499 500 478
f 478 500 501 479
f 479 501 502 480
f 480 502 503 481
f 481 503 504 482
f 482 504 505 483
f 483 505 506 484
f 484 506 507 485
f 485 507 508 486
f 488 509 510 489
f 489 510 511 490
f 490 511 512 491
f 491 512 513 492
f 492 513 514 493
f 493 514 515 494
f 494 515 516 495
f 495 516 517 496
f 496 517 518 497
f 497 518 519 498
f 498 519 520 499
f 499 520 521 500
f 500 521 522 501
f 501 522 523 502
f 502 523 524 503
f 503 524 525 504
f 504 525 526 505
f 505 526 527 506
f 506 527 528 507
f 507 528 529 508
f 509 530 531 510
f 510 531 532 511
f 511 532 533 512
f 512 533 534 513
f 513 534 535 514
f 514 535 536 515
f 515 536 537 516
f 516 537 538 517
f 517 538 539 518
f 518 539 540 519
f 519 540 541 520
f 520 541 542 521
f 521 542 543 522
f 522 543 544 523
f 523 544 545 524
f 524 545 546 525
f 525 546 547 526
f 526 547 548 527
f 527 548 549 528
f 528 549 550 529
f 530 551 552 531
f 531 552 553 532
f 532 553 554 533
f 533 554 555 534
f 534 555 556 535
f 535 556 557 536
f 536 557 558 537
f 537 558 559 538
f 538 559 560 539
f 539 560 561 540
f 540 561 562 541
f 541 562 563 542
f 542 563 564 543
f 543 564 565 544
f 544 565 566 545
f 545 566 567 546
f 546 567 568 547
f 547 568 569 548
f 548 569 570 549
f 549 570 571 550
f 551 572 573 552
f 552 573 574 553
f 553 574 575 554
f 554 575 576 555
f 555 576 577 556
f 556 577 578 557
f 557 578 579 558
f 558 579 580 559
f 559 580 581 560
f 560 581 582 561
f 561 582 583 562
f 562 583 584 563
f 563 584 585 564
f 564 585 586 565
f 565 586 587 566
f 566 587 588 567
f 567 588 589 568
f 568 589 590 569
f 569 590 591 570
f 570 591 592 571
f 573 593 594 574
f 574 594 595 575
f 575 595 596 576
f 576 596 597 577
f 577 597 598 578
f 578 598 599 579
f 579 599 600 580
f 580 600 601 581
f 581 601 602 582
f 582 602 603 583
f 583 603 604 584
f 584 604 605 585
f 585 605 606 586
f 586 606 607 587
f 587 607 608 588
f 588 608 609 589
f 589 609 610 590
f 590 610 611 591
f 591 611 612 592
f 593 613 614 594
f 594 614 615 595
f 595 615 616 596
f 596 616 617 597
f 597 617 618 598
f 598 618 619 599
f 599 619 620 600
f 600 620 621 601
f 601 621 622 602
f 602 622 623 603
f 603 623 624 604
f 604 624 625 605
f 605 625 626 606
f 606 626 627 607
f 607 627 628 608
f 608 628 629 609
f 609 629 630 610
f 610 630 631 611
f 611 631 632 612
f 613 633 634 614
f 614 634 635 615
f 615 635 636 616
f 616 636 637 617
f 617 637 638 618
f 618 638 639 619
f 619 639 640 620
f 620 640 641 621
f 621 641 642 622
f 622 642 643 623
f 623 643 644 624
f 624 644 645 625
f 625 645 646 626
f 626 646 647 627
f 627 647 648 628
f 628 648 649 629
f 629 649 650 630
f 630 650 651 631
f 631 651 652 632
f 653 654 655 633
f 633 655 656 634
f 634 656 657 635
f 635 657 658 636
f 636 658 659 637
f 637 659 660 638
f 638 660 661 639
f 639 661 662 640
f 640 662 663 641
f 641 663 664 642
f 642 664 665 643
f 643 665 666 644
f 644 666 667 645
f 645 667 668 646
f 646 668 669 647
f 647 669 670 648
f 648 670 671 649
f 649 671 672 650
f 650 672 673 651
f 651 673 674 652
f 655 675 676 656
f 656 676 677 657
f 657 677 678 658
f 658 678 679 659
f 659 679 680 660
f 660 680 681 661
f 661 681 682 662
f 662 682 683 663
f 663 683 684 664
f 664 684 685 665
f 665 685 686 666
f 666 686 687 667
f 667 687 688 668
f 668 688 689 669
f 669 689 690 670
f 670 690 691 671
f 671 691 692 672
f 672 692 693 673
f 694 695 696 675
f 675 696 697 676
f 676 697 698 677
f 677 698 699 678
f 678 699 700 679
f 679 700 701 680
f 680 701 702 681
f 681 702 703 682
f 682 703 704 683
f 683 704 705 684
f 684 705 706 685
f 685 706 707 686
f 686 707 708 687
f 687 708 709 688
f 688 709 710 689
f 689 710 711 690
f 690 711 712 691
f 691 712 713 692
f 692 713 714 693
f 693 714 715 716
f 695 717 718 696
f 696 718 719 697
f 697 719 720 698
f 698 720 721 699
f 699 721 722 700
f 700 722 723 701
f 701 723 724 702
f 702 724 725 703
f 703 725 726 704
f 704 726 727 705
f 705 727 728 706
f 706 728 729 707
f 707 729 730 708
f 708 730 731 709
f 709 731 732 710
f 710 732 733 711
f 711 733 734 712
f 712 734 735 713
f 713 735 736 714
f 714 736 737 715
f 717 738 739 718
f 718 739 740 719
f 719 740 741 720
f 720 741 742 721
f 721 742 743 722
f 722 743 744 723
f 723 744 745 724
f 724 745 746 725
f 725 746 747 726
f 726 747 748 727
f 727 748 749 728
f 728 749 750 729
f 729 750 751 730
f 730 751 752 731
f 731 752 753 732
f 732 753 754 733
f 733 754 755 734
f 734 755 756 735
f 735 756 757 736
f 736 757 758 737
f 738 759 760 739
f 739 760 761 740
f 740 761 762 741
f 741 762 763 742
f 742 763 764 743
f 743 764 765 744
f 744 765 766 745
f 745 766 767 746
f 746 767 768 747
f 747 768 769 748
f 748 769 770 749
f 749 770 771 750
f 750 771 772 751
f 751 772 773 752
f 752 773 774 753
f 753 774 775 754
f 754 775 776 755
f 755 776 777 756
f 756 777 778 757
f 757 778 779 758
g observed_plane_1
f 780 781 782 783
f 783 782 784 785
f 785 784 786 787
f 787 786 788 789
f 789 788 790 791
f 791 790 792 793
f 793 792 794 795
f 795 794 796 797
f 797 796 798 799
f 799 798 800 801
f 801 800 802 803
f 803 802 804 805
f 805 804 806 807
f 807 806 808 809
f 809 808 810 811
f 811 810 812 813
f 813 812 814 815
f 815 814 816 817
f 817 816 818 819
f 781 820 821 782
f 782 821 822 784
f 784 822 823 786
f 786 823 824 788
f 788 824 825 790
f 790 825 826 792
f 792 826 827 794
f 794 827 828 796
f 796 828 829 798
f 798 829 830 800
f 800 830 831 802
f 802 831 832 804
f 804 832 833 806
f 806 833 834 808
f 808 834 835 810
f 810 835 836 812
f 812 836 837 814
f 814 837 838 816
f 816 838 839 818
f 818 839 840 841
f 820 842 843 821
f 821 843 844 822
f 822 844 845 823
f 823 845 846 824
f 824 846 847 825
f 825 847 848 826
f 826 848 849 827
f 827 849 850 828
f 828 850 851 829
f 829 851 852 830
f 830 852 853 831
f 831 853 854 832
f 832 854 855 833
f 833 855 856 834
f 834 856 857 835
f 835 857 858 836
f 836 858 859 837
f 837 859 860 838
f 838 860 861 839
f 839 861 862 840
f 842 863 864 843
f 843 864 865 844
f 844 865 866 845
f 845 866 867 846
f 846 867 868 847
f 847 868 869 848
f 848 869 870 849
f 849 870 871 850
f 850 871 872 851
f 851 872 873 852
f 852 873 874 853
f 853 874 875 854
f 854 875 876 855
f 855 876 877 856
f 856 877 878 857
f 857 878 879 858
f 858 879 880 859
f 859 880 881 860
f 860 881 882 861
f 861 882 883 862
f 863 884 885 864
f 864 885 886 865
f 865 886 887 866
f 866 887 888 867
f 867 888 889 868
f 868 889 890 869
f 869 890 891 870
f 870 891 892 871
f 871 892 893 872
f 872 893 894 873
f 873 894 895 874
f 874 895 896 875
f 875 896 897 876
f 876 897 898 877
f 877 898 899 878
f 878 899 900 879
f 879 900 901 880
f 880 901 902 881
f 881 902 903 882
f 882 903 904 883
f 884 905 906 885
f 885 906 907 886
f 886 907 908 887
f 887 908 909 888
f 888 909 910 889
f 889 910 911 890
f 890 911 912 891
f 891 912 913 892
f 892 913 914 893
f 893 914 915 894
f 894 915 916 895
f 895 916 917 896
f 896 917 918 897
f 897 918 919 898
f 898 919 920 899
f 899 920 921 900
f 900 921 922 901
f 901 922 923 902
f 902 923 924 903
f 903 924 925 904
f 905 926 927 906
f 906 927 928 907
f 907 928 929 908
f 908 929 930 909
f 909 930 931 910
f 910 931 932 911
f 911 932 933 912
f 912 933 934 913
f 913 934 935 914
f 914 935 936 915
f 915 936 937 916
f 916 937 938 917
f 917 938 939 918
f 918 939 940 919
f 919 940 941 920
f 920 941 942 921
f 921 942 943 922
f 922 943 944 923
f 923 944 945 924
f 924 945 946 925
f 926 947 948 927
f 927 948 949 928
f 928 949 950 929
f 929 950 951 930
f 930 951 952 931
f 931 952 953 932
f 932 953 954 933
f 933 954 955 934
f 934 955 956 935
f 935 956 957 936
f 936 957 958 937
f 937 958 959 938
f 938 959 960 939
f 939 960 961 940
f 940 961 962 941
f 941 962 963 942
f 942 963 964 943
f 943 964 965 944
f 944 965 966 945
f 945 966 967 946
f 947 968 969 948
f 948 969 970 949
f 949 970 971 950
f 950 971 972 951
f 951 972 973 952
f 952 973 974 953
f 953 974 975 954
f 954 975 976 955
f 955 976 977 956
f 956 977 978 957
f 957 978 979 958
f 958 979 980 959
f 959 980 981 960
f 960 981 982 961
f 961 982 983 962
f 962 983 984 963
f 963 984 985 964
f 964 985 986 965
f 965 986 987 966
f 966 987 988 967
f 968 989 990 969
f 969 990 991 970
f 970 991 992 971
f 971 992 993 972
f 972 993 994 973
f 973 994 995 974
f 974 995 996 975
f 975 996 997 976
f 976 997 998 977
f 977 998 999 978
f 978 999 1000 979
f 979 1000 1001 980
f 980 1001 1002 981
f 981 1002 1003 982
f 982 1003 1004 983
f 983 1004 1005 984
f 984 1005 1006 985
f 985 1006 1007 986
f 986 1007 1008 987
f 987 1008 1009 988
f 989 1010 1011 990
f 990 1011 1012 991
f 991 1012 1013 992
f 992 1013 1014 993
f 993 1014 1015 994
f 994 1015 1016 995
f 995 1016 1017 996
f 996 1017 1018 997
f 997 1018 1019 998
f 998 1019 1020 999
f 999 1020 1021 1000
f 1000 1021 1022 1001
f 1001 1022 1023 1002
f 1002 1023 1024 1003
f 1003 1024 1025 1004
f 1004 1025 1026 1005
f 1005 1026 1027 1006
f 1006 1027 1028 1007
f 1007 1028 1029 1008
f 1008 1029 1030 1009
f 1010 1031 1032 1011
f 1011 1032 1033 1012
f 1012 1033 1034 1013
f 1013 1034 1035 1014
f 1014 1035 1036 1015
f 1015 1036 1037 1016
f 1016 1037 1038 1017
f 1017 1038 1039 1018
f 1018 1039 1040 1019
f 1019 1040 1041 1020
f 1020 1041 1042 1021
f 1021 1042 1043 1022
f 1022 1043 1044 1023
f 1023 1044 1045 1024
f 1024 1045 1046 1025
f 1025 1046 1047 1026
f 1026 1047 1048 1027
f 1027 1048 1049 1028
f 1028 1049 1050 1029
f 1029 1050 1051 1030
f 1031 1052 1053 1032
f 1032 1053 1054 1033
f 1033 1054 1055 1034
f 1034 1055 1056 1035
f 1035 1056 1057 1036
f 1036 1057 1058 1037
f 1037 1058 1059 1038
f 1038 1059 1060 1039
f 1039 1060 1061 1040
f 1040 1061 1062 1041
f 1041 1062 1063 1042
f 1042 1063 1064 1043
f 1043 1064 1065 1044
f 1044 1065 1066 1045
f 1045 1066 1067 1046
f 1046 1067 1068 1047
f 1047 1068 1069 1048
f 1048 1069 1070 1049
f 1049 1070 1071 1050
f 1050 1071 1072 1051
f 1052 1073 1074 1053
f 1053 1074 1075 1054
f 1054 1075 1076 1055
f 1055 1076 1077 1056
f 1056 1077 1078 1057
f 1057 1078 1079 1058
f 1058 1079 1080 1059
f 1059 1080 1081 1060
f 1060 1081 1082 1061
f 1061 1082 1083 1062
f 1062 1083 1084 1063
f 1063 1084 1085 1064
f 1064 1085 1086 1065
f 1065 1086 1087 1066
f 1066 1087 1088 1067
f 1067 1088 1089 1068
f 1068 1089 1090 1069
f 1069 1090 1091 1070
f 1070 1091 1092 1071
f 1073 1093 1094 1074
f 1074 1094 1095 1075
f 1075 1095 1096 1076
f 1076 1096 1097 1077
f 1077 1097 1098 1078
f 1078 1098 1099 1079
f 1079 1099 1100 1080
f 1080 1100 1101 1081
f 1081 1101 1102 1082
f 1082 1102 1103 1083
f 1083 1103 1104 1084
f 1084 1104 1105 1085
f 1085 1105 1106 1086
f 1086 1106 1107 1087
f 1087 1107 1108 1088
f 1088 1108 1109 1089
f 1089 1109 1110 1090
f 1090 1110 1111 1091
f 1091 1111 1112 1092
f 1092 1112 1113 1114
f 1093 1115 1116 1094
f 1094 1116 1117 1095
f 1095 1117 1118 1096
f 1096 1118 1119 1097
f 1097 1119 1120 1098
f 1098 1120 1121 1099
f 1099 1121 1122 1100
f 1100 1122 1123 1101
f 1101 1123 1124 1102
f 1102 1124 1125 1103
f 1103 1125 1126 1104
f 1104 1126 1127 1105
f 1105 1127 1128 1106
f 1106 1128 1129 1107
f 1107 1129 1130 1108
f 1108 1130 1131 1109
f 1109 1131 1132 1110
f 1110 1132 1133 1111
f 1111 1133 1134 1112
f 1112 1134 1135 1113
f 1115 1136 1137 1116
f 1116 1137 1138 1117
f 1117 1138 1139 1118
f 1118 1139 1140 1119
f 1119 1140 1141 1120
f 1120 1141 1142 1121
f 1121 1142 1143 1122
f 1122 1143 1144 1123
f 1123 1144 1145 1124
f 1124 1145 1146 1125
f 1125 1146 1147 1126
f 1126 1147 1148 1127
f 1127 1148 1149 1128
f 1128 1149 1150 1129
f 1129 1150 1151 1130
f 1130 1151 1152 1131
f 1131 1152 1153 1132
f 1132 1153 1154 1133
f 1133 1154 1155 1134
f 1134 1155 1156 1135
f 1136 1157 1158 1137
f 1137 1158 1159 1138
f 1138 1159 1160 1139
f 1139 1160 1161 1140
f 1140 1161 1162 1141
f 1141 1162 1163 1142
f 1142 1163 1164 1143
f 1143 1164 1165 1144
f 1144 1165 1166 1145
f 1145 1166 1167 1146
f 1146 1167 1168 1147
f 1147 1168 1169 1148
f 1148 1169 1170 1149
f 1149 1170 1171 1150
f 1150 1171 1172 1151
f 1151 1172 1173 1152
f 1152 1173 1174 1153
f 1153 1174 1175 1154
f 1154 1175 1176 1155
f 1155 1176 1177 1156
f 1157 1178 1179 1158
f 1158 1179 1180 1159
f 1159 1180 1181 1160
f 1160 1181 1182 1161
f 1161 1182 1183 1162
f 1162 1183 1184 1163
f 1163 1184 1185 1164
f 1164 1185 1186 1165
f 1165 1186 1187 1166
f 1166 1187 1188 1167
f 1167 1188 1189 1168
f 1168 1189 1190 1169
f 1169 1190 1191 1170
f 1170 1191 1192 1171
f 1171 1192 1193 1172
f 1172 1193 1194 1173
f 1173 1194 1195 1174
f 1174 1195 1196 1175
f 1175 1196 1197 1176
f 1176 1197 1198 1177
f 1178 1199 1200 1179
f 1179 1200 1201 1180
f 1180 1201 1202 1181
f 1181 1202 1203 1182
f 1182 1203 1204 1183
f 1183 1204 1205 1184
f 1184 1205 1206 1185
f 1185 1206 1207 1186
f 1186 1207 1208 1187
f 1187 1208 1209 1188
f 1188 1209 1210 1189
f 1189 1210 1211 1190
f 1190 1211 1212 1191
f 1191 1212 1213 1192
f 1192 1213 1214 1193
f 1193 1214 1215 1194
f 1194 1215 1216 1195
f 1195 1216 1217 1196
f 1196 1217 1218 1197
f 1197 1218 1219 1198
f 1199 1220 1221 1200
f 1200 1221 1222 1201
f 1201 1222 1223 1202
f 1202 1223 1224 1203
f 1203 1224 1225 1204
f 1204 1225 1226 1205
f 1205 1226 1227 1206
f 1206 1227 1228 1207
f 1207 1228 1229 1208
f 1208 1229 1230 1209
f 1209 1230 1231 1210
f 1210 1231 1232 1211
f 1211 1232 1233 1212
f 1212 1233 1234 1213
f 1213 1234 1235 1214
f 1214 1235 1236 1215
f 1215 1236 1237 1216
f 1216 1237 1238 1217
f 1217 1238 1239 1218
f 1218 1239 1240 1219
f 1220 1241 1242 1221
f 1221 1242 1243 1222
f 1222 1243 1244 1223
f 1223 1244 1245 1224
f 1224 1245 1246 1225
f 1225 1246 1247 1226
f 1226 1247 1248 1227
f 1227 1248 1249 1228
f 1228 1249 1250 1229
f 1229 1250 1251 1230
f 1230 1251 1252 1231
f 1231 1252 1253 1232
f 1232 1253 1254 1233
f 1233 1254 1255 1234
f 1234 1255 1256 1235
f 1235 1256 1257 1236
f 1236 1257 1258 1237
f 1237 1258 1259 1238
f 1238 1259 1260 1239
f 1239 1260 1261 1240
f 1241 1262 1263 1242
f 1242 1263 1264 1243
f 1243 1264 1265 1244
f 1244 1265 1266 1245
f 1245 1266 1267 1246
f 1246 1267 1268 1247
f 1247 1268 1269 1248
f 1248 1269 1270 1249
f 1249 1270 1271 1250
f 1250 1271 1272 1251
f 1251 1272 1273 1252
f 1252 1273 1274 1253
f 1253 1274 1275 1254
f 1254 1275 1276 1255
f 1255 1276 1277 1256
f 1256 1277 1278 1257
f 1257 1278 1279 1258
f 1258 1279 1280 1259
f 1259 1280 1281 1260
f 1260 1281 1282 1261
f 1262 1283 1284 1263
f 1263 1284 1285 1264
f 1264 1285 1286 1265
f 1265 1286 1287 1266
f 1266 1287 1288 1267
f 1267 1288 1289 1268
f 1268 1289 1290 1269
f 1269 1290 1291 1270
f 1270 1291 1292 1271
f 1271 1292 1293 1272
f 1272 1293 1294 1273
f 1273 1294 1295 1274
f 1274 1295 1296 1275
f 1275 1296 1297 1276
f 1276 1297 1298 1277
f 1277 1298 1299 1278
f 1278 1299 1300 1279
f 1279 1300 1301 1280
f 1280 1301 1302 1281
f 1281 1302 1303 1282
f 1283 1304 1305 1284
f 1284 1305 1306 1285
f 1285 1306 1307 1286
f 1286 1307 1308 1287
f 1287 1308 1309 1288
f 1288 1309 1310 1289
f 1289 1310 1311 1290
f 1290 1311 1312 1291
f 1291 1312 1313 1292
f 1292 1313 1314 1293
f 1293 1314 1315 1294
f 1294 1315 1316 1295
f 1295 1316 1317 1296
f 1296 1317 1318 1297
f 1297 1318 1319 1298
f 1298 1319 1320 1299
f 1299 1320 1321 1300
f 1300 1321 1322 1301
f 1301 1322 1323 1302
f 1302 1323 1324 1303
f 1304 1325 1326 1305
f 1305 1326 1327 1306
f 1306 1327 1328 1307
f 1307 1328 1329 1308
f 1308 1329 1330 1309
f 1309 1330 1331 1310
f 1310 1331 1332 1311
f 1311 1332 1333 1312
f 1312 1333 1334 1313
f 1313 1334 1335 1314
f 1314 1335 1336 1315
f 1315 1336 1337 1316
f 1316 1337 1338 1317
f 1317 1338 1339 1318
f 1318 1339 1340 1319
f 1319 1340 1341 1320
f 1320 1341 1342 1321
f 1321 1342 1343 1322
f 1322 1343 1344 1323
f 1323 1344 1345 1324
f 1325 1346 1347 1326
f 1326 1347 1348 1327
f 1327 1348 1349 1328
f 1328 1349 1350 1329
f 1329 1350 1351 1330
f 1330 1351 1352 1331
f 1331 1352 1353 1332
f 1332 1353 1354 1333
f 1333 1354 1355 1334
f 1334 1355 1356 1335
f 1335 1356 1357 1336
f 1336 1357 1358 1337
f 1337 1358 1359 1338
f 1338 1359 1360 1339
f 1339 1360 1361 1340
f 1340 1361 1362 1341
f 1341 1362 1363 1342
f 1342 1363 1364 1343
f 1343 1364 1365 1344
f 1344 1365 1366 1345
f 1346 1367 1368 1347
f 1347 1368 1369 1348
f 1348 1369 1370 1349
f 1349 1370 1371 1350
f 1350 1371 1372 1351
f 1351 1372 1373 1352
f 1352 1373 1374 1353
f 1353 1374 1375 1354
f 1354 1375 1376 1355
f 1355 1376 1377 1356
f 1356 1377 1378 1357
f 1357 1378 1379 1358
f 1358 1379 1380 1359
f 1359 1380 1381 1360
f 1360 1381 1382 1361
f 1361 1382 1383 1362
f 1362 1383 1384 1363
f 1363 1384 1385 1364
f 1364 1385 1386 1365
f 1365 1386 1387 1366
f 1367 1388 1389 1368
f 1368 1389 1390 1369
f 1369 1390 1391 1370
f 1370 1391 1392 1371
f 1371 1392 1393 1372
f 1372 1393 1394 1373
f 1373 1394 1395 1374
f 1374 1395 1396 1375
f 1375 1396 1397 1376
f 1376 1397 1398 1377
f 1377 1398 1399 1378
f 1378 1399 1400 1379
f 1379 1400 1401 1380
f 1380 1401 1402 1381
f 1381 1402 1403 1382
f 1382 1403 1404 1383
f 1383 1404 1405 1384
f 1384 1405 1406 1385
f 1385 1406 1407 1386
f 1386 1407 1408 1387
f 1388 1409 1410 1389
f 1389 1410 1411 1390
f 1390 1411 1412 1391
f 1391 1412 1413 1392
f 1392 1413 1414 1393
f 1393 1414 1415 1394
f 1394 1415 1416 1395
f 1395 1416 1417 1396
f 1396 1417 1418 1397
f 1397 1418 1419 1398
f 1398 1419 1420 1399
f 1399 1420 1421 1400
f 1400 1421 1422 1401
f 1401 1422 1423 1402
f 1402 1423 1424 1403
f 1403 1424 1425 1404
f 1404 1425 1426 1405
f 1405 1426 1427 1406
f 1406 1427 1428 1407
f 1407 1428 1429 1408
f 1409 1430 1431 1410
f 1410 1431 1432 1411
f 1411 1432 1433 1412
f 1412 1433 1434 1413
f 1413 1434 1435 1414
f 1414 1435 1436 1415
f 1415 1436 1437 1416
f 1416 1437 1438 1417
f 1417 1438 1439 1418
f 1418 1439 1440 1419
f 1419 1440 1441 1420
f 1420 1441 1442 1421
f 1421 1442 1443 1422
f 1422 1443 1444 1423
f 1423 1444 1445 1424
f 1424 1445 1446 1425
f 1425 1446 1447 1426
f 1426 1447 1448 1427
f 1427 1448 1449 1428
f 1428 1449 1450 1429
f 1430 1451 1452 1431
f 1431 1452 1453 1432
f 1432 1453 1454 1433
f 1433 1454 1455 1434
f 1434 1455 1456 1435
f 1435 1456 1457 1436
f 1436 1457 1458 1437
f 1437 1458 1459 1438
f 1438 1459 1460 1439
f 1439 1460 1461 1440
f 1440 1461 1462 1441
f 1441 1462 1463 1442
f 1442 1463 1464 1443
f 1443 1464 1465 1444
f 1444 1465 1466 1445
f 1445 1466 1467 1446
f 1446 1467 1468 1447
f 1447 1468 1469 1448
f 1448 1469 1470 1449
f 1449 1470 1471 1450
f 1451 1472 1473 1452
f 1452 1473 1474 1453
f 1453 1474 1475 1454
f 1454 1475 1476 1455
f 1455 1476 1477 1456
f 1456 1477 1478 1457
f 1457 1478 1479 1458
f 1458 1479 1480 1459
f 1459 1480 1481 1460
f 1460 1481 1482 1461
f 1461 1482 1483 1462
f 1462 1483 1484 1463
f 1463 1484 1485 1464
f 1464 1485 1486 1465
f 1465 1486 1487 1466
f 1466 1487 1488 1467
f 1467 1488 1489 1468
f 1468 1489 1490 1469
f 1469 1490 1491 1470
f 1470 1491 1492 1471
f 1472 1493 1494 1473
f 1473 1494 1495 1474
f 1474 1495 1496 1475
f 1475 1496 1497 1476
f 1476 1497 1498 1477
f 1477 1498 1499 1478
f 1478 1499 1500 1479
f 1479 1500 1501 1480
f 1480 1501 1502 1481
f 1481 1502 1503 1482
f 1482 1503 1504 1483
f 1483 1504 1505 1484
f 1484 1505 1506 1485
f 1485 1506 1507 1486
f 1486 1507 1508 1487
f 1487 1508 1509 1488
f 1488 1509 1510 1489
f 1489 1510 1511 1490
f 1490 1511 1512 1491
f 1491 1512 1513 1492
f 1493 1514 1515 1494
f 1494 1515 1516 1495
f 1495 1516 1517 1496
f 1496 1517 1518 1497
f 1497 1518 1519 1498
f 1498 1519 1520 1499
f 1499 1520 1521 1500
f 1500 1521 1522 1501
f 1501 1522 1523 1502
f 1502 1523 1524 1503
f 1503 1524 1525 1504
f 1504 1525 1526 1505
f 1505 1526 1527 1506
f 1506 1527 1528 1507
f 1507 1528 1529 1508
f 1508 1529 1530 1509
f 1509 1530 1531 1510
f 1510 1531 1532 1511
f 1511 1532 1533 1512
f 1512 1533 1534 1513
f 1514 1535 1536 1515
f 1515 1536 1537 1516
f 1516 1537 1538 1517
f 1517 1538 1539 1518
f 1518 1539 1540 1519
f 1519 1540 1541 1520
f 1520 1541 1542 1521
f 1521 1542 1543 1522
f 1522 1543 1544 1523
f 1523 1544 1545 1524
f 1524 1545 1546 1525
f 1525 1546 1547 1526
f 1526 1547 1548 1527
f 1527 1548 1549 1528
f 1528 1549 1550 1529
f 1529 1550 1551 1530
f 1530 1551 1552 1531
f 1531 1552 1553 1532
f 1532 1553 1554 1533
f 1533 1554 1555 1534
f 1535 1556 1557 1536
f 1536 1557 1558 1537
f 1537 1558 1559 1538
f 1538 1559 1560 1539
f 1539 1560 1561 1540
f 1540 1561 1562 1541
f 1541 1562 1563 1542
f 1542 1563 1564 1543
f 1543 1564 1565 1544
f 1544 1565 1566 1545
f 1545 1566 1567 1546
f 1546 1567 1568 1547
f 1547 1568 1569 1548
f 1548 1569 1570 1549
f 1549 1570 1571 1550
f 1550 1571 1572 1551
f 1551 1572 1573 1552
f 1552 1573 1574 1553
f 1553 1574 1575 1554
f 1554 1575 1576 1555
f 1556 1577 1578 1557
f 1557 1578 1579 1558
f 1558 1579 1580 1559
f 1559 1580 1581 1560
f 1560 1581 1582 1561
f 1561 1582 1583 1562
f 1562 1583 1584 1563
f 1563 1584 1585 1564
f 1564 1585 1586 1565
f 1565 1586 1587 1566
f 1566 1587 1588 1567
f 1567 1588 1589 1568
f 1568 1589 1590 1569
f 1569 1590 1591 1570
f 1570 1591 1592 1571
f 1571 1592 1593 1572
f 1572 1593 1594 1573
f 1573 1594 1595 1574
f 1574 1595 1596 1575
f 1575 1596 1597 1576
f 1577 1598 1599 1578
f 1578 1599 1600 1579
f 1579 1600 1601 1580
f 1580 1601 1602 1581
f 1581 1602 1603 1582
f 1582 1603 1604 1583
f 1583 1604 1605 1584
f 1584 1605 1606 1585
f 1585 1606 1607 1586
f 1586 1607 1608 1587
f 1587 1608 1609 1588
f 1588 1609 1610 1589
f 1589 1610 1611 1590
f 1590 1611 1612 1591
f 1591 1612 1613 1592
f 1592 1613 1614 1593
f 1593 1614 1615 1594
f 1594 1615 1616 1595
f 1595 1616 1617 1596
f 1596 1617 1618 1597
f 1598 1619 1620 1599
f 1599 1620 1621 1600
f 1600 1621 1622 1601
f 1601 1622 1623 1602
f 1602 1623 1624 1603
f 1603 1624 1625 1604
f 1604 1625 1626 1605
f 1605 1626 1627 1606
f 1606 1627 1628 1607
f 1607 1628 1629 1608
f 1608 1629 1630 1609
f 1609 1630 1631 1610
f 1610 1631 1632 1611
f 1611 1632 1633 1612
f 1612 1633 1634 1613
f 1613 1634 1635 1614
f 1614 1635 1636 1615
f 1615 1636 1637 1616
f 1616 1637 1638 1617
f 1617 1638 1639 1618
f 1619 1640 1641 1620
f 1620 1641 1642 1621
f 1621 1642 1643 1622
f 1622 1643 1644 1623
f 1623 1644 1645 1624
f 1624 1645 1646 1625
f 1625 1646 1647 1626
f 1626 1647 1648 1627
f 1627 1648 1649 1628
f 1628 1649 1650 1629
f 1629 1650 1651 1630
f 1630 1651 1652 1631
f 1631 1652 1653 1632
f 1632 1653 1654 1633
f 1633 1654 1655 1634
f 1634 1655 1656 1635
f 1635 1656 1657 1636
f 1636 1657 1658 1637
f 1637 1658 1659 1638
f 1638 1659 1660 1639
f 1640 1661 1662 1641
f 1641 1662 1663 1642
f 1642 1663 1664 1643
f 1643 1664 1665 1644
f 1644 1665 1666 1645
f 1645 1666 1667 1646
f 1646 1667 1668 1647
f 1647 1668 1669 1648
f 1648 1669 1670 1649
f 1649 1670 1671 1650
f 1650 1671 1672 1651
f 1651 1672 1673 1652
f 1652 1673 1674 1653
f 1653 1674 1675 1654
f 1654 1675 1676 1655
f 1655 1676 1677 1656
f 1656 1677 1678 1657
f 1657 1678 1679 1658
f 1658 1679 1680 1659
f 1659 1680 1681 1660
f 1661 1682 1683 1662
f 1662 1683 1684 1663
f 1663 1684 1685 1664
f 1664 1685 1686 1665
f 1665 1686 1687 1666
f 1666 1687 1688 1667
f 1667 1688 1689 1668
f 1668 1689 1690 1669
f 1669 1690 1691 1670
f 1670 1691 1692 1671
f 1671 1692 1693 1672
f 1672 1693 1694 1673
f 1673 1694 1695 1674
f 1674 1695 1696 1675
f 1675 1696 1697 1676
f 1676 1697 1698 1677
f 1677 1698 1699 1678
f 1678 1699 1700 1679
f 1679 1700 1701 1680
f 1680 1701 1702 1681
f 1682 1703 1704 1683
f 1683 1704 1705 1684
f 1684 1705 1706 1685
f 1685 1706 1707 1686
f 1686 1707 1708 1687
f 1687 1708 1709 1688
f 1688 1709 1710 1689
f 1689 1710 1711 1690
f 1690 1711 1712 1691
f 1691 1712 1713 1692
f 1692 1713 1714 1693
f 1693 1714 1715 1694
f 1694 1715 1716 1695
f 1695 1716 1717 1696
f 1696 1717 1718 1697
f 1697 1718 1719 1698
f 1698 1719 1720 1699
f 1699 1720 1721 1700
f 1700 1721 1722 1701
f 1701 1722 1723 1702
f 1703 1724 1725 1704
f 1704 1725 1726 1705
f 1705 1726 1727 1706
f 1706 1727 1728 1707
f 1707 1728 1729 1708
f 1708 1729 1730 1709
f 1709 1730 1731 1710
f 1710 1731 1732 1711
f 1711 1732 1733 1712
f 1712 1733 1734 1713
f 1713 1734 1735 1714
f 1714 1735 1736 1715
f 1715 1736 1737 1716
f 1716 1737 1738 1717
f 1717 1738 1739 1718
f 1718 1739 1740 1719
f 1719 1740 1741 1720
f 1720 1741 1742 1721
f 1721 1742 1743 1722
f 1722 1743 1744 1723
f 1724 1745 1746 1725
f 1725 1746 1747 1726
f 1726 1747 1748 1727
f 1727 1748 1749 1728
f 1728 1749 1750 1729
f 1729 1750 1751 1730
f 1730 1751 1752 1731
f 1731 1752 1753 1732
f 1732 1753 1754 1733
f 1733 1754 1755 1734
f 1734 1755 1756 1735
f 1735 1756 1757 1736
f 1736 1757 1758 1737
f 1737 1758 1759 1738
f 1738 1759 1760 1739
f 1739 1760 1761 1740
f 1740 1761 1762 1741
f 1741 1762 1763 1742
f 1742 1763 1764 1743
f 1743 1764 1765 1744
f 1745 1766 1767 1746
f 1746 1767 1768 1747
f 1747 1768 1769 1748
f 1748 1769 1770 1749
f 1749 1770 1771 1750
f 1750 1771 1772 1751
f 1751 1772 1773 1752
f 1752 1773 1774 1753
f 1753 1774 1775 1754
f 1754 1775 1776 1755
f 1755 1776 1777 1756
f 1756 1777 1778 1757
f 1757 1778 1779 1758
f 1758 1779 1780 1759
f 1759 1780 1781 1760
f 1760 1781 1782 1761
f 1761 1782 1783 1762
f 1762 1783 1784 1763
f 1763 1784 1785 1764
f 1764 1785 1786 1765
g observed_plane_2
f 1787 1788 1789 1790
f 1790 1789 1791 1792
f 1792 1791 1793 1794
f 1794 1793 1795 1796
f 1796 1795 1797 1798
f 1798 1797 1799 1800
f 1800 1799 1801 1802
f 1802 1801 1803 1804
f 1804 1803 1805 1806
f 1806 1805 1807 1808
f 1808 1807 1809 1810
f 1810 1809 1811 1812
f 1812 1811 1813 1814
f 1814 1813 1815 1816
f 1816 1815 1817 1818
f 1818 1817 1819 1820
f 1820 1819 1821 1822
f 1822 1821 1823 1824
f 1824 1823 1825 1826
f 1788 1827 1828 1789
f 1789 1828 1829 1791
f 1791 1829 1830 1793
f 1793 1830 1831 1795
f 1795 1831 1832 1797
f 1797 1832 1833 1799
f 1799 1833 1834 1801
f 1801 1834 1835 1803
f 1803 1835 1836 1805
f 1805 1836 1837 1807
f 1807 1837 1838 1809
f 1809 1838 1839 1811
f 1811 1839 1840 1813
f 1813 1840 1841 1815
f 1815 1841 1842 1817
f 1817 1842 1843 1819
f 1819 1843 1844 1821
f 1821 1844 1845 1823
f 1823 1845 1846 1825
f 1825 1846 1847 1848
f 1827 1849 1850 1828
f 1828 1850 1851 1829
f 1829 1851 1852 1830
f 1830 1852 1853 1831
f 1831 1853 1854 1832
f 1832 1854 1855 1833
f 1833 1855 1856 1834
f 1834 1856 1857 1835
f 1835 1857 1858 1836
f 1836 1858 1859 1837
f 1837 1859 1860 1838
f 1838 1860 1861 1839
f 1839 1861 1862 1840
f 1840 1862 1863 1841
f 1841 1863 1864 1842
f 1842 1864 1865 1843
f 1843 1865 1866 1844
f 1844 1866 1867 1845
f 1845 1867 1868 1846
f 1846 1868 1869 1847
f 1849 1870 1871 1850
f 1850 1871 1872 1851
f 1851 1872 1873 1852
f 1852 1873 1874 1853
f 1853 1874 1875 1854
f 1854 1875 1876 1855
f 1855 1876 1877 1856
f 1856 1877 1878 1857
f 1857 1878 1879 1858
f 1858 1879 1880 1859
f 1859 1880 1881 1860
f 1860 1881 1882 1861
f 1861 1882 1883 1862
f 1862 1883 1884 1863
f 1863 1884 1885 1864
f 1864 1885 1886 1865
f 1865 1886 1887 1866
f 1866 1887 1888 1867
f 1867 1888 1889 1868
f 1868 1889 1890 1869
f 1870 1891 1892 1871
f 1871 1892 1893 1872
f 1872 1893 1894 1873
f 1873 1894 1895 1874
f 1874 1895 1896 1875
f 1875 1896 1897 1876
f 1876 1897 1898 1877
f 1877 1898 1899 1878
f 1878 1899 1900 1879
f 1879 1900 1901 1880
f 1880 1901 1902 1881
f 1881 1902 1903 1882
f 1882 1903 1904 1883
f 1883 1904 1905 1884
f 1884 1905 1906 1885
f 1885 1906 1907 1886
f 1886 1907 1908 1887
f 1887 1908 1909 1888
f 1888 1909 1910 1889
f 1889 1910 1911 1890
f 1891 1912 1913 1892
f 1892 1913 1914 1893
f 1893 1914 1915 1894
f 1894 1915 1916 1895
f 1895 1916 1917 1896
f 1896 1917 1918 1897
f 1897 1918 1919 1898
f 1898 1919 1920 1899
f 1899 1920 1921 1900
f 1900 1921 1922 1901
f 1901 1922 1923 1902
f 1902 1923 1924 1903
f 1903 1924 1925 1904
f 1904 1925 1926 1905
f 1905 1926 1927 1906
f 1906 1927 1928 1907
f 1907 1928 1929 1908
f 1908 1929 1930 1909
f 1909 1930 1931 1910
f 1910 1931 1932 1911
f 1912 1933 1934 1913
f 1913 1934 1935 1914
f 1914 1935 1936 1915
f 1915 1936 1937 1916
f 1916 1937 1938 1917
f 1917 1938 1939 1918
f 1918 1939 1940 1919
f 1919 1940 1941 1920
f 1920 1941 1942 1921
f 1921 1942 1943 1922
f 1922 1943 1944 1923
f 1923 1944 1945 1924
f 1924 1945 1946 1925
f 1925 1946 1947 1926
f 1926 1947 1948 1927
f 1927 1948 1949 1928
f 1928 1949 1950 1929
f 1929 1950 1951 1930
f 1930 1951 1952 1931
f 1931 1952 1953 1932
f 1933 1954 1955 1934
f 1934 1955 1956 1935
f 1935 1956 1957 1936
f 1936 1957 1958 1937
f 1937 1958 1959 1938
f 1938 1959 1960 1939
f 1939 1960 1961 1940
f 1940 1961 1962 1941
f 1941 1962 1963 1942
f 1942 1963 1964 1943
f 1943 1964 1965 1944
f 1944 1965 1966 1945
f 1945 1966 1967 1946
f 1946 1967 1968 1947
f 1947 1968 1969 1948
f 1948 1969 1970 1949
f 1949 1970 1971 1950
f 1950 1971 1972 1951
f 1951 1972 1973 1952
f 1952 1973 1974 1953
f 1954 1975 1976 1955
f 1955 1976 1977 1956
f 1956 1977 1978 1957
f 1957 1978 1979 1958
f 1958 1979 1980 1959
f 1959 1980 1981 1960
f 1960 1981 1982 1961
f 1961 1982 1983 1962
f 1962 1983 1984 1963
f 1963 1984 1985 1964
f 1964 1985 1986 1965
f 1965 1986 1987 1966
f 1966 1987 1988 1967
f 1967 1988 1989 1968
f 1968 1989 1990 1969
f 1969 1990 1991 1970
f 1970 1991 1992 1971
f 1971 1992 1993 1972
f 1972 1993 1994 1973
f 1973 1994 1995 1974
f 1975 1996 1997 1976
f 1976 1997 1998 1977
f 1977 1998 1999 1978
f 1978 1999 2000 1979
f 1979 2000 2001 1980
f 1980 2001 2002 1981
f 1981 2002 2003 1982
f 1982 2003 2004 1983
f 1983 2004 2005 1984
f 1984 2005 2006 1985
f 1985 2006 2007 1986
f 1986 2007 2008 1987
f 1987 2008 2009 1988
f 1988 2009 2010 1989
f 1989 2010 2011 1990
f 1990 2011 2012 1991
f 1991 2012 2013 1992
f 1992 2013 2014 1993
f 1993 2014 2015 1994
f 1994 2015 2016 1995
f 1996 2017 2018 1997
f 1997 2018 2019 1998
f 1998 2019 2020 1999
f 1999 2020 2021 2000
f 2000 2021 2022 2001
f 2001 2022 2023 2002
f 2002 2023 2024 2003
f 2003 2024 2025 2004
f 2004 2025 2026 2005
f 2005 2026 2027 2006
f 2006 2027 2028 2007
f 2007 2028 2029 2008
f 2008 2029 2030 2009
f 2009 2030 2031 2010
f 2010 2031 2032 2011
f 2011 2032 2033 2012
f 2012 2033 2034 2013
f 2013 2034 2035 2014
f 2014 2035 2036 2015
f 2015 2036 2037 2016
f 2017 2038 2039 2018
f 2018 2039 2040 2019
f 2019 2040 2041 2020
f 2020 2041 2042 2021
f 2021 2042 2043 2022
f 2022 2043 2044 2023
f 2023 2044 2045 2024
f 2024 2045 2046 2025
f 2025 2046 2047 2026
f 2026 2047 2048 2027
f 2027 2048 2049 2028
f 2028 2049 2050 2029
f 2029 2050 2051 2030
f 2030 2051 2052 2031
f 2031 2052 2053 2032
f 2032 2053 2054 2033
f 2033 2054 2055 2034
f 2034 2055 2056 2035
f 2035 2056 2057 2036
f 2036 2057 2058 2037
f 2038 2059 2060 2039
f 2039 2060 2061 2040
f 2040 2061 2062 2041
f 2041 2062 2063 2042
f 2042 2063 2064 2043
f 2043 2064 2065 2044
f 2044 2065 2066 2045
f 2045 2066 2067 2046
f 2046 2067 2068 2047
f 2047 2068 2069 2048
f 2048 2069 2070 2049
f 2049 2070 2071 2050
f 2050 2071 2072 2051
f 2051 2072 2073 2052
f 2052 2073 2074 2053
f 2053 2074 2075 2054
f 2054 2075 2076 2055
f 2055 2076 2077 2056
f 2056 2077 2078 2057
f 2057 2078 2079 2058
f 2059 2080 2081 2060
f 2060 2081 2082 2061
f 2061 2082 2083 2062
f 2062 2083 2084 2063
f 2063 2084 2085 2064
f 2064 2085 2086 2065
f 2065 2086 2087 2066
f 2066 2087 2088 2067
f 2067 2088 2089 2068
f 2068 2089 2090 2069
f 2069 2090 2091 2070
f 2070 2091 2092 2071
f 2071 2092 2093 2072
f 2072 2093 2094 2073
f 2074 2095 2096 2075
f 2075 2096 2097 2076
f 2076 2097 2098 2077
f 2077 2098 2099 2078
f 2080 2100 2101 2081
f 2081 2101 2102 2082
f 2082 2102 2103 2083
f 2083 2103 2104 2084
f 2084 2104 2105 2085
f 2085 2105 2106 2086
f 2086 2106 2107 2087
f 2087 2107 2108 2088
f 2088 2108 2109 2089
f 2089 2109 2110 2090
f 2090 2110 2111 2091
f 2091 2111 2112 2092
f 2092 2112 2113 2093
f 2093 2113 2114 2094
f 2094 2114 2115 2095
f 2095 2115 2116 2096
f 2096 2116 2117 2097
f 2097 2117 2118 2098
f 2098 2118 2119 2099
f 2099 2119 2120 2121
f 2100 2122 2123 2101
f 2101 2123 2124 2102
f 2102 2124 2125 2103
f 2103 2125 2126 2104
f 2104 2126 2127 2105
f 2105 2127 2128 2106
f 2106 2128 2129 2107
f 2107 2129 2130 2108
f 2108 2130 2131 2109
f 2109 2131 2132 2110
f 2110 2132 2133 2111
f 2111 2133 2134 2112
f 2112 2134 2135 2113
f 2113 2135 2136 2114
f 2114 2136 2137 2115
f 2115 2137 2138 2116
f 2116 2138 2139 2117
f 2117 2139 2140 2118
f 2118 2140 2141 2119
f 2119 2141 2142 2120
f 2122 2143 2144 2123
f 2123 2144 2145 2124
f 2124 2145 2146 2125
f 2125 2146 2147 2126
f 2126 2147 2148 2127
f 2127 2148 2149 2128
f 2128 2149 2150 2129
f 2129 2150 2151 2130
f 2130 2151 2152 2131
f 2131 2152 2153 2132
f 2132 2153 2154 2133
f 2133 2154 2155 2134
f 2134 2155 2156 2135
f 2135 2156 2157 2136
f 2136 2157 2158 2137
f 2137 2158 2159 2138
f 2138 2159 2160 2139
f 2139 2160 2161 2140
f 2140 2161 2162 2141
f 2141 2162 2163 2142
f 2143 2164 2165 2144
f 2144 2165 2166 2145
f 2145 2166 2167 2146
f 2146 2167 2168 2147
f 2147 2168 2169 2148
f 2148 2169 2170 2149
f 2149 2170 2171 2150
f 2150 2171 2172 2151
f 2151 2172 2173 2152
f 2152 2173 2174 2153
f 2153 2174 2175 2154
f 2154 2175 2176 2155
f 2155 2176 2177 2156
f 2156 2177 2178 2157
f 2157 2178 2179 2158
f 2158 2179 2180 2159
f 2159 2180 2181 2160
f 2160 2181 2182 2161
f 2161 2182 2183 2162
f 2162 2183 2184 2163
f 2164 2185 2186 2165
f 2165 2186 2187 2166
f 2166 2187 2188 2167
f 2167 2188 2189 2168
f 2168 2189 2190 2169
f 2169 2190 2191 2170
f 2170 2191 2192 2171
f 2171 2192 2193 2172
f 2172 2193 2194 2173
f 2173 2194 2195 2174
f 2174 2195 2196 2175
f 2175 2196 2197 2176
f 2176 2197 2198 2177
f 2177 2198 2199 2178
f 2178 2199 2200 2179
f 2179 2200 2201 2180
f 2180 2201 2202 2181
f 2181 2202 2203 2182
f 2182 2203 2204 2183
f 2183 2204 2205 2184
f 2185 2206 2207 2186
f 2186 2207 2208 2187
f 2187 2208 2209 2188
f 2188 2209 2210 2189
f 2189 2210 2211 2190
f 2190 2211 2212 2191
f 2191 2212 2213 2192
f 2192 2213 2214 2193
f 2193 2214 2215 2194
f 2194 2215 2216 2195
f 2195 2216 2217 2196
f 2196 2217 2218 2197
f 2197 2218 2219 2198
f 2198 2219 2220 2199
f 2199 2220 2221 2200
f 2200 2221 2222 2201
f 2201 2222 2223 2202
f 2202 2223 2224 2203
f 2203 2224 2225 2204
f 2204 2225 2226 2205
f 2206 2227 2228 2207
f 2207 2228 2229 2208
f 2208 2229 2230 2209
f 2209 2230 2231 2210
f 2210 2231 2232 2211
f 2211 2232 2233 2212
f 2212 2233 2234 2213
f 2213 2234 2235 2214
f 2214 2235 2236 2215
f 2215 2236 2237 2216
f 2216 2237 2238 2217
f 2217 2238 2239 2218
f 2218 2239 2240 2219
f 2219 2240 2241 2220
f 2220 2241 2242 2221
f 2221 2242 2243 2222
f 2222 2243 2244 2223
f 2223 2244 2245 2224
f 2224 2245 2246 2225
f 2225 2246 2247 2226
f 2227 2248 2249 2228
f 2228 2249 2250 2229
f 2229 2250 2251 2230
f 2230 2251 2252 2231
f 2231 2252 2253 2232
f 2232 2253 2254 2233
f 2233 2254 2255 2234
f 2234 2255 2256 2235
f 2235 2256 2257 2236
f 2236 2257 2258 2237
f 2237 2258 2259 2238
f 2238 2259 2260 2239
f 2239 2260 2261 2240
f 2240 2261 2262 2241
f 2241 2262 2263 2242
f 2242 2263 2264 2243
f 2243 2264 2265 2244
f 2244 2265 2266 2245
f 2245 2266 2267 2246
f 2246 2267 2268 2247
f 2248 2269 2270 2249
f 2249 2270 2271 2250
f 2250 2271 2272 2251
f 2251 2272 2273 2252
f 2252 2273 2274 2253
f 2253 2274 2275 2254
f 2254 2275 2276 2255
f 2255 2276 2277 2256
f 2256 2277 2278 2257
f 2257 2278 2279 2258
f 2258 2279 2280 2259
f 2259 2280 2281 2260
f 2260 2281 2282 2261
f 2261 2282 2283 2262
f 2262 2283 2284 2263
f 2263 2284 2285 2264
f 2264 2285 2286 2265
f 2265 2286 2287 2266
f 2266 2287 2288 2267
f 2267 2288 2289 2268
f 2269 2290 2291 2270
f 2270 2291 2292 2271
f 2271 2292 2293 2272
f 2272 2293 2294 2273
f 2273 2294 2295 2274
f 2274 2295 2296 2275
f 2275 2296 2297 2276
f 2276 2297 2298 2277
f 2277 2298 2299 2278
f 2278 2299 2300 2279
f 2279 2300 2301 2280
f 2280 2301 2302 2281
f 2281 2302 2303 2282
f 2282 2303 2304 2283
f 2283 2304 2305 2284
f 2284 2305 2306 2285
f 2285 2306 2307 2286
f 2286 2307 2308 2287
f 2287 2308 2309 2288
f 2288 2309 2310 2289
f 2290 2311 2312 2291
f 2291 2312 2313 2292
f 2292 2313 2314 2293
f 2293 2314 2315 2294
f 2294 2315 2316 2295
f 2295 2316 2317 2296
f 2296 2317 2318 2297
f 2297 2318 2319 2298
f 2298 2319 2320 2299
f 2299 2320 2321 2300
f 2300 2321 2322 2301
f 2301 2322 2323 2302
f 2302 2323 2324 2303
f 2303 2324 2325 2304
f 2304 2325 2326 2305
f 2305 2326 2327 2306
f 2306 2327 2328 2307
f 2307 2328 2329 2308
f 2308 2329 2330 2309
f 2309 2330 2331 2310
f 2311 2332 2333 2312
f 2312 2333 2334 2313
f 2313 2334 2335 2314
f 2314 2335 2336 2315
f 2315 2336 2337 2316
f 2316 2337 2338 2317
f 2317 2338 2339 2318
f 2318 2339 2340 2319
f 2319 2340 2341 2320
f 2320 2341 2342 2321
f 2321 2342 2343 2322
f 2322 2343 2344 2323
f 2323 2344 2345 2324
f 2324 2345 2346 2325
f 2325 2346 2347 2326
f 2326 2347 2348 2327
f 2327 2348 2349 2328
f 2328 2349 2350 2329
f 2329 2350 2351 2330
f 2330 2351 2352 2331
f 2332 2353 2354 2333
f 2333 2354 2355 2334
f 2334 2355 2356 2335
f 2335 2356 2357 2336
f 2336 2357 2358 2337
f 2337 2358 2359 2338
f 2338 2359 2360 2339
f 2339 2360 2361 2340
f 2340 2361 2362 2341
f 2341 2362 2363 2342
f 2342 2363 2364 2343
f 2343 2364 2365 2344
f 2344 2365 2366 2345
f 2345 2366 2367 2346
f 2346 2367 2368 2347
f 2347 2368 2369 2348
f 2348 2369 2370 2349
f 2349 2370 2371 2350
f 2350 2371 2372 2351
f 2351 2372 2373 2352
f 2353 2374 2375 2354
f 2354 2375 2376 2355
f 2355 2376 2377 2356
f 2356 2377 2378 2357
f 2357 2378 2379 2358
f 2358 2379 2380 2359
f 2359 2380 2381 2360
f 2360 2381 2382 2361
f 2361 2382 2383 2362
f 2362 2383 2384 2363
f 2363 2384 2385 2364
f 2365 2386 2387 2366
f 2366 2387 2388 2367
f 2367 2388 2389 2368
f 2368 2389 2390 2369
f 2369 2390 2391 2370
f 2370 2391 2392 2371
f 2371 2392 2393 2372
f 2372 2393 2394 2373
f 2387 2395 2396 2388
f 2388 2396 2397 2389
f 2389 2397 2398 2390
f 2390 2398 2399 2391
f 2391 2399 2400 2392
f 2392 2400 2401 2393
f 2393 2401 2402 2394
f 2403 2404 2405 2395
f 2395 2405 2406 2396
f 2396 2406 2407 2397
f 2397 2407 2408 2398
f 2398 2408 2409 2399
f 2399 2409 2410 2400
f 2400 2410 2411 2401
f 2401 2411 2412 2402
f 2404 2413 2414 2405
f 2405 2414 2415 2406
f 2406 2415 2416 2407
f 2407 2416 2417 2408
f 2408 2417 2418 2409
f 2409 2418 2419 2410
f 2410 2419 2420 2411
f 2411 2420 2421 2412
f 2413 2422 2423 2414
f 2414 2423 2424 2415
f 2415 2424 2425 2416
f 2416 2425 2426 2417
f 2417 2426 2427 2418
f 2418 2427 2428 2419
f 2419 2428 2429 2420
f 2420 2429 2430 2421
f 2422 2431 2432 2423
f 2423 2432 2433 2424
f 2424 2433 2434 2425
f 2425 2434 2435 2426
f 2426 2435 2436 2427
f 2427 2436 2437 2428
f 2428 2437 2438 2429
f 2429 2438 2439 2430
f 2432 2440 2441 2433
f 2433 2441 2442 2434
f 2434 2442 2443 2435
f 2435 2443 2444 2436
f 2436 2444 2445 2437
f 2437 2445 2446 2438
f 2438 2446 2447 2439
f 2445 2448 2449 2446
f 2446 2449 2450 2447
f 2451 2452 2453 2454
f 2454 2453 2455 2456
f 2456 2455 2457 2458
f 2458 2457 2459 2460
f 2452 2461 2462 2453
f 2453 2462 2463 2455
f 2455 2463 2464 2457
f 2457 2464 2465 2459
f 2459 2465 2466 2467
f 2467 2466 2468 2469
f 2469 2468 2470 2471
f 2471 2470 2472 2473
f 2473 2472 2474 2475
f 2475 2474 2476 2477
f 2477 2476 2478 2479
f 2461 2480 2481 2462
f 2462 2481 2482 2463
f 2463 2482 2483 2464
f 2464 2483 2484 2465
f 2465 2484 2485 2466
f 2466 2485 2486 2468
f 2468 2486 2487 2470
f 2470 2487 2488 2472
f 2472 2488 2489 2474
f 2474 2489 2490 2476
f 2476 2490 2491 2478
f 2480 2492 2493 2481
f 2481 2493 2494 2482
f 2482 2494 2495 2483
f 2483 2495 2496 2484
f 2484 2496 2497 2485
f 2485 2497 2498 2486
f 2486 2498 2499 2487
f 2487 2499 2500 2488
f 2488 2500 2501 2489
f 2489 2501 2502 2490
f 2490 2502 2503 2491
f 2491 2503 2504 2505
f 2492 2506 2507 2493
f 2493 2507 2508 2494
f 2494 2508 2509 2495
f 2495 2509 2510 2496
f 2496 2510 2511 2497
f 2497 2511 2512 2498
f 2498 2512 2513 2499
f 2499 2513 2514 2500
f 2500 2514 2515 2501
f 2501 2515 2516 2502
f 2502 2516 2517 2503
f 2503 2517 2518 2504
f 2506 2519 2520 2507
f 2507 2520 2521 2508
f 2508 2521 2522 2509
f 2509 2522 2523 2510
f 2510 2523 2524 2511
f 2511 2524 2525 2512
f 2512 2525 2526 2513
f 2513 2526 2527 2514
f 2514 2527 2528 2515
f 2515 2528 2529 2516
f 2516 2529 2530 2517
f 2517 2530 2531 2518
f 2519 2532 2533 2520
f 2520 2533 2534 2521
f 2521 2534 2535 2522
f 2522 2535 2536 2523
f 2523 2536 2537 2524
f 2524 2537 2538 2525
f 2525 2538 2539 2526
f 2526 2539 2540 2527
f 2527 2540 2541 2528
f 2528 2541 2542 2529
f 2529 2542 2543 2530
f 2530 2543 2544 2531
f 2531 2544 2545 2546
f 2532 2547 2548 2533
f 2533 2548 2549 2534
f 2534 2549 2550 2535
f 2535 2550 2551 2536
f 2536 2551 2552 2537
f 2537 2552 2553 2538
f 2538 2553 2554 2539
f 2539 2554 2555 2540
f 2540 2555 2556 2541
f 2541 2556 2557 2542
f 2542 2557 2558 2543
f 2543 2558 2559 2544
f 2544 2559 2560 2545
f 2547 2561 2562 2548
f 2548 2562 2563 2549
f 2549 2563 2564 2550
f 2550 2564 2565 2551
f 2551 2565 2566 2552
f 2552 2566 2567 2553
f 2553 2567 2568 2554
f 2554 2568 2569 2555
f 2555 2569 2570 2556
f 2556 2570 2571 2557
f 2557 2571 2572 2558
f 2558 2572 2573 2559
f 2559 2573 2574 2560
f 2561 2575 2576 2562
f 2562 2576 2577 2563
f 2563 2577 2578 2564
f 2564 2578 2579 2565
f 2565 2579 2580 2566
f 2566 2580 2581 2567
f 2567 2581 2582 2568
f 2568 2582 2583 2569
f 2569 2583 2584 2570
f 2570 2584 2585 2571
f 2571 2585 2586 2572
f 2572 2586 2587 2573
f 2573 2587 2588 2574
g observed_plane_3
f 2589 2590 2591 2592
f 2592 2591 2593 2594
f 2594 2593 2595 2596
f 2596 2595 2597 2598
f 2598 2597 2599 2600
f 2600 2599 2601 2602
f 2602 2601 2603 2604
f 2604 2603 2605 2606
f 2606 2605 2607 2608
f 2609 2610 2611 2612
f 2612 2611 2613 2614
f 2614 2613 2615 2616
f 2616 2615 2617 2618
f 2618 2617 2619 2620
f 2607 2621 2622 2623
f 2623 2622 2624 2625
f 2625 2624 2626 2627
f 2627 2626 2628 2629
f 2629 2628 2630 2610
f 2619 2631 2632 2633
f 2631 2634 2635 2632
f 2634 2636 2637 2635
f 2636 2638 2639 2637
f 2638 2640 2641 2639
f 2640 2642 2643 2641
f 2642 2644 2645 2643
f 2644 2646 2647 2645
f 2646 2648 2649 2647
f 2648 2650 2651 2649
f 2650 2652 2653 2651
f 2652 2654 2655 2653
f 2656 2657 2658 2659
f 2659 2658 2660 2661
f 2661 2660 2662 2663
f 2663 2662 2664 2665
f 2665 2664 2666 2667
f 2667 2666 2668 2669
f 2669 2668 2670 2671
f 2671 2670 2672 2673
f 2673 2672 2674 2675
f 2675 2674 2676 2677
f 2677 2676 2678 2679
f 2679 2678 2680 2681
f 2681 2680 2682 2683
f 2683 2682 2684 2685
f 2657 2686 2687 2658
f 2658 2687 2688 2660
f 2660 2688 2689 2662
f 2662 2689 2690 2664
f 2664 2690 2691 2666
f 2666 2691 2692 2668
f 2668 2692 2693 2670
f 2670 2693 2694 2672
f 2672 2694 2695 2674
f 2674 2695 2696 2676
f 2676 2696 2697 2678
f 2678 2697 2698 2680
f 2680 2698 2699 2682
f 2682 2699 2700 2684
f 2684 2700 2701 2702
f 2702 2701 2703 2704
f 2704 2703 2705 2706
f 2706 2705 2707 2708
f 2708 2707 2709 2710
f 2710 2709 2711 2712
f 2686 2713 2714 2687
f 2687 2714 2715 2688
f 2688 2715 2716 2689
f 2689 2716 2717 2690
f 2690 2717 2718 2691
f 2691 2718 2719 2692
f 2692 2719 2720 2693
f 2693 2720 2721 2694
f 2694 2721 2722 2695
f 2695 2722 2723 2696
f 2696 2723 2724 2697
f 2697 2724 2725 2698
f 2698 2725 2726 2699
f 2699 2726 2727 2700
f 2700 2727 2728 2701
f 2701 2728 2729 2703
f 2703 2729 2730 2705
f 2705 2730 2731 2707
f 2707 2731 2732 2709
f 2709 2732 2733 2711
f 2713 2734 2735 2714
f 2714 2735 2736 2715
f 2715 2736 2737 2716
f 2716 2737 2738 2717
f 2717 2738 2739 2718
f 2718 2739 2740 2719
f 2719 2740 2741 2720
f 2720 2741 2742 2721
f 2721 2742 2743 2722
f 2722 2743 2744 2723
f 2723 2744 2745 2724
f 2724 2745 2746 2725
f 2725 2746 2747 2726
f 2726 2747 2748 2727
f 2727 2748 2749 2728
f 2728 2749 2750 2729
f 2729 2750 2751 2730
f 2730 2751 2752 2731
f 2731 2752 2753 2732
f 2732 2753 2754 2733
f 2734 2755 2756 2735
f 2735 2756 2757 2736
f 2736 2757 2758 2737
f 2737 2758 2759 2738
f 2738 2759 2760 2739
f 2739 2760 2761 2740
f 2740 2761 2762 2741
f 2741 2762 2763 2742
f 2742 2763 2764 2743
f 2743 2764 2765 2744
f 2744 2765 2766 2745
f 2745 2766 2767 2746
f 2746 2767 2768 2747
f 2747 2768 2769 2748
f 2748 2769 2770 2749
f 2749 2770 2771 2750
f 2750 2771 2772 2751
f 2751 2772 2773 2752
f 2752 2773 2774 2753
f 2753 2774 2775 2754
f 2755 2776 2777 2756
f 2756 2777 2778 2757
f 2757 2778 2779 2758
f 2758 2779 2780 2759
f 2759 2780 2781 2760
f 2760 2781 2782 2761
f 2761 2782 2783 2762
f 2762 2783 2784 2763
f 2763 2784 2785 2764
f 2764 2785 2786 2765
f 2765 2786 2787 2766
f 2766 2787 2788 2767
f 2767 2788 2789 2768
f 2768 2789 2790 2769
f 2769 2790 2791 2770
f 2770 2791 2792 2771
f 2771 2792 2793 2772
f 2772 2793 2794 2773
f 2773 2794 2795 2774
f 2774 2795 2796 2775
f 2776 2797 2798 2777
f 2777 2798 2799 2778
f 2778 2799 2800 2779
f 2779 2800 2801 2780
f 2780 2801 2802 2781
f 2781 2802 2803 2782
f 2782 2803 2804 2783
f 2783 2804 2805 2784
f 2784 2805 2806 2785
f 2785 2806 2807 2786
f 2786 2807 2808 2787
f 2787 2808 2809 2788
f 2788 2809 2810 2789
f 2789 2810 2811 2790
f 2790 2811 2812 2791
f 2791 2812 2813 2792
f 2792 2813 2814 2793
f 2793 2814 2815 2794
f 2794 2815 2816 2795
f 2795 2816 2817 2796
f 2797 2818 2819 2798
f 2798 2819 2820 2799
f 2799 2820 2821 2800
f 2800 2821 2822 2801
f 2801 2822 2823 2802
f 2802 2823 2824 2803
f 2803 2824 2825 2804
f 2804 2825 2826 2805
f 2805 2826 2827 2806
f 2806 2827 2828 2807
f 2807 2828 2829 2808
f 2808 2829 2830 2809
f 2809 2830 2831 2810
f 2810 2831 2832 2811
f 2811 2832 2833 2812
f 2812 2833 2834 2813
f 2813 2834 2835 2814
f 2814 2835 2836 2815
f 2815 2836 2837 2816
f 2816 2837 2838 2817
f 2818 2839 2840 2819
f 2819 2840 2841 2820
f 2820 2841 2842 2821
f 2821 2842 2843 2822
f 2822 2843 2844 2823
f 2823 2844 2845 2824
f 2824 2845 2846 2825
f 2825 2846 2847 2826
f 2826 2847 2848 2827
f 2827 2848 2849 2828
f 2828 2849 2850 2829
f 2829 2850 2851 2830
f 2830 2851 2852 2831
f 2831 2852 2853 2832
f 2832 2853 2854 2833
f 2833 2854 2855 2834
f 2834 2855 2856 2835
f 2835 2856 2857 2836
f 2836 2857 2858 2837
f 2837 2858 2859 2838
f 2839 2860 2861 2840
f 2840 2861 2862 2841
f 2841 2862 2863 2842
f 2842 2863 2864 2843
f 2843 2864 2865 2844
f 2844 2865 2866 2845
f 2845 2866 2867 2846
f 2846 2867 2868 2847
f 2847 2868 2869 2848
f 2848 2869 2870 2849
f 2849 2870 2871 2850
f 2850 2871 2872 2851
f 2851 2872 2873 2852
f 2852 2873 2874 2853
f 2853 2874 2875 2854
f 2854 2875 2876 2855
f 2855 2876 2877 2856
f 2856 2877 2878 2857
f 2857 2878 2879 2858
f 2858 2879 2880 2859
f 2860 2881 2882 2861
f 2861 2882 2883 2862
f 2862 2883 2884 2863
f 2863 2884 2885 2864
f 2864 2885 2886 2865
f 2865 2886 2887 2866
f 2866 2887 2888 2867
f 2867 2888 2889 2868
f 2868 2889 2890 2869
f 2869 2890 2891 2870
f 2870 2891 2892 2871
f 2871 2892 2893 2872
f 2872 2893 2894 2873
f 2873 2894 2895 2874
f 2874 2895 2896 2875
f 2875 2896 2897 2876
f 2876 2897 2898 2877
f 2877 2898 2899 2878
f 2878 2899 2900 2879
f 2879 2900 2901 2880
f 2881 2902 2903 2882
f 2882 2903 2904 2883
f 2883 2904 2905 2884
f 2884 2905 2906 2885
f 2885 2906 2907 2886
f 2886 2907 2908 2887
f 2887 2908 2909 2888
f 2888 2909 2910 2889
f 2889 2910 2911 2890
f 2890 2911 2912 2891
f 2891 2912 2913 2892
f 2892 2913 2914 2893
f 2893 2914 2915 2894
f 2894 2915 2916 2895
f 2895 2916 2917 2896
f 2896 2917 2918 2897
f 2897 2918 2919 2898
f 2898 2919 2920 2899
f 2899 2920 2921 2900
f 2900 2921 2922 2901
f 2902 2923 2924 2903
f 2903 2924 2925 2904
f 2904 2925 2926 2905
f 2905 2926 2927 2906
f 2906 2927 2928 2907
f 2907 2928 2929 2908
f 2908 2929 2930 2909
f 2909 2930 2931 2910
f 2910 2931 2932 2911
f 2911 2932 2933 2912
f 2912 2933 2934 2913
f 2913 2934 2935 2914
f 2914 2935 2936 2915
f 2915 2936 2937 2916
f 2916 2937 2938 2917
f 2917 2938 2939 2918
f 2918 2939 2940 2919
f 2919 2940 2941 2920
f 2920 2941 2942 2921
f 2921 2942 2943 2922
f 2923 2944 2945 2924
f 2924 2945 2946 2925
f 2925 2946 2947 2926
f 2926 2947 2948 2927
f 2927 2948 2949 2928
f 2928 2949 2950 2929
f 2929 2950 2951 2930
f 2930 2951 2952 2931
f 2931 2952 2953 2932
f 2932 2953 2954 2933
f 2933 2954 2955 2934
f 2934 2955 2956 2935
f 2935 2956 2957 2936
f 2936 2957 2958 2937
f 2937 2958 2959 2938
f 2938 2959 2960 2939
f 2939 2960 2961 2940
f 2940 2961 2962 2941
f 2941 2962 2963 2942
f 2942 2963 2964 2943
f 2944 2965 2966 2945
f 2945 2966 2967 2946
f 2946 2967 2968 2947
f 2947 2968 2969 2948
f 2948 2969 2970 2949
f 2949 2970 2971 2950
f 2950 2971 2972 2951
f 2951 2972 2973 2952
f 2952 2973 2974 2953
f 2953 2974 2975 2954
f 2954 2975 2976 2955
f 2955 2976 2977 2956
f 2956 2977 2978 2957
f 2957 2978 2979 2958
f 2958 2979 2980 2959
f 2959 2980 2981 2960
f 2960 2981 2982 2961
f 2961 2982 2983 2962
f 2962 2983 2984 2963
f 2963 2984 2985 2964
f 2965 2986 2987 2966
f 2966 2987 2988 2967
f 2967 2988 2989 2968
f 2968 2989 2990 2969
f 2969 2990 2991 2970
f 2970 2991 2992 2971
f 2971 2992 2993 2972
f 2972 2993 2994 2973
f 2973 2994 2995 2974
f 2974 2995 2996 2975
f 2975 2996 2997 2976
f 2976 2997 2998 2977
f 2977 2998 2999 2978
f 2978 2999 3000 2979
f 2979 3000 3001 2980
f 2980 3001 3002 2981
f 2981 3002 3003 2982
f 2982 3003 3004 2983
f 2983 3004 3005 2984
f 2984 3005 3006 2985
f 2986 3007 3008 2987
f 2987 3008 3009 2988
f 2988 3009 3010 2989
f 2989 3010 3011 2990
f 2990 3011 3012 2991
f 2991 3012 3013 2992
f 2992 3013 3014 2993
f 2993 3014 3015 2994
f 2994 3015 3016 2995
f 2995 3016 3017 2996
f 2996 3017 3018 2997
f 2997 3018 3019 2998
f 2998 3019 3020 2999
f 2999 3020 3021 3000
f 3000 3021 3022 3001
f 3001 3022 3023 3002
f 3002 3023 3024 3003
f 3003 3024 3025 3004
f 3004 3025 3026 3005
f 3005 3026 3027 3006
f 3007 3028 3029 3008
f 3008 3029 3030 3009
f 3009 3030 3031 3010
f 3010 3031 3032 3011
f 3011 3032 3033 3012
f 3012 3033 3034 3013
f 3013 3034 3035 3014
f 3014 3035 3036 3015
f 3015 3036 3037 3016
f 3016 3037 3038 3017
f 3017 3038 3039 3018
f 3018 3039 3040 3019
f 3019 3040 3041 3020
f 3020 3041 3042 3021
f 3021 3042 3043 3022
f 3022 3043 3044 3023
f 3023 3044 3045 3024
f 3024 3045 3046 3025
f 3025 3046 3047 3026
f 3026 3047 3048 3027
f 3028 3049 3050 3029
f 3029 3050 3051 3030
f 3030 3051 3052 3031
f 3031 3052 3053 3032
f 3032 3053 3054 3033
f 3033 3054 3055 3034
f 3034 3055 3056 3035
f 3035 3056 3057 3036
f 3036 3057 3058 3037
f 3037 3058 3059 3038
f 3038 3059 3060 3039
f 3039 3060 3061 3040
f 3040 3061 3062 3041
f 3041 3062 3063 3042
f 3042 3063 3064 3043
f 3043 3064 3065 3044
f 3044 3065 3066 3045
f 3045 3066 3067 3046
f 3046 3067 3068 3047
f 3047 3068 3069 3048
f 3053 3070 3071 3054
f 3054 3071 3072 3055
f 3055 3072 3073 3056
f 3056 3073 3074 3057
f 3057 3074 3075 3058
f 3058 3075 3076 3059
f 3059 3076 3077 3060
f 3060 3077 3078 3061
f 3061 3078 3079 3062
f 3062 3079 3080 3063
f 3063 3080 3081 3064
f 3064 3081 3082 3065
f 3065 3082 3083 3066
f 3066 3083 3084 3067
f 3067 3084 3085 3068
f 3068 3085 3086 3069
f 3070 3087 3088 3071
f 3071 3088 3089 3072
f 3072 3089 3090 3073
f 3073 3090 3091 3074
f 3074 3091 3092 3075
f 3075 3092 3093 3076
f 3076 3093 3094 3077
f 3077 3094 3095 3078
f 3081 3096 3097 3082
f 3082 3097 3098 3083
f 3083 3098 3099 3084
f 3084 3099 3100 3085
f 3085 3100 3101 3086
f 3087 3102 3103 3088
f 3088 3103 3104 3089
f 3089 3104 3105 3090
f 3090 3105 3106 3091
f 3091 3106 3107 3092
f 3092 3107 3108 3093
f 3093 3108 3109 3094
f 3094 3109 3110 3095
f 3102 3111 3112 3103
f 3103 3112 3113 3104
f 3104 3113 3114 3105
f 3105 3114 3115 3106
f 3106 3115 3116 3107
f 3107 3116 3117 3108
f 3108 3117 3118 3109
f 3109 3118 3119 3110
f 3111 3120 3121 3112
f 3112 3121 3122 3113
f 3113 3122 3123 3114
f 3114 3123 3124 3115
f 3115 3124 3125 3116
f 3116 3125 3126 3117
f 3117 3126 3127 3118
f 3118 3127 3128 3119
f 3120 3129 3130 3121
f 3121 3130 3131 3122
f 3122 3131 3132 3123
f 3123 3132 3133 3124
f 3124 3133 3134 3125
f 3125 3134 3135 3126
f 3126 3135 3136 3127
f 3127 3136 3137 3128
f 3129 3138 3139 3130
f 3130 3139 3140 3131
f 3131 3140 3141 3132
f 3132 3141 3142 3133
f 3133 3142 3143 3134
f 3134 3143 3144 3135
f 3135 3144 3145 3136
f 3136 3145 3146 3137
f 3138 3147 3148 3139
f 3139 3148 3149 3140
f 3140 3149 3150 3141
f 3141 3150 3151 3142
f 3142 3151 3152 3143
f 3143 3152 3153 3144
f 3144 3153 3154 3145
f 3145 3154 3155 3146
f 3147 3156 3157 3148
f 3148 3157 3158 3149
f 3149 3158 3159 3150
f 3150 3159 3160 3151
f 3151 3160 3161 3152
f 3152 3161 3162 3153
f 3153 3162 3163 3154
f 3154 3163 3164 3155
f 3156 3165 3166 3157
f 3157 3166 3167 3158
f 3158 3167 3168 3159
f 3159 3168 3169 3160
f 3160 3169 3170 3161
f 3161 3170 3171 3162
f 3162 3171 3172 3163
f 3163 3172 3173 3164
f 3174 3175 3176 3165
f 3165 3176 3177 3166
f 3166 3177 3178 3167
f 3167 3178 3179 3168
f 3168 3179 3180 3169
f 3169 3180 3181 3170
f 3170 3181 3182 3171
f 3171 3182 3183 3172
f 3172 3183 3184 3173
f 3175 3185 3186 3176
f 3176 3186 3187 3177
f 3177 3187 3188 3178
f 3178 3188 3189 3179
f 3179 3189 3190 3180
f 3180 3190 3191 3181
f 3181 3191 3192 3182
f 3182 3192 3193 3183
f 3183 3193 3194 3184
f 3195 3196 3197 3185
f 3185 3197 3198 3186
f 3186 3198 3199 3187
f 3187 3199 3200 3188
f 3188 3200 3201 3189
f 3189 3201 3202 3190
f 3190 3202 3203 3191
f 3191 3203 3204 3192
f 3192 3204 3205 3193
f 3193 3205 3206 3194
f 3196 3207 3208 3197
f 3197 3208 3209 3198
f 3198 3209 3210 3199
f 3199 3210 3211 3200
f 3200 3211 3212 3201
f 3201 3212 3213 3202
f 3202 3213 3214 3203
f 3203 3214 3215 3204
f 3204 3215 3216 3205
f 3205 3216 3217 3206
f 3207 3218 3219 3208
f 3208 3219 3220 3209
f 3209 3220 3221 3210
f 3210 3221 3222 3211
f 3211 3222 3223 3212
f 3212 3223 3224 3213
f 3213 3224 3225 3214
f 3214 3225 3226 3215
f 3215 3226 3227 3216
f 3216 3227 3228 3217
g observed_plane_4
f 3229 3230 3231 3232
f 3232 3231 3233 3234
f 3234 3233 3235 3236
f 3236 3235 3237 3238
f 3238 3237 3239 3240
f 3240 3239 3241 3242
f 3242 3241 3243 3244
f 3244 3243 3245 3246
f 3246 3245 3247 3248
f 3249 3250 3251 3252
f 3252 3251 3253 3254
f 3254 3253 3255 3256
f 3256 3255 3257 3258
f 3258 3257 3259 3260
f 3260 3259 3261 3262
f 3247 3263 3264 3265
f 3265 3264 3266 3267
f 3267 3266 3268 3269
f 3269 3268 3270 3250
f 3250 3270 3271 3251
f 3261 3272 3273 3274
f 3272 3275 3276 3273
f 3275 3277 3278 3276
f 3277 3279 3280 3278
f 3279 3281 3282 3280
f 3281 3283 3284 3282
f 3283 3285 3286 3284
f 3285 3287 3288 3286
f 3287 3289 3290 3288
f 3289 3291 3292 3290
f 3291 3293 3294 3292
f 3293 3295 3296 3294
f 3297 3298 3299 3300
f 3300 3299 3301 3302
f 3302 3301 3303 3304
f 3304 3303 3305 3306
f 3306 3305 3307 3308
f 3308 3307 3309 3310
f 3310 3309 3311 3312
f 3312 3311 3313 3314
f 3314 3313 3315 3316
f 3316 3315 3317 3318
f 3318 3317 3319 3320
f 3320 3319 3321 3322
f 3322 3321 3323 3324
f 3324 3323 3325 3326
f 3326 3325 3327 3328
f 3328 3327 3329 3330
f 3331 3332 3333 3334
f 3298 3335 3336 3299
f 3299 3336 3337 3301
f 3301 3337 3338 3303
f 3303 3338 3339 3305
f 3305 3339 3340 3307
f 3307 3340 3341 3309
f 3309 3341 3342 3311
f 3311 3342 3343 3313
f 3313 3343 3344 3315
f 3315 3344 3345 3317
f 3317 3345 3346 3319
f 3335 3347 3348 3336
f 3336 3348 3349 3337
f 3337 3349 3350 3338
f 3338 3350 3351 3339
f 3339 3351 3352 3340
f 3340 3352 3353 3341
f 3341 3353 3354 3342
f 3342 3354 3355 3343
f 3343 3355 3356 3344
f 3344 3356 3357 3345
f 3345 3357 3358 3346
f 3347 3359 3360 3348
f 3348 3360 3361 3349
f 3349 3361 3362 3350
f 3350 3362 3363 3351
f 3351 3363 3364 3352
f 3352 3364 3365 3353
f 3353 3365 3366 3354
f 3354 3366 3367 3355
f 3355 3367 3368 3356
f 3356 3368 3369 3357
f 3357 3369 3370 3358
f 3359 3371 3372 3360
f 3360 3372 3373 3361
f 3361 3373 3374 3362
f 3362 3374 3375 3363
f 3363 3375 3376 3364
f 3364 3376 3377 3365
f 3365 3377 3378 3366
f 3366 3378 3379 3367
f 3367 3379 3380 3368
f 3368 3380 3381 3369
f 3369 3381 3382 3370
f 3371 3383 3384 3372
f 3372 3384 3385 3373
f 3373 3385 3386 3374
f 3374 3386 3387 3375
f 3375 3387 3388 3376
f 3376 3388 3389 3377
f 3377 3389 3390 3378
f 3378 3390 3391 3379
f 3379 3391 3392 3380
f 3380 3392 3393 3381
f 3381 3393 3394 3382
f 3383 3395 3396 3384
f 3384 3396 3397 3385
f 3385 3397 3398 3386
f 3386 3398 3399 3387
f 3387 3399 3400 3388
f 3388 3400 3401 3389
f 3389 3401 3402 3390
f 3390 3402 3403 3391
f 3391 3403 3404 3392
f 3392 3404 3405 3393
f 3393 3405 3406 3394
f 3395 3407 3408 3396
f 3396 3408 3409 3397
f 3397 3409 3410 3398
f 3398 3410 3411 3399
f 3399 3411 3412 3400
f 3400 3412 3413 3401
f 3401 3413 3414 3402
f 3402 3414 3415 3403
f 3403 3415 3416 3404
f 3404 3416 3417 3405
f 3405 3417 3418 3406
f 3407 3419 3420 3408
f 3408 3420 3421 3409
f 3409 3421 3422 3410
f 3410 3422 3423 3411
f 3411 3423 3424 3412
f 3412 3424 3425 3413
f 3413 3425 3426 3414
f 3414 3426 3427 3415
f 3415 3427 3428 3416
f 3416 3428 3429 3417
f 3417 3429 3430 3418
f 3419 3431 3432 3420
f 3420 3432 3433 3421
f 3421 3433 3434 3422
f 3422 3434 3435 3423
f 3423 3435 3436 3424
f 3424 3436 3437 3425
f 3425 3437 3438 3426
f 3426 3438 3439 3427
f 3427 3439 3440 3428
f 3428 3440 3441 3429
f 3429 3441 3442 3430
f 3434 3443 3444 3435
f 3435 3444 3445 3436
f 3436 3445 3446 3437
f 3437 3446 3447 3438
f 3438 3447 3448 3439
f 3439 3448 3449 3440
f 3440 3449 3450 3441
f 3441 3450 3451 3442
f 3443 3452 3453 3444
f 3444 3453 3454 3445
f 3445 3454 3455 3446
f 3446 3455 3456 3447
f 3447 3456 3457 3448
f 3448 3457 3458 3449
f 3449 3458 3459 3450
f 3450 3459 3460 3451
f 3452 3461 3462 3453
f 3453 3462 3463 3454
f 3454 3463 3464 3455
f 3455 3464 3465 3456
f 3456 3465 3466 3457
f 3457 3466 3467 3458
f 3458 3467 3468 3459
f 3459 3468 3469 3460
f 3462 3470 3471 3463
f 3463 3471 3472 3464
f 3464 3472 3473 3465
f 3465 3473 3474 3466
f 3466 3474 3475 3467
f 3467 3475 3476 3468
f 3468 3476 3477 3469
f 3470 3478 3479 3471
f 3471 3479 3480 3472
f 3472 3480 3481 3473
f 3473 3481 3482 3474
f 3474 3482 3483 3475
f 3475 3483 3484 3476
f 3476 3484 3485 3477
f 3478 3486 3487 3479
f 3479 3487 3488 3480
f 3480 3488 3489 3481
f 3481 3489 3490 3482
f 3482 3490 3491 3483
f 3483 3491 3492 3484
f 3484 3492 3493 3485
f 3494 3495 3496 3497
f 3498 3499 3500 3486
f 3486 3500 3501 3487
f 3487 3501 3502 3488
f 3488 3502 3503 3489
f 3489 3503 3504 3490
f 3490 3504 3505 3491
f 3491 3505 3506 3492
f 3492 3506 3507 3493
f 3495 3508 3509 3496
f 3496 3509 3510 3511
f 3511 3510 3512 3499
f 3499 3512 3513 3500
f 3500 3513 3514 3501
f 3501 3514 3515 3502
f 3502 3515 3516 3503
f 3503 3516 3517 3504
f 3504 3517 3518 3505
f 3505 3518 3519 3506
f 3506 3519 3520 3507
f 3508 3521 3522 3509
f 3509 3522 3523 3510
f 3510 3523 3524 3512
f 3512 3524 3525 3513
f 3513 3525 3526 3514
f 3514 3526 3527 3515
f 3515 3527 3528 3516
f 3516 3528 3529 3517
f 3517 3529 3530 3518
f 3518 3530 3531 3519
f 3519 3531 3532 3520
f 3521 3533 3534 3522
f 3522 3534 3535 3523
f 3523 3535 3536 3524
f 3524 3536 3537 3525
f 3525 3537 3538 3526
f 3526 3538 3539 3527
f 3527 3539 3540 3528
f 3528 3540 3541 3529
f 3529 3541 3542 3530
f 3530 3542 3543 3531
f 3531 3543 3544 3532
f 3532 3544 3545 3546
f 3533 3547 3548 3534
f 3534 3548 3549 3535
f 3535 3549 3550 3536
f 3536 3550 3551 3537
f 3537 3551 3552 3538
f 3538 3552 3553 3539
f 3539 3553 3554 3540
f 3540 3554 3555 3541
f 3541 3555 3556 3542
f 3542 3556 3557 3543
f 3543 3557 3558 3544
f 3544 3558 3559 3545
f 3547 3560 3561 3548
f 3548 3561 3562 3549
f 3549 3562 3563 3550
f 3550 3563 3564 3551
f 3551 3564 3565 3552
f 3552 3565 3566 3553
f 3553 3566 3567 3554
f 3554 3567 3568 3555
f 3555 3568 3569 3556
f 3556 3569 3570 3557
f 3557 3570 3571 3558
f 3558 3571 3572 3559
f 3560 3573 3574 3561
f 3561 3574 3575 3562
f 3562 3575 3576 3563
f 3563 3576 3577 3564
f 3564 3577 3578 3565
f 3565 3578 3579 3566
f 3566 3579 3580 3567
f 3567 3580 3581 3568
f 3568 3581 3582 3569
f 3569 3582 3583 3570
f 3570 3583 3584 3571
f 3571 3584 3585 3572
f 3586 3587 3588 3589
f 3589 3588 3590 3591
f 3573 3592 3593 3574
f 3574 3593 3594 3575
f 3575 3594 3595 3576
f 3576 3595 3596 3577
f 3577 3596 3597 3578
f 3578 3597 3598 3579
f 3579 3598 3599 3580
f 3580 3599 3600 3581
f 3581 3600 3601 3582
f 3582 3601 3602 3583
f 3583 3602 3603 3584
f 3584 3603 3604 3585
f 3605 3606 3607 3608
f 3608 3607 3609 3610
f 3610 3609 3611 3612
f 3612 3611 3613 3587
f 3587 3613 3614 3588
f 3588 3614 3615 3590
f 3590 3615 3616 3617
f 3592 3618 3619 3593
f 3593 3619 3620 3594
f 3594 3620 3621 3595
f 3595 3621 3622 3596
f 3596 3622 3623 3597
f 3597 3623 3624 3598
f 3598 3624 3625 3599
f 3599 3625 3626 3600
f 3600 3626 3627 3601
f 3601 3627 3628 3602
f 3602 3628 3629 3603
f 3603 3629 3630 3604
f 3604 3630 3631 3606
f 3606 3631 3632 3607
f 3607 3632 3633 3609
f 3609 3633 3634 3611
f 3611 3634 3635 3613
f 3613 3635 3636 3614
f 3614 3636 3637 3615
f 3615 3637 3638 3616
f 3618 3639 3640 3619
f 3619 3640 3641 3620
f 3620 3641 3642 3621
f 3621 3642 3643 3622
f 3622 3643 3644 3623
f 3623 3644 3645 3624
f 3624 3645 3646 3625
f 3625 3646 3647 3626
f 3626 3647 3648 3627
f 3627 3648 3649 3628
f 3628 3649 3650 3629
f 3629 3650 3651 3630
f 3630 3651 3652 3631
f 3631 3652 3653 3632
f 3632 3653 3654 3633
f 3633 3654 3655 3634
f 3634 3655 3656 3635
f 3635 3656 3657 3636
f 3636 3657 3658 3637
f 3637 3658 3659 3638
f 3639 3660 3661 3640
f 3640 3661 3662 3641
f 3641 3662 3663 3642
f 3642 3663 3664 3643
f 3643 3664 3665 3644
f 3644 3665 3666 3645
f 3645 3666 3667 3646
f 3646 3667 3668 3647
f 3647 3668 3669 3648
f 3648 3669 3670 3649
f 3649 3670 3671 3650
f 3650 3671 3672 3651
f 3651 3672 3673 3652
f 3652 3673 3674 3653
f 3653 3674 3675 3654
f 3654 3675 3676 3655
f 3655 3676 3677 3656
f 3656 3677 3678 3657
f 3657 3678 3679 3658
f 3658 3679 3680 3659
f 3660 3681 3682 3661
f 3661 3682 3683 3662
f 3662 3683 3684 3663
f 3663 3684 3685 3664
f 3664 3685 3686 3665
f 3665 3686 3687 3666
f 3666 3687 3688 3667
f 3667 3688 3689 3668
f 3668 3689 3690 3669
f 3669 3690 3691 3670
f 3670 3691 3692 3671
f 3671 3692 3693 3672
f 3672 3693 3694 3673
f 3673 3694 3695 3674
f 3674 3695 3696 3675
f 3675 3696 3697 3676
f 3676 3697 3698 3677
f 3677 3698 3699 3678
f 3678 3699 3700 3679
f 3679 3700 3701 3680
f 3681 3702 3703 3682
f 3682 3703 3704 3683
f 3683 3704 3705 3684
f 3684 3705 3706 3685
f 3685 3706 3707 3686
f 3686 3707 3708 3687
f 3687 3708 3709 3688
f 3688 3709 3710 3689
f 3689 3710 3711 3690
f 3690 3711 3712 3691
f 3691 3712 3713 3692
f 3692 3713 3714 3693
f 3693 3714 3715 3694
f 3694 3715 3716 3695
f 3695 3716 3717 3696
f 3696 3717 3718 3697
f 3697 3718 3719 3698
f 3698 3719 3720 3699
f 3699 3720 3721 3700
f 3700 3721 3722 3701
f 3702 3723 3724 3703
f 3703 3724 3725 3704
f 3704 3725 3726 3705
f 3705 3726 3727 3706
f 3706 3727 3728 3707
f 3707 3728 3729 3708
f 3708 3729 3730 3709
f 3709 3730 3731 3710
f 3710 3731 3732 3711
f 3711 3732 3733 3712
f 3712 3733 3734 3713
f 3713 3734 3735 3714
f 3714 3735 3736 3715
f 3715 3736 3737 3716
f 3716 3737 3738 3717
f 3717 3738 3739 3718
f 3718 3739 3740 3719
f 3719 3740 3741 3720
f 3720 3741 3742 3721
f 3721 3742 3743 3722
f 3723 3744 3745 3724
f 3724 3745 3746 3725
f 3725 3746 3747 3726
f 3726 3747 3748 3727
f 3727 3748 3749 3728
f 3728 3749 3750 3729
f 3729 3750 3751 3730
f 3730 3751 3752 3731
f 3731 3752 3753 3732
f 3732 3753 3754 3733
f 3733 3754 3755 3734
f 3734 3755 3756 3735
f 3735 3756 3757 3736
f 3736 3757 3758 3737
f 3737 3758 3759 3738
f 3738 3759 3760 3739
f 3739 3760 3761 3740
f 3740 3761 3762 3741
f 3741 3762 3763 3742
f 3742 3763 3764 3743
f 3744 3765 3766 3745
f 3745 3766 3767 3746
f 3746 3767 3768 3747
f 3747 3768 3769 3748
f 3748 3769 3770 3749
f 3749 3770 3771 3750
f 3750 3771 3772 3751
f 3751 3772 3773 3752
f 3752 3773 3774 3753
f 3753 3774 3775 3754
f 3754 3775 3776 3755
f 3755 3776 3777 3756
f 3756 3777 3778 3757
f 3757 3778 3779 3758
f 3758 3779 3780 3759
f 3759 3780 3781 3760
f 3760 3781 3782 3761
f 3761 3782 3783 3762
f 3762 3783 3784 3763
f 3763 3784 3785 3764
f 3765 3786 3787 3766
f 3766 3787 3788 3767
f 3767 3788 3789 3768
f 3768 3789 3790 3769
f 3769 3790 3791 3770
f 3770 3791 3792 3771
f 3771 3792 3793 3772
f 3772 3793 3794 3773
f 3773 3794 3795 3774
f 3774 3795 3796 3775
f 3775 3796 3797 3776
f 3776 3797 3798 3777
f 3777 3798 3799 3778
f 3778 3799 3800 3779
f 3779 3800 3801 3780
f 3780 3801 3802 3781
f 3781 3802 3803 3782
f 3782 3803 3804 3783
f 3783 3804 3805 3784
f 3784 3805 3806 3785
f 3786 3807 3808 3787
f 3787 3808 3809 3788
f 3788 3809 3810 3789
f 3789 3810 3811 3790
f 3790 3811 3812 3791
f 3791 3812 3813 3792
f 3792 3813 3814 3793
f 3793 3814 3815 3794
f 3794 3815 3816 3795
f 3795 3816 3817 3796
f 3796 3817 3818 3797
f 3797 3818 3819 3798
f 3798 3819 3820 3799
f 3799 3820 3821 3800
f 3800 3821 3822 3801
f 3801 3822 3823 3802
f 3802 3823 3824 3803
f 3803 3824 3825 3804
f 3804 3825 3826 3805
g observed_plane_5
f 3827 3828 3829 3830
f 3830 3829 3831 3832
f 3832 3831 3833 3834
f 3834 3833 3835 3836
f 3836 3835 3837 3838
f 3838 3837 3839 3840
f 3840 3839 3841 3842
f 3842 3841 3843 3844
f 3844 3843 3845 3846
f 3847 3848 3849 3850
f 3850 3849 3851 3852
f 3852 3851 3853 3854
f 3854 3853 3855 3856
f 3856 3855 3857 3858
f 3858 3857 3859 3860
f 3860 3859 3861 3862
f 3845 3863 3864 3865
f 3865 3864 3866 3867
f 3867 3866 3868 3869
f 3869 3868 3870 3848
f 3848 3870 3871 3849
f 3859 3872 3873 3861
f 3872 3874 3875 3873
f 3874 3876 3877 3875
f 3876 3878 3879 3877
f 3878 3880 3881 3879
f 3880 3882 3883 3881
f 3882 3884 3885 3883
f 3884 3886 3887 3885
f 3886 3888 3889 3887
f 3888 3890 3891 3889
f 3890 3892 3893 3891
f 3892 3894 3895 3893
f 3896 3897 3898 3899
f 3899 3898 3900 3901
f 3901 3900 3902 3903
f 3903 3902 3904 3905
f 3905 3904 3906 3907
f 3907 3906 3908 3909
f 3909 3908 3910 3911
f 3911 3910 3912 3913
f 3913 3912 3914 3915
f 3915 3914 3916 3917
f 3917 3916 3918 3919
f 3919 3918 3920 3921
f 3921 3920 3922 3923
f 3923 3922 3924 3925
f 3925 3924 3926 3927
f 3897 3928 3929 3898
f 3898 3929 3930 3900
f 3900 3930 3931 3902
f 3902 3931 3932 3904
f 3904 3932 3933 3906
f 3906 3933 3934 3908
f 3908 3934 3935 3910
f 3910 3935 3936 3912
f 3912 3936 3937 3914
f 3914 3937 3938 3916
f 3916 3938 3939 3918
f 3918 3939 3940 3920
f 3928 3941 3942 3929
f 3929 3942 3943 3930
f 3930 3943 3944 3931
f 3931 3944 3945 3932
f 3932 3945 3946 3933
f 3933 3946 3947 3934
f 3934 3947 3948 3935
f 3935 3948 3949 3936
f 3936 3949 3950 3937
f 3937 3950 3951 3938
f 3938 3951 3952 3939
f 3939 3952 3953 3940
f 3941 3954 3955 3942
f 3942 3955 3956 3943
f 3943 3956 3957 3944
f 3944 3957 3958 3945
f 3945 3958 3959 3946
f 3946 3959 3960 3947
f 3947 3960 3961 3948
f 3948 3961 3962 3949
f 3949 3962 3963 3950
f 3950 3963 3964 3951
f 3951 3964 3965 3952
f 3952 3965 3966 3953
f 3954 3967 3968 3955
f 3955 3968 3969 3956
f 3956 3969 3970 3957
f 3957 3970 3971 3958
f 3958 3971 3972 3959
f 3959 3972 3973 3960
f 3960 3973 3974 3961
f 3961 3974 3975 3962
f 3962 3975 3976 3963
f 3963 3976 3977 3964
f 3964 3977 3978 3965
f 3965 3978 3979 3966
f 3967 3980 3981 3968
f 3968 3981 3982 3969
f 3969 3982 3983 3970
f 3970 3983 3984 3971
f 3971 3984 3985 3972
f 3972 3985 3986 3973
f 3973 3986 3987 3974
f 3974 3987 3988 3975
f 3975 3988 3989 3976
f 3976 3989 3990 3977
f 3977 3990 3991 3978
f 3978 3991 3992 3979
f 3980 3993 3994 3981
f 3981 3994 3995 3982
f 3982 3995 3996 3983
f 3983 3996 3997 3984
f 3984 3997 3998 3985
f 3985 3998 3999 3986
f 3986 3999 4000 3987
f 3987 4000 4001 3988
f 3988 4001 4002 3989
f 3989 4002 4003 3990
f 3990 4003 4004 3991
f 3991 4004 4005 3992
f 3993 4006 4007 3994
f 3994 4007 4008 3995
f 3995 4008 4009 3996
f 3996 4009 4010 3997
f 3997 4010 4011 3998
f 3998 4011 4012 3999
f 3999 4012 4013 4000
f 4000 4013 4014 4001
f 4001 4014 4015 4002
f 4002 4015 4016 4003
f 4003 4016 4017 4004
f 4004 4017 4018 4005
f 4019 4020 4021 4022
f 4022 4021 4023 4024
f 4024 4023 4025 4026
f 4026 4025 4027 4028
f 4006 4029 4030 4007
f 4007 4030 4031 4008
f 4008 4031 4032 4009
f 4009 4032 4033 4010
f 4010 4033 4034 4011
f 4011 4034 4035 4012
f 4012 4035 4036 4013
f 4013 4036 4037 4014
f 4014 4037 4038 4015
f 4015 4038 4039 4016
f 4016 4039 4040 4017
f 4021 4041 4042 4023
f 4023 4042 4043 4025
f 4025 4043 4044 4027
f 4027 4044 4045 4046
f 4029 4047 4048 4030
f 4030 4048 4049 4031
f 4031 4049 4050 4032
f 4032 4050 4051 4033
f 4047 4052 4053 4048
f 4048 4053 4054 4049
f 4049 4054 4055 4050
f 4050 4055 4056 4051
f 4052 4057 4058 4053
f 4053 4058 4059 4054
f 4054 4059 4060 4055
f 4055 4060 4061 4056
f 4057 4062 4063 4058
f 4058 4063 4064 4059
f 4059 4064 4065 4060
f 4060 4065 4066 4061
f 4062 4067 4068 4063
f 4063 4068 4069 4064
f 4064 4069 4070 4065
f 4065 4070 4071 4066
f 4067 4072 4073 4068
f 4068 4073 4074 4069
f 4069 4074 4075 4070
f 4070 4075 4076 4071
f 4071 4076 4077 4078
f 4078 4077 4079 4080
f 4080 4079 4081 4082
f 4082 4081 4083 4084
f 4084 4083 4085 4086
f 4086 4085 4087 4088
f 4088 4087 4089 4090
f 4072 4091 4092 4073
f 4073 4092 4093 4074
f 4074 4093 4094 4075
f 4075 4094 4095 4076
f 4076 4095 4096 4077
f 4077 4096 4097 4079
f 4079 4097 4098 4081
f 4081 4098 4099 4083
f 4083 4099 4100 4085
f 4085 4100 4101 4087
f 4087 4101 4102 4089
f 4089 4102 4103 4104
f 4091 4105 4106 4092
f 4092 4106 4107 4093
f 4093 4107 4108 4094
f 4094 4108 4109 4095
f 4095 4109 4110 4096
f 4096 4110 4111 4097
f 4097 4111 4112 4098
f 4098 4112 4113 4099
f 4099 4113 4114 4100
f 4100 4114 4115 4101
f 4101 4115 4116 4102
f 4102 4116 4117 4103
f 4118 4119 4120 4121
f 4121 4120 4122 4123
f 4105 4124 4125 4106
f 4106 4125 4126 4107
f 4107 4126 4127 4108
f 4108 4127 4128 4109
f 4109 4128 4129 4110
f 4110 4129 4130 4111
f 4111 4130 4131 4112
f 4112 4131 4132 4113
f 4113 4132 4133 4114
f 4114 4133 4134 4115
f 4115 4134 4135 4116
f 4116 4135 4136 4117
f 4117 4136 4137 4138
f 4138 4137 4139 4140
f 4140 4139 4141 4142
f 4142 4141 4143 4144
f 4144 4143 4145 4119
f 4119 4145 4146 4120
f 4120 4146 4147 4122
f 4124 4148 4149 4125
f 4125 4149 4150 4126
f 4126 4150 4151 4127
f 4127 4151 4152 4128
f 4128 4152 4153 4129
f 4129 4153 4154 4130
f 4130 4154 4155 4131
f 4131 4155 4156 4132
f 4132 4156 4157 4133
f 4133 4157 4158 4134
f 4134 4158 4159 4135
f 4135 4159 4160 4136
f 4136 4160 4161 4137
f 4137 4161 4162 4139
f 4139 4162 4163 4141
f 4141 4163 4164 4143
f 4143 4164 4165 4145
f 4145 4165 4166 4146
f 4146 4166 4167 4147
f 4147 4167 4168 4169
f 4148 4170 4171 4149
f 4149 4171 4172 4150
f 4150 4172 4173 4151
f 4151 4173 4174 4152
f 4152 4174 4175 4153
f 4153 4175 4176 4154
f 4154 4176 4177 4155
f 4155 4177 4178 4156
f 4156 4178 4179 4157
f 4157 4179 4180 4158
f 4158 4180 4181 4159
f 4159 4181 4182 4160
f 4160 4182 4183 4161
f 4161 4183 4184 4162
f 4162 4184 4185 4163
f 4163 4185 4186 4164
f 4164 4186 4187 4165
f 4165 4187 4188 4166
f 4166 4188 4189 4167
f 4170 4190 4191 4171
f 4171 4191 4192 4172
f 4172 4192 4193 4173
f 4173 4193 4194 4174
f 4174 4194 4195 4175
f 4175 4195 4196 4176
f 4176 4196 4197 4177
f 4177 4197 4198 4178
f 4178 4198 4199 4179
f 4179 4199 4200 4180
f 4180 4200 4201 4181
f 4181 4201 4202 4182
f 4182 4202 4203 4183
f 4183 4203 4204 4184
f 4184 4204 4205 4185
f 4185 4205 4206 4186
f 4186 4206 4207 4187
f 4187 4207 4208 4188
f 4188 4208 4209 4189
f 4190 4210 4211 4191
f 4191 4211 4212 4192
f 4192 4212 4213 4193
f 4193 4213 4214 4194
f 4194 4214 4215 4195
f 4195 4215 4216 4196
f 4196 4216 4217 4197
f 4197 4217 4218 4198
f 4198 4218 4219 4199
f 4199 4219 4220 4200
f 4200 4220 4221 4201
f 4201 4221 4222 4202
f 4202 4222 4223 4203
f 4203 4223 4224 4204
f 4204 4224 4225 4205
f 4205 4225 4226 4206
f 4206 4226 4227 4207
f 4207 4227 4228 4208
f 4208 4228 4229 4209
f 4209 4229 4230 4231
f 4210 4232 4233 4211
f 4211 4233 4234 4212
f 4212 4234 4235 4213
f 4213 4235 4236 4214
f 4214 4236 4237 4215
f 4215 4237 4238 4216
f 4216 4238 4239 4217
f 4217 4239 4240 4218
f 4218 4240 4241 4219
f 4219 4241 4242 4220
f 4220 4242 4243 4221
f 4221 4243 4244 4222
f 4222 4244 4245 4223
f 4223 4245 4246 4224
f 4224 4246 4247 4225
f 4225 4247 4248 4226
f 4226 4248 4249 4227
f 4227 4249 4250 4228
f 4228 4250 4251 4229
f 4229 4251 4252 4230
f 4232 4253 4254 4233
f 4233 4254 4255 4234
f 4234 4255 4256 4235
f 4235 4256 4257 4236
f 4236 4257 4258 4237
f 4237 4258 4259 4238
f 4238 4259 4260 4239
f 4239 4260 4261 4240
f 4240 4261 4262 4241
f 4241 4262 4263 4242
f 4242 4263 4264 4243
f 4243 4264 4265 4244
f 4244 4265 4266 4245
f 4245 4266 4267 4246
f 4246 4267 4268 4247
f 4247 4268 4269 4248
f 4248 4269 4270 4249
f 4249 4270 4271 4250
f 4250 4271 4272 4251
f 4251 4272 4273 4252
f 4253 4274 4275 4254
f 4254 4275 4276 4255
f 4255 4276 4277 4256
f 4256 4277 4278 4257
f 4257 4278 4279 4258
f 4258 4279 4280 4259
f 4259 4280 4281 4260
f 4260 4281 4282 4261
f 4261 4282 4283 4262
f 4262 4283 4284 4263
f 4263 4284 4285 4264
f 4264 4285 4286 4265
f 4265 4286 4287 4266
f 4266 4287 4288 4267
f 4267 4288 4289 4268
f 4268 4289 4290 4269
f 4269 4290 4291 4270
f 4270 4291 4292 4271
f 4271 4292 4293 4272
f 4274 4294 4295 4275
f 4275 4295 4296 4276
f 4276 4296 4297 4277
f 4277 4297 4298 4278
f 4278 4298 4299 4279
f 4279 4299 4300 4280
f 4280 4300 4301 4281
f 4281 4301 4302 4282
f 4282 4302 4303 4283
f 4283 4303 4304 4284
f 4284 4304 4305 4285
f 4285 4305 4306 4286
f 4286 4306 4307 4287
f 4287 4307 4308 4288
f 4288 4308 4309 4289
f 4289 4309 4310 4290
f 4290 4310 4311 4291
f 4291 4311 4312 4292
f 4292 4312 4313 4293
f 4294 4314 4315 4295
f 4295 4315 4316 4296
f 4296 4316 4317 4297
f 4297 4317 4318 4298
f 4298 4318 4319 4299
f 4299 4319 4320 4300
f 4300 4320 4321 4301
f 4301 4321 4322 4302
f 4302 4322 4323 4303
f 4303 4323 4324 4304
f 4304 4324 4325 4305
f 4305 4325 4326 4306
f 4306 4326 4327 4307
f 4307 4327 4328 4308
f 4308 4328 4329 4309
f 4309 4329 4330 4310
f 4310 4330 4331 4311
f 4311 4331 4332 4312
f 4312 4332 4333 4313
f 4314 4334 4335 4315
f 4315 4335 4336 4316
f 4316 4336 4337 4317
f 4317 4337 4338 4318
f 4318 4338 4339 4319
f 4319 4339 4340 4320
f 4320 4340 4341 4321
f 4321 4341 4342 4322
f 4322 4342 4343 4323
f 4323 4343 4344 4324
f 4324 4344 4345 4325
f 4325 4345 4346 4326
f 4326 4346 4347 4327
f 4327 4347 4348 4328
f 4328 4348 4349 4329
f 4329 4349 4350 4330
f 4330 4350 4351 4331
f 4331 4351 4352 4332
f 4332 4352 4353 4333
f 4334 4354 4355 4335
f 4335 4355 4356 4336
f 4336 4356 4357 4337
f 4337 4357 4358 4338
f 4338 4358 4359 4339
f 4339 4359 4360 4340
f 4340 4360 4361 4341
f 4341 4361 4362 4342
f 4342 4362 4363 4343
f 4343 4363 4364 4344
f 4344 4364 4365 4345
f 4345 4365 4366 4346
f 4346 4366 4367 4347
f 4347 4367 4368 4348
f 4348 4368 4369 4349
f 4349 4369 4370 4350
f 4350 4370 4371 4351
f 4351 4371 4372 4352
f 4352 4372 4373 4353
f 4353 4373 4374 4375
f 4354 4376 4377 4355
f 4355 4377 4378 4356
f 4356 4378 4379 4357
f 4357 4379 4380 4358
f 4358 4380 4381 4359
f 4359 4381 4382 4360
f 4360 4382 4383 4361
f 4361 4383 4384 4362
f 4362 4384 4385 4363
f 4363 4385 4386 4364
f 4364 4386 4387 4365
f 4365 4387 4388 4366
f 4366 4388 4389 4367
f 4367 4389 4390 4368
f 4368 4390 4391 4369
f 4369 4391 4392 4370
f 4370 4392 4393 4371
f 4371 4393 4394 4372
f 4372 4394 4395 4373
f 4376 4396 4397 4377
f 4377 4397 4398 4378
f 4378 4398 4399 4379
f 4379 4399 4400 4380
f 4380 4400 4401 4381
f 4381 4401 4402 4382
f 4382 4402 4403 4383
f 4383 4403 4404 4384
f 4384 4404 4405 4385
f 4385 4405 4406 4386
f 4386 4406 4407 4387
f 4387 4407 4408 4388
f 4388 4408 4409 4389
f 4389 4409 4410 4390
f 4390 4410 4411 4391
f 4391 4411 4412 4392
f 4392 4412 4413 4393
f 4393 4413 4414 4394
f 4394 4414 4415 4395
f 4396 4416 4417 4397
f 4397 4417 4418 4398
f 4398 4418 4419 4399
f 4399 4419 4420 4400
f 4400 4420 4421 4401
f 4401 4421 4422 4402
f 4402 4422 4423 4403
f 4403 4423 4424 4404
f 4404 4424 4425 4405
f 4405 4425 4426 4406
f 4406 4426 4427 4407
f 4407 4427 4428 4408
f 4408 4428 4429 4409
f 4409 4429 4430 4410
f 4410 4430 4431 4411
f 4411 4431 4432 4412
f 4412 4432 4433 4413
f 4413 4433 4434 4414
f 4414 4434 4435 4415
f 4416 4436 4437 4417
f 4417 4437 4438 4418
f 4418 4438 4439 4419
f 4419 4439 4440 4420
f 4420 4440 4441 4421
f 4421 4441 4442 4422
f 4422 4442 4443 4423
f 4423 4443 4444 4424
f 4424 4444 4445 4425
f 4425 4445 4446 4426
f 4426 4446 4447 4427
f 4427 4447 4448 4428
f 4428 4448 4449 4429
f 4429 4449 4450 4430
f 4430 4450 4451 4431
f 4431 4451 4452 4432
f 4432 4452 4453 4433
f 4433 4453 4454 4434
f 4434 4454 4455 4435
f 4436 4456 4457 4437
f 4437 4457 4458 4438
f 4438 4458 4459 4439
f 4439 4459 4460 4440
f 4440 4460 4461 4441
f 4441 4461 4462 4442
f 4442 4462 4463 4443
f 4443 4463 4464 4444
f 4444 4464 4465 4445
f 4445 4465 4466 4446
f 4446 4466 4467 4447
f 4447 4467 4468 4448
f 4448 4468 4469 4449
f 4449 4469 4470 4450
f 4450 4470 4471 4451
f 4451 4471 4472 4452
f 4452 4472 4473 4453
f 4453 4473 4474 4454
f 4454 4474 4475 4455
g observed_plane_6
f 4476 4477 4478 4479
f 4479 4478 4480 4481
f 4481 4480 4482 4483
f 4483 4482 4484 4485
f 4485 4484 4486 4487
f 4487 4486 4488 4489
f 4489 4488 4490 4491
f 4491 4490 4492 4493
f 4493 4492 4494 4495
f 4495 4494 4496 4497
f 4497 4496 4498 4499
f 4499 4498 4500 4501
f 4501 4500 4502 4503
f 4503 4502 4504 4505
f 4505 4504 4506 4507
f 4508 4509 4510 4511
f 4511 4510 4512 4513
f 4513 4512 4514 4515
f 4514 4516 4517 4518
f 4516 4519 4520 4517
f 4519 4521 4522 4520
f 4521 4523 4524 4522
f 4523 4525 4526 4524
f 4525 4527 4528 4526
f 4527 4529 4530 4528
f 4529 4531 4532 4530
f 4531 4533 4534 4532
f 4533 4535 4536 4534
f 4535 4537 4538 4536
f 4537 4539 4540 4538
f 4541 4542 4543 4544
f 4544 4543 4545 4546
f 4546 4545 4547 4548
f 4548 4547 4549 4550
f 4550 4549 4551 4552
f 4552 4551 4553 4554
f 4554 4553 4555 4556
f 4556 4555 4557 4558
f 4558 4557 4559 4560
f 4560 4559 4561 4562
f 4562 4561 4563 4564
f 4564 4563 4565 4566
f 4566 4565 4567 4568
f 4568 4567 4569 4570
f 4571 4572 4573 4574
f 4574 4573 4575 4576
f 4542 4577 4578 4543
f 4543 4578 4579 4545
f 4545 4579 4580 4547
f 4547 4580 4581 4549
f 4549 4581 4582 4551
f 4551 4582 4583 4553
f 4553 4583 4584 4555
f 4555 4584 4585 4557
f 4557 4585 4586 4559
f 4559 4586 4587 4561
f 4563 4588 4589 4565
f 4565 4589 4590 4567
f 4569 4591 4592 4593
f 4593 4592 4594 4572
f 4573 4595 4596 4575
f 4575 4596 4597 4598
f 4598 4597 4599 4600
f 4578 4601 4602 4579
f 4597 4603 4604 4599
f 4605 4606 4607 4608
f 4603 4609 4610 4604
f 4611 4612 4613 4614
f 4614 4613 4615 4616
f 4616 4615 4617 4606
f 4606 4617 4618 4607
f 4609 4619 4620 4610
f 4615 4621 4622 4617
f 4617 4622 4623 4618
f 4619 4624 4625 4620
f 4622 4626 4627 4623
f 4624 4628 4629 4625
f 4628 4630 4631 4629
f 4630 4632 4633 4631
f 4632 4634 4635 4633
f 4634 4636 4637 4635
f 4636 4638 4639 4637
f 4638 4640 4641 4639
f 4642 4643 4644 4645
f 4645 4644 4646 4647
f 4647 4646 4648 4649
f 4649 4648 4650 4651
f 4651 4650 4652 4653
f 4653 4652 4654 4655
f 4655 4654 4656 4657
f 4657 4656 4658 4659
f 4659 4658 4660 4661
f 4661 4660 4662 4663
f 4663 4662 4664 4665
f 4640 4666 4667 4641
f 4643 4668 4669 4644
f 4644 4669 4670 4646
f 4646 4670 4671 4648
f 4648 4671 4672 4650
f 4654 4673 4674 4656
f 4658 4675 4676 4660
f 4660 4676 4677 4662
f 4666 4678 4679 4667
f 4668 4680 4681 4669
f 4669 4681 4682 4670
f 4670 4682 4683 4671
f 4671 4683 4684 4672
f 4672 4684 4685 4686
f 4686 4685 4687 4673
f 4673 4687 4688 4674
f 4674 4688 4689 4675
f 4675 4689 4690 4676
f 4676 4690 4691 4677
f 4677 4691 4692 4693
f 4693 4692 4694 4695
f 4678 4696 4697 4679
f 4680 4698 4699 4681
f 4681 4699 4700 4682
f 4682 4700 4701 4683
f 4683 4701 4702 4684
f 4684 4702 4703 4685
f 4687 4704 4705 4688
f 4688 4705 4706 4689
f 4689 4706 4707 4690
f 4690 4707 4708 4691
f 4691 4708 4709 4692
f 4696 4710 4711 4697
f 4698 4712 4713 4699
f 4699 4713 4714 4700
f 4700 4714 4715 4701
f 4701 4715 4716 4702
f 4702 4716 4717 4703
f 4704 4718 4719 4705
f 4705 4719 4720 4706
f 4706 4720 4721 4707
f 4707 4721 4722 4708
f 4708 4722 4723 4709
f 4709 4723 4724 4725
f 4710 4726 4727 4711
f 4712 4728 4729 4713
f 4713 4729 4730 4714
f 4714 4730 4731 4715
f 4715 4731 4732 4716
f 4716 4732 4733 4717
f 4718 4734 4735 4719
f 4719 4735 4736 4720
f 4720 4736 4737 4721
f 4721 4737 4738 4722
f 4722 4738 4739 4723
f 4726 4740 4741 4727
f 4728 4742 4743 4729
f 4729 4743 4744 4730
f 4730 4744 4745 4731
f 4731 4745 4746 4732
f 4732 4746 4747 4733
f 4734 4748 4749 4735
f 4735 4749 4750 4736
f 4736 4750 4751 4737
f 4737 4751 4752 4738
f 4738 4752 4753 4739
f 4740 4754 4755 4741
f 4742 4756 4757 4743
f 4743 4757 4758 4744
f 4744 4758 4759 4745
f 4745 4759 4760 4746
f 4746 4760 4761 4747
f 4748 4762 4763 4749
f 4749 4763 4764 4750
f 4750 4764 4765 4751
f 4751 4765 4766 4752
f 4752 4766 4767 4753
f 4756 4768 4769 4757
f 4757 4769 4770 4758
f 4758 4770 4771 4759
f 4759 4771 4772 4760
f 4760 4772 4773 4761
f 4761 4773 4774 4762
f 4762 4774 4775 4763
f 4763 4775 4776 4764
f 4764 4776 4777 4765
f 4765 4777 4778 4766
f 4766 4778 4779 4767
f 4767 4779 4780 4781
f 4782 4783 4784 4785
f 4785 4784 4786 4787
f 4787 4786 4788 4789
f 4789 4788 4790 4791
f 4791 4790 4792 4793
f 4793 4792 4794 4795
f 4795 4794 4796 4797
f 4797 4796 4798 4799
f 4799 4798 4800 4801
f 4801 4800 4802 4803
f 4803 4802 4804 4805
f 4805 4804 4806 4807
g observed_plane_7
f 4808 4809 4810 4811
f 4811 4810 4812 4813
f 4813 4812 4814 4815
f 4815 4814 4816 4817
f 4817 4816 4818 4819
f 4819 4818 4820 4821
f 4821 4820 4822 4823
f 4823 4822 4824 4825
f 4825 4824 4826 4827
f 4827 4826 4828 4829
f 4829 4828 4830 4831
f 4831 4830 4832 4833
f 4833 4832 4834 4835
f 4835 4834 4836 4837
f 4837 4836 4838 4839
f 4839 4838 4840 4841
f 4841 4840 4842 4843
f 4843 4842 4844 4845
f 4845 4844 4846 4847
f 4809 4848 4849 4810
f 4810 4849 4850 4812
f 4812 4850 4851 4814
f 4814 4851 4852 4816
f 4816 4852 4853 4818
f 4818 4853 4854 4820
f 4820 4854 4855 4822
f 4822 4855 4856 4824
f 4824 4856 4857 4826
f 4826 4857 4858 4828
f 4828 4858 4859 4830
f 4830 4859 4860 4832
f 4832 4860 4861 4834
f 4834 4861 4862 4836
f 4836 4862 4863 4838
f 4838 4863 4864 4840
f 4840 4864 4865 4842
f 4842 4865 4866 4844
f 4844 4866 4867 4846
f 4846 4867 4868 4869
f 4848 4870 4871 4849
f 4849 4871 4872 4850
f 4850 4872 4873 4851
f 4851 4873 4874 4852
f 4852 4874 4875 4853
f 4853 4875 4876 4854
f 4854 4876 4877 4855
f 4855 4877 4878 4856
f 4856 4878 4879 4857
f 4857 4879 4880 4858
f 4858 4880 4881 4859
f 4859 4881 4882 4860
f 4860 4882 4883 4861
f 4861 4883 4884 4862
f 4862 4884 4885 4863
f 4863 4885 4886 4864
f 4864 4886 4887 4865
f 4865 4887 4888 4866
f 4866 4888 4889 4867
f 4867 4889 4890 4868
f 4870 4891 4892 4871
f 4871 4892 4893 4872
f 4872 4893 4894 4873
f 4873 4894 4895 4874
f 4874 4895 4896 4875
f 4875 4896 4897 4876
f 4876 4897 4898 4877
f 4877 4898 4899 4878
f 4878 4899 4900 4879
f 4879 4900 4901 4880
f 4880 4901 4902 4881
f 4881 4902 4903 4882
f 4882 4903 4904 4883
f 4883 4904 4905 4884
f 4884 4905 4906 4885
f 4885 4906 4907 4886
f 4886 4907 4908 4887
f 4887 4908 4909 4888
f 4888 4909 4910 4889
f 4889 4910 4911 4890
f 4891 4912 4913 4892
f 4892 4913 4914 4893
f 4893 4914 4915 4894
f 4894 4915 4916 4895
f 4895 4916 4917 4896
f 4896 4917 4918 4897
f 4897 4918 4919 4898
f 4898 4919 4920 4899
f 4899 4920 4921 4900
f 4900 4921 4922 4901
f 4901 4922 4923 4902
f 4902 4923 4924 4903
f 4903 4924 4925 4904
f 4904 4925 4926 4905
f 4905 4926 4927 4906
f 4906 4927 4928 4907
f 4907 4928 4929 4908
f 4908 4929 4930 4909
f 4909 4930 4931 4910
f 4910 4931 4932 4911
f 4912 4933 4934 4913
f 4913 4934 4935 4914
f 4914 4935 4936 4915
f 4915 4936 4937 4916
f 4916 4937 4938 4917
f 4917 4938 4939 4918
f 4918 4939 4940 4919
f 4919 4940 4941 4920
f 4920 4941 4942 4921
f 4921 4942 4943 4922
f 4922 4943 4944 4923
f 4923 4944 4945 4924
f 4924 4945 4946 4925
f 4925 4946 4947 4926
f 4926 4947 4948 4927
f 4927 4948 4949 4928
f 4928 4949 4950 4929
f 4929 4950 4951 4930
f 4930 4951 4952 4931
f 4931 4952 4953 4932
f 4933 4954 4955 4934
f 4934 4955 4956 4935
f 4935 4956 4957 4936
f 4936 4957 4958 4937
f 4937 4958 4959 4938
f 4938 4959 4960 4939
f 4939 4960 4961 4940
f 4940 4961 4962 4941
f 4941 4962 4963 4942
f 4942 4963 4964 4943
f 4943 4964 4965 4944
f 4944 4965 4966 4945
f 4945 4966 4967 4946
f 4946 4967 4968 4947
f 4947 4968 4969 4948
f 4948 4969 4970 4949
f 4949 4970 4971 4950
f 4950 4971 4972 4951
f 4951 4972 4973 4952
f 4952 4973 4974 4953
f 4954 4975 4976 4955
f 4955 4976 4977 4956
f 4956 4977 4978 4957
f 4957 4978 4979 4958
f 4958 4979 4980 4959
f 4959 4980 4981 4960
f 4960 4981 4982 4961
f 4961 4982 4983 4962
f 4962 4983 4984 4963
f 4963 4984 4985 4964
f 4964 4985 4986 4965
f 4965 4986 4987 4966
f 4966 4987 4988 4967
f 4967 4988 4989 4968
f 4968 4989 4990 4969
f 4969 4990 4991 4970
f 4970 4991 4992 4971
f 4971 4992 4993 4972
f 4972 4993 4994 4973
f 4973 4994 4995 4974
f 4975 4996 4997 4976
f 4976 4997 4998 4977
f 4977 4998 4999 4978
f 4978 4999 5000 4979
f 4979 5000 5001 4980
f 4980 5001 5002 4981
f 4981 5002 5003 4982
f 4982 5003 5004 4983
f 4983 5004 5005 4984
f 4984 5005 5006 4985
f 4985 5006 5007 4986
f 4986 5007 5008 4987
f 4987 5008 5009 4988
f 4988 5009 5010 4989
f 4989 5010 5011 4990
f 4990 5011 5012 4991
f 4991 5012 5013 4992
f 4992 5013 5014 4993
f 4993 5014 5015 4994
f 4994 5015 5016 4995
f 4996 5017 5018 4997
f 4997 5018 5019 4998
f 4998 5019 5020 4999
f 4999 5020 5021 5000
f 5000 5021 5022 5001
f 5001 5022 5023 5002
f 5002 5023 5024 5003
f 5003 5024 5025 5004
f 5004 5025 5026 5005
f 5005 5026 5027 5006
f 5006 5027 5028 5007
f 5007 5028 5029 5008
f 5008 5029 5030 5009
f 5009 5030 5031 5010
f 5010 5031 5032 5011
f 5011 5032 5033 5012
f 5012 5033 5034 5013
f 5013 5034 5035 5014
f 5014 5035 5036 5015
f 5015 5036 5037 5016
f 5017 5038 5039 5018
f 5018 5039 5040 5019
f 5019 5040 5041 5020
f 5020 5041 5042 5021
f 5021 5042 5043 5022
f 5022 5043 5044 5023
f 5023 5044 5045 5024
f 5024 5045 5046 5025
f 5025 5046 5047 5026
f 5026 5047 5048 5027
f 5027 5048 5049 5028
f 5028 5049 5050 5029
f 5029 5050 5051 5030
f 5030 5051 5052 5031
f 5031 5052 5053 5032
f 5032 5053 5054 5033
f 5033 5054 5055 5034
f 5034 5055 5056 5035
f 5035 5056 5057 5036
f 5036 5057 5058 5037
f 5038 5059 5060 5039
f 5039 5060 5061 5040
f 5040 5061 5062 5041
f 5041 5062 5063 5042
f 5042 5063 5064 5043
f 5043 5064 5065 5044
f 5044 5065 5066 5045
f 5045 5066 5067 5046
f 5046 5067 5068 5047
f 5047 5068 5069 5048
f 5048 5069 5070 5049
f 5049 5070 5071 5050
f 5050 5071 5072 5051
f 5051 5072 5073 5052
f 5052 5073 5074 5053
f 5053 5074 5075 5054
f 5054 5075 5076 5055
f 5055 5076 5077 5056
f 5056 5077 5078 5057
f 5059 5079 5080 5060
f 5060 5080 5081 5061
f 5061 5081 5082 5062
f 5062 5082 5083 5063
f 5063 5083 5084 5064
f 5064 5084 5085 5065
f 5065 5085 5086 5066
f 5066 5086 5087 5067
f 5067 5087 5088 5068
f 5068 5088 5089 5069
f 5069 5089 5090 5070
f 5070 5090 5091 5071
f 5071 5091 5092 5072
f 5072 5092 5093 5073
f 5073 5093 5094 5074
f 5074 5094 5095 5075
f 5075 5095 5096 5076
f 5076 5096 5097 5077
f 5077 5097 5098 5078
f 5079 5099 5100 5080
f 5080 5100 5101 5081
f 5081 5101 5102 5082
f 5082 5102 5103 5083
f 5083 5103 5104 5084
f 5084 5104 5105 5085
f 5085 5105 5106 5086
f 5086 5106 5107 5087
f 5087 5107 5108 5088
f 5088 5108 5109 5089
f 5089 5109 5110 5090
f 5090 5110 5111 5091
f 5091 5111 5112 5092
f 5092 5112 5113 5093
f 5093 5113 5114 5094
f 5094 5114 5115 5095
f 5095 5115 5116 5096
f 5096 5116 5117 5097
f 5097 5117 5118 5098
f 5099 5119 5120 5100
f 5100 5120 5121 5101
f 5101 5121 5122 5102
f 5102 5122 5123 5103
f 5103 5123 5124 5104
f 5104 5124 5125 5105
f 5105 5125 5126 5106
f 5106 5126 5127 5107
f 5107 5127 5128 5108
f 5108 5128 5129 5109
f 5109 5129 5130 5110
f 5110 5130 5131 5111
f 5111 5131 5132 5112
f 5112 5132 5133 5113
f 5113 5133 5134 5114
f 5114 5134 5135 5115
f 5115 5135 5136 5116
f 5116 5136 5137 5117
f 5117 5137 5138 5118
f 5119 5139 5140 5120
f 5120 5140 5141 5121
f 5121 5141 5142 5122
f 5122 5142 5143 5123
f 5123 5143 5144 5124
f 5124 5144 5145 5125
f 5125 5145 5146 5126
f 5126 5146 5147 5127
f 5127 5147 5148 5128
f 5128 5148 5149 5129
f 5129 5149 5150 5130
f 5130 5150 5151 5131
f 5131 5151 5152 5132
f 5132 5152 5153 5133
f 5133 5153 5154 5134
f 5134 5154 5155 5135
f 5135 5155 5156 5136
f 5136 5156 5157 5137
f 5137 5157 5158 5138
f 5139 5159 5160 5140
f 5140 5160 5161 5141
f 5141 5161 5162 5142
f 5142 5162 5163 5143
f 5143 5163 5164 5144
f 5144 5164 5165 5145
f 5145 5165 5166 5146
f 5146 5166 5167 5147
f 5147 5167 5168 5148
f 5148 5168 5169 5149
f 5149 5169 5170 5150
f 5150 5170 5171 5151
f 5151 5171 5172 5152
f 5152 5172 5173 5153
f 5153 5173 5174 5154
f 5154 5174 5175 5155
f 5155 5175 5176 5156
f 5156 5176 5177 5157
f 5157 5177 5178 5158
f 5158 5178 5179 5180
f 5159 5181 5182 5160
f 5160 5182 5183 5161
f 5161 5183 5184 5162
f 5162 5184 5185 5163
f 5163 5185 5186 5164
f 5164 5186 5187 5165
f 5165 5187 5188 5166
f 5166 5188 5189 5167
f 5167 5189 5190 5168
f 5168 5190 5191 5169
f 5169 5191 5192 5170
f 5170 5192 5193 5171
f 5171 5193 5194 5172
f 5172 5194 5195 5173
f 5173 5195 5196 5174
f 5174 5196 5197 5175
f 5175 5197 5198 5176
f 5176 5198 5199 5177
f 5177 5199 5200 5178
f 5178 5200 5201 5179
f 5181 5202 5203 5182
f 5182 5203 5204 5183
f 5183 5204 5205 5184
f 5184 5205 5206 5185
f 5185 5206 5207 5186
f 5186 5207 5208 5187
f 5187 5208 5209 5188
f 5188 5209 5210 5189
f 5189 5210 5211 5190
f 5190 5211 5212 5191
f 5191 5212 5213 5192
f 5192 5213 5214 5193
f 5193 5214 5215 5194
f 5194 5215 5216 5195
f 5195 5216 5217 5196
f 5196 5217 5218 5197
f 5197 5218 5219 5198
f 5198 5219 5220 5199
f 5199 5220 5221 5200
f 5202 5222 5223 5203
f 5203 5223 5224 5204
f 5204 5224 5225 5205
f 5205 5225 5226 5206
f 5206 5226 5227 5207
f 5207 5227 5228 5208
f 5208 5228 5229 5209
f 5209 5229 5230 5210
f 5210 5230 5231 5211
f 5211 5231 5232 5212
f 5212 5232 5233 5213
f 5213 5233 5234 5214
f 5214 5234 5235 5215
f 5215 5235 5236 5216
f 5216 5236 5237 5217
f 5217 5237 5238 5218
f 5218 5238 5239 5219
f 5219 5239 5240 5220
f 5220 5240 5241 5221
f 5221 5241 5242 5243
f 5222 5244 5245 5223
f 5223 5245 5246 5224
f 5224 5246 5247 5225
f 5225 5247 5248 5226
f 5226 5248 5249 5227
f 5227 5249 5250 5228
f 5228 5250 5251 5229
f 5229 5251 5252 5230
f 5230 5252 5253 5231
f 5231 5253 5254 5232
f 5232 5254 5255 5233
f 5233 5255 5256 5234
f 5234 5256 5257 5235
f 5235 5257 5258 5236
f 5236 5258 5259 5237
f 5237 5259 5260 5238
f 5238 5260 5261 5239
f 5239 5261 5262 5240
f 5240 5262 5263 5241
f 5241 5263 5264 5242
f 5244 5265 5266 5245
f 5245 5266 5267 5246
f 5246 5267 5268 5247
f 5247 5268 5269 5248
f 5248 5269 5270 5249
f 5249 5270 5271 5250
f 5250 5271 5272 5251
f 5251 5272 5273 5252
f 5252 5273 5274 5253
f 5253 5274 5275 5254
f 5254 5275 5276 5255
f 5255 5276 5277 5256
f 5256 5277 5278 5257
f 5257 5278 5279 5258
f 5258 5279 5280 5259
f 5259 5280 5281 5260
f 5260 5281 5282 5261
f 5261 5282 5283 5262
f 5262 5283 5284 5263
f 5265 5285 5286 5266
f 5266 5286 5287 5267
f 5267 5287 5288 5268
f 5268 5288 5289 5269
f 5269 5289 5290 5270
f 5270 5290 5291 5271
f 5271 5291 5292 5272
f 5272 5292 5293 5273
f 5273 5293 5294 5274
f 5274 5294 5295 5275
f 5275 5295 5296 5276
f 5276 5296 5297 5277
f 5277 5297 5298 5278
f 5278 5298 5299 5279
f 5279 5299 5300 5280
f 5280 5300 5301 5281
f 5281 5301 5302 5282
f 5282 5302 5303 5283
f 5283 5303 5304 5284
f 5284 5304 5305 5306
f 5285 5307 5308 5286
f 5286 5308 5309 5287
f 5287 5309 5310 5288
f 5288 5310 5311 5289
f 5289 5311 5312 5290
f 5290 5312 5313 5291
f 5291 5313 5314 5292
f 5292 5314 5315 5293
f 5293 5315 5316 5294
f 5294 5316 5317 5295
f 5295 5317 5318 5296
f 5296 5318 5319 5297
f 5297 5319 5320 5298
f 5298 5320 5321 5299
f 5299 5321 5322 5300
f 5300 5322 5323 5301
f 5301 5323 5324 5302
f 5302 5324 5325 5303
f 5303 5325 5326 5304
f 5304 5326 5327 5305
f 5307 5328 5329 5308
f 5308 5329 5330 5309
f 5309 5330 5331 5310
f 5310 5331 5332 5311
f 5311 5332 5333 5312
f 5312 5333 5334 5313
f 5313 5334 5335 5314
f 5314 5335 5336 5315
f 5315 5336 5337 5316
f 5316 5337 5338 5317
f 5320 5339 5340 5321
f 5321 5340 5341 5322
f 5322 5341 5342 5323
f 5323 5342 5343 5324
f 5324 5343 5344 5325
f 5325 5344 5345 5326
f 5328 5346 5347 5329
f 5329 5347 5348 5330
f 5330 5348 5349 5331
f 5331 5349 5350 5332
f 5332 5350 5351 5333
f 5333 5351 5352 5334
f 5334 5352 5353 5335
f 5335 5353 5354 5336
f 5336 5354 5355 5337
f 5337 5355 5356 5338
f 5339 5357 5358 5340
f 5340 5358 5359 5341
f 5341 5359 5360 5342
f 5342 5360 5361 5343
f 5343 5361 5362 5344
f 5344 5362 5363 5345
f 5345 5363 5364 5365
f 5346 5366 5367 5347
f 5347 5367 5368 5348
f 5348 5368 5369 5349
f 5349 5369 5370 5350
f 5350 5370 5371 5351
f 5351 5371 5372 5352
f 5352 5372 5373 5353
f 5353 5373 5374 5354
f 5354 5374 5375 5355
f 5355 5375 5376 5356
f 5357 5377 5378 5358
f 5358 5378 5379 5359
f 5359 5379 5380 5360
f 5360 5380 5381 5361
f 5361 5381 5382 5362
f 5362 5382 5383 5363
f 5363 5383 5384 5364
f 5366 5385 5386 5367
f 5367 5386 5387 5368
f 5368 5387 5388 5369
f 5369 5388 5389 5370
f 5370 5389 5390 5371
f 5371 5390 5391 5372
f 5372 5391 5392 5373
f 5373 5392 5393 5374
f 5374 5393 5394 5375
f 5375 5394 5395 5376
f 5377 5396 5397 5378
f 5378 5397 5398 5379
f 5379 5398 5399 5380
f 5380 5399 5400 5381
f 5381 5400 5401 5382
f 5382 5401 5402 5383
f 5383 5402 5403 5384
f 5385 5404 5405 5386
f 5386 5405 5406 5387
f 5387 5406 5407 5388
f 5388 5407 5408 5389
f 5389 5408 5409 5390
f 5390 5409 5410 5391
f 5391 5410 5411 5392
f 5392 5411 5412 5393
f 5393 5412 5413 5394
f 5394 5413 5414 5395
f 5396 5415 5416 5397
f 5397 5416 5417 5398
f 5398 5417 5418 5399
f 5399 5418 5419 5400
f 5400 5419 5420 5401
f 5401 5420 5421 5402
f 5402 5421 5422 5403
f 5404 5423 5424 5405
f 5405 5424 5425 5406
f 5406 5425 5426 5407
f 5407 5426 5427 5408
f 5408 5427 5428 5409
f 5409 5428 5429 5410
f 5410 5429 5430 5411
f 5411 5430 5431 5412
f 5412 5431 5432 5413
f 5413 5432 5433 5414
f 5414 5433 5434 5435
f 5435 5434 5436 5437
f 5437 5436 5438 5415
f 5415 5438 5439 5416
f 5416 5439 5440 5417
f 5417 5440 5441 5418
f 5418 5441 5442 5419
f 5419 5442 5443 5420
f 5420 5443 5444 5421
f 5421 5444 5445 5422
f 5423 5446 5447 5424
f 5424 5447 5448 5425
f 5425 5448 5449 5426
f 5426 5449 5450 5427
f 5427 5450 5451 5428
f 5428 5451 5452 5429
f 5429 5452 5453 5430
f 5430 5453 5454 5431
f 5431 5454 5455 5432
f 5432 5455 5456 5433
f 5433 5456 5457 5434
f 5434 5457 5458 5436
f 5436 5458 5459 5438
f 5438 5459 5460 5439
f 5439 5460 5461 5440
f 5440 5461 5462 5441
f 5441 5462 5463 5442
f 5442 5463 5464 5443
f 5443 5464 5465 5444
f 5444 5465 5466 5445
f 5446 5467 5468 5447
f 5447 5468 5469 5448
f 5448 5469 5470 5449
f 5449 5470 5471 5450
f 5450 5471 5472 5451
f 5451 5472 5473 5452
f 5452 5473 5474 5453
f 5453 5474 5475 5454
f 5454 5475 5476 5455
f 5455 5476 5477 5456
f 5456 5477 5478 5457
f 5457 5478 5479 5458
f 5458 5479 5480 5459
f 5459 5480 5481 5460
f 5460 5481 5482 5461
f 5461 5482 5483 5462
f 5462 5483 5484 5463
f 5463 5484 5485 5464
f 5464 5485 5486 5465
f 5465 5486 5487 5466
f 5467 5488 5489 5468
f 5468 5489 5490 5469
f 5469 5490 5491 5470
f 5470 5491 5492 5471
f 5471 5492 5493 5472
f 5472 5493 5494 5473
f 5473 5494 5495 5474
f 5474 5495 5496 5475
f 5475 5496 5497 5476
f 5476 5497 5498 5477
f 5477 5498 5499 5478
f 5478 5499 5500 5479
f 5479 5500 5501 5480
f 5480 5501 5502 5481
f 5481 5502 5503 5482
f 5482 5503 5504 5483
f 5483 5504 5505 5484
f 5484 5505 5506 5485
f 5485 5506 5507 5486
f 5486 5507 5508 5487
f 5488 5509 5510 5489
f 5489 5510 5511 5490
f 5490 5511 5512 5491
f 5491 5512 5513 5492
f 5492 5513 5514 5493
f 5493 5514 5515 5494
f 5494 5515 5516 5495
f 5495 5516 5517 5496
f 5496 5517 5518 5497
f 5497 5518 5519 5498
f 5498 5519 5520 5499
f 5499 5520 5521 5500
f 5500 5521 5522 5501
f 5501 5522 5523 5502
f 5502 5523 5524 5503
f 5503 5524 5525 5504
f 5504 5525 5526 5505
f 5505 5526 5527 5506
f 5506 5527 5528 5507
f 5507 5528 5529 5508
f 5509 5530 5531 5510
f 5510 5531 5532 5511
f 5511 5532 5533 5512
f 5512 5533 5534 5513
f 5513 5534 5535 5514
f 5514 5535 5536 5515
f 5515 5536 5537 5516
f 5516 5537 5538 5517
f 5517 5538 5539 5518
f 5518 5539 5540 5519
f 5519 5540 5541 5520
f 5520 5541 5542 5521
f 5521 5542 5543 5522
f 5522 5543 5544 5523
f 5523 5544 5545 5524
f 5524 5545 5546 5525
f 5525 5546 5547 5526
f 5526 5547 5548 5527
f 5527 5548 5549 5528
f 5528 5549 5550 5529
f 5530 5551 5552 5531
f 5531 5552 5553 5532
f 5532 5553 5554 5533
f 5533 5554 5555 5534
f 5534 5555 5556 5535
f 5535 5556 5557 5536
f 5536 5557 5558 5537
f 5537 5558 5559 5538
f 5538 5559 5560 5539
f 5539 5560 5561 5540
f 5540 5561 5562 5541
f 5541 5562 5563 5542
f 5542 5563 5564 5543
f 5543 5564 5565 5544
f 5544 5565 5566 5545
f 5545 5566 5567 5546
f 5546 5567 5568 5547
f 5547 5568 5569 5548
f 5548 5569 5570 5549
f 5549 5570 5571 5550
f 5551 5572 5573 5552
f 5552 5573 5574 5553
f 5553 5574 5575 5554
f 5554 5575 5576 5555
f 5555 5576 5577 5556
f 5556 5577 5578 5557
f 5557 5578 5579 5558
f 5558 5579 5580 5559
f 5559 5580 5581 5560
f 5560 5581 5582 5561
f 5561 5582 5583 5562
f 5562 5583 5584 5563
f 5563 5584 5585 5564
f 5564 5585 5586 5565
f 5565 5586 5587 5566
f 5566 5587 5588 5567
f 5567 5588 5589 5568
f 5568 5589 5590 5569
f 5569 5590 5591 5570
f 5570 5591 5592 5571
f 5572 5593 5594 5573
f 5573 5594 5595 5574
f 5574 5595 5596 5575
f 5575 5596 5597 5576
f 5576 5597 5598 5577
f 5577 5598 5599 5578
f 5578 5599 5600 5579
f 5579 5600 5601 5580
f 5580 5601 5602 5581
f 5581 5602 5603 5582
f 5582 5603 5604 5583
f 5583 5604 5605 5584
f 5584 5605 5606 5585
f 5585 5606 5607 5586
f 5586 5607 5608 5587
f 5587 5608 5609 5588
f 5588 5609 5610 5589
f 5589 5610 5611 5590
f 5590 5611 5612 5591
f 5591 5612 5613 5592
f 5593 5614 5615 5594
f 5594 5615 5616 5595
f 5595 5616 5617 5596
f 5596 5617 5618 5597
f 5597 5618 5619 5598
f 5598 5619 5620 5599
f 5599 5620 5621 5600
f 5600 5621 5622 5601
f 5601 5622 5623 5602
f 5602 5623 5624 5603
f 5603 5624 5625 5604
f 5604 5625 5626 5605
f 5605 5626 5627 5606
f 5606 5627 5628 5607
f 5607 5628 5629 5608
f 5608 5629 5630 5609
f 5609 5630 5631 5610
f 5610 5631 5632 5611
f 5611 5632 5633 5612
f 5612 5633 5634 5613
f 5614 5635 5636 5615
f 5615 5636 5637 5616
f 5616 5637 5638 5617
f 5617 5638 5639 5618
f 5618 5639 5640 5619
f 5619 5640 5641 5620
f 5620 5641 5642 5621
f 5621 5642 5643 5622
f 5622 5643 5644 5623
f 5623 5644 5645 5624
f 5624 5645 5646 5625
f 5625 5646 5647 5626
f 5626 5647 5648 5627
f 5627 5648 5649 5628
f 5628 5649 5650 5629
f 5629 5650 5651 5630
f 5630 5651 5652 5631
f 5631 5652 5653 5632
f 5632 5653 5654 5633
f 5633 5654 5655 5634
f 5635 5656 5657 5636
f 5636 5657 5658 5637
f 5637 5658 5659 5638
f 5638 5659 5660 5639
f 5639 5660 5661 5640
f 5640 5661 5662 5641
f 5641 5662 5663 5642
f 5642 5663 5664 5643
f 5643 5664 5665 5644
f 5644 5665 5666 5645
f 5645 5666 5667 5646
f 5646 5667 5668 5647
f 5647 5668 5669 5648
f 5648 5669 5670 5649
f 5649 5670 5671 5650
f 5650 5671 5672 5651
f 5651 5672 5673 5652
f 5652 5673 5674 5653
f 5653 5674 5675 5654
f 5654 5675 5676 5655
f 5656 5677 5678 5657
f 5657 5678 5679 5658
f 5658 5679 5680 5659
f 5659 5680 5681 5660
f 5660 5681 5682 5661
f 5661 5682 5683 5662
f 5662 5683 5684 5663
f 5663 5684 5685 5664
f 5664 5685 5686 5665
f 5665 5686 5687 5666
f 5666 5687 5688 5667
f 5667 5688 5689 5668
f 5668 5689 5690 5669
f 5669 5690 5691 5670
f 5670 5691 5692 5671
f 5671 5692 5693 5672
f 5672 5693 5694 5673
f 5673 5694 5695 5674
f 5674 5695 5696 5675
f 5675 5696 5697 5676
f 5677 5698 5699 5678
f 5678 5699 5700 5679
f 5679 5700 5701 5680
f 5680 5701 5702 5681
f 5681 5702 5703 5682
f 5682 5703 5704 5683
f 5683 5704 5705 5684
f 5684 5705 5706 5685
f 5685 5706 5707 5686
f 5686 5707 5708 5687
f 5687 5708 5709 5688
f 5688 5709 5710 5689
f 5689 5710 5711 5690
f 5690 5711 5712 5691
f 5691 5712 5713 5692
f 5692 5713 5714 5693
f 5693 5714 5715 5694
f 5694 5715 5716 5695
f 5695 5716 5717 5696
f 5696 5717 5718 5697
f 5698 5719 5720 5699
f 5699 5720 5721 5700
f 5700 5721 5722 5701
f 5701 5722 5723 5702
f 5702 5723 5724 5703
f 5703 5724 5725 5704
f 5704 5725 5726 5705
f 5705 5726 5727 5706
f 5706 5727 5728 5707
f 5707 5728 5729 5708
f 5708 5729 5730 5709
f 5709 5730 5731 5710
f 5710 5731 5732 5711
f 5711 5732 5733 5712
f 5712 5733 5734 5713
f 5713 5734 5735 5714
f 5714 5735 5736 5715
f 5715 5736 5737 5716
f 5716 5737 5738 5717
f 5717 5738 5739 5718
f 5719 5740 5741 5720
f 5720 5741 5742 5721
f 5721 5742 5743 5722
f 5722 5743 5744 5723
f 5723 5744 5745 5724
f 5724 5745 5746 5725
f 5725 5746 5747 5726
f 5726 5747 5748 5727
f 5727 5748 5749 5728
f 5728 5749 5750 5729
f 5729 5750 5751 5730
f 5730 5751 5752 5731
f 5731 5752 5753 5732
f 5732 5753 5754 5733
f 5733 5754 5755 5734
f 5734 5755 5756 5735
f 5735 5756 5757 5736
f 5736 5757 5758 5737
f 5737 5758 5759 5738
f 5738 5759 5760 5739
f 5740 5761 5762 5741
f 5741 5762 5763 5742
f 5742 5763 5764 5743
f 5743 5764 5765 5744
f 5744 5765 5766 5745
f 5745 5766 5767 5746
f 5746 5767 5768 5747
f 5747 5768 5769 5748
f 5748 5769 5770 5749
f 5749 5770 5771 5750
f 5750 5771 5772 5751
f 5751 5772 5773 5752
f 5752 5773 5774 5753
f 5753 5774 5775 5754
f 5754 5775 5776 5755
f 5755 5776 5777 5756
f 5756 5777 5778 5757
f 5757 5778 5779 5758
f 5758 5779 5780 5759
f 5759 5780 5781 5760
f 5761 5782 5783 5762
f 5762 5783 5784 5763
f 5763 5784 5785 5764
f 5764 5785 5786 5765
f 5765 5786 5787 5766
f 5766 5787 5788 5767
f 5767 5788 5789 5768
f 5768 5789 5790 5769
f 5769 5790 5791 5770
f 5770 5791 5792 5771
f 5771 5792 5793 5772
f 5772 5793 5794 5773
f 5773 5794 5795 5774
f 5774 5795 5796 5775
f 5775 5796 5797 5776
f 5776 5797 5798 5777
f 5777 5798 5799 5778
f 5778 5799 5800 5779
f 5779 5800 5801 5780
f 5780 5801 5802 5781
f 5782 5803 5804 5783
f 5783 5804 5805 5784
f 5784 5805 5806 5785
f 5785 5806 5807 5786
f 5786 5807 5808 5787
f 5787 5808 5809 5788
f 5788 5809 5810 5789
f 5789 5810 5811 5790
f 5790 5811 5812 5791
f 5791 5812 5813 5792
f 5792 5813 5814 5793
f 5793 5814 5815 5794
f 5794 5815 5816 5795
f 5795 5816 5817 5796
f 5796 5817 5818 5797
f 5797 5818 5819 5798
f 5798 5819 5820 5799
f 5799 5820 5821 5800
f 5800 5821 5822 5801
f 5801 5822 5823 5802
f 5803 5824 5825 5804
f 5804 5825 5826 5805
f 5805 5826 5827 5806
f 5806 5827 5828 5807
f 5807 5828 5829 5808
f 5808 5829 5830 5809
f 5809 5830 5831 5810
f 5810 5831 5832 5811
f 5811 5832 5833 5812
f 5812 5833 5834 5813
f 5813 5834 5835 5814
f 5814 5835 5836 5815
f 5815 5836 5837 5816
f 5816 5837 5838 5817
f 5817 5838 5839 5818
f 5818 5839 5840 5819
f 5819 5840 5841 5820
f 5820 5841 5842 5821
f 5821 5842 5843 5822
f 5822 5843 5844 5823
f 5824 5845 5846 5825
f 5825 5846 5847 5826
f 5826 5847 5848 5827
f 5827 5848 5849 5828
f 5828 5849 5850 5829
f 5829 5850 5851 5830
f 5830 5851 5852 5831
f 5831 5852 5853 5832
f 5832 5853 5854 5833
f 5833 5854 5855 5834
f 5834 5855 5856 5835
f 5835 5856 5857 5836
f 5836 5857 5858 5837
f 5837 5858 5859 5838
f 5838 5859 5860 5839
f 5839 5860 5861 5840
f 5840 5861 5862 5841
f 5841 5862 5863 5842
f 5842 5863 5864 5843
f 5843 5864 5865 5844
f 5845 5866 5867 5846
f 5846 5867 5868 5847
f 5847 5868 5869 5848
f 5848 5869 5870 5849
f 5849 5870 5871 5850
f 5850 5871 5872 5851
f 5851 5872 5873 5852
f 5852 5873 5874 5853
f 5853 5874 5875 5854
f 5854 5875 5876 5855
f 5855 5876 5877 5856
f 5856 5877 5878 5857
f 5857 5878 5879 5858
f 5858 5879 5880 5859
f 5859 5880 5881 5860
f 5860 5881 5882 5861
f 5861 5882 5883 5862
f 5862 5883 5884 5863
f 5863 5884 5885 5864
f 5864 5885 5886 5865
f 5866 5887 5888 5867
f 5867 5888 5889 5868
f 5868 5889 5890 5869
f 5869 5890 5891 5870
f 5870 5891 5892 5871
f 5871 5892 5893 5872
f 5872 5893 5894 5873
f 5873 5894 5895 5874
f 5874 5895 5896 5875
f 5875 5896 5897 5876
f 5879 5898 5899 5880
f 5880 5899 5900 5881
f 5881 5900 5901 5882
f 5882 5901 5902 5883
f 5883 5902 5903 5884
f 5884 5903 5904 5885
f 5885 5904 5905 5886
f 5887 5906 5907 5888
f 5888 5907 5908 5889
f 5889 5908 5909 5890
f 5890 5909 5910 5891
f 5891 5910 5911 5892
f 5892 5911 5912 5893
f 5893 5912 5913 5894
f 5894 5913 5914 5895
f 5895 5914 5915 5896
f 5896 5915 5916 5897
f 5898 5917 5918 5899
f 5899 5918 5919 5900
f 5900 5919 5920 5901
f 5901 5920 5921 5902
f 5902 5921 5922 5903
f 5903 5922 5923 5904
f 5904 5923 5924 5905
f 5906 5925 5926 5907
f 5907 5926 5927 5908
f 5908 5927 5928 5909
f 5909 5928 5929 5910
f 5910 5929 5930 5911
f 5911 5930 5931 5912
f 5912 5931 5932 5913
f 5913 5932 5933 5914
f 5914 5933 5934 5915
f 5915 5934 5935 5916
f 5917 5936 5937 5918
f 5918 5937 5938 5919
f 5919 5938 5939 5920
f 5920 5939 5940 5921
f 5921 5940 5941 5922
f 5922 5941 5942 5923
f 5923 5942 5943 5924
f 5925 5944 5945 5926
f 5926 5945 5946 5927
f 5927 5946 5947 5928
f 5928 5947 5948 5929
f 5929 5948 5949 5930
f 5930 5949 5950 5931
f 5931 5950 5951 5932
f 5932 5951 5952 5933
f 5933 5952 5953 5934
f 5934 5953 5954 5935
f 5936 5955 5956 5937
f 5937 5956 5957 5938
f 5938 5957 5958 5939
f 5939 5958 5959 5940
f 5940 5959 5960 5941
f 5941 5960 5961 5942
f 5942 5961 5962 5943
f 5944 5963 5964 5945
f 5945 5964 5965 5946
f 5946 5965 5966 5947
f 5947 5966 5967 5948
f 5948 5967 5968 5949
f 5949 5968 5969 5950
f 5950 5969 5970 5951
f 5951 5970 5971 5952
f 5952 5971 5972 5953
f 5953 5972 5973 5954
f 5955 5974 5975 5956
f 5956 5975 5976 5957
f 5957 5976 5977 5958
f 5958 5977 5978 5959
f 5959 5978 5979 5960
f 5960 5979 5980 5961
f 5961 5980 5981 5962
f 5963 5982 5983 5964
f 5964 5983 5984 5965
f 5965 5984 5985 5966
f 5966 5985 5986 5967
f 5967 5986 5987 5968
f 5968 5987 5988 5969
f 5969 5988 5989 5970
f 5970 5989 5990 5971
f 5971 5990 5991 5972
f 5972 5991 5992 5973
f 5973 5992 5993 5994
f 5994 5993 5995 5996
f 5996 5995 5997 5974
f 5974 5997 5998 5975
f 5975 5998 5999 5976
f 5976 5999 6000 5977
f 5977 6000 6001 5978
f 5978 6001 6002 5979
f 5979 6002 6003 5980
f 5980 6003 6004 5981
f 5982 6005 6006 5983
f 5983 6006 6007 5984
f 5984 6007 6008 5985
f 5985 6008 6009 5986
f 5986 6009 6010 5987
f 5987 6010 6011 5988
f 5988 6011 6012 5989
f 5989 6012 6013 5990
f 5990 6013 6014 5991
f 5991 6014 6015 5992
f 5992 6015 6016 5993
f 5993 6016 6017 5995
f 5995 6017 6018 5997
f 5997 6018 6019 5998
f 5998 6019 6020 5999
f 5999 6020 6021 6000
f 6000 6021 6022 6001
f 6001 6022 6023 6002
f 6002 6023 6024 6003
f 6003 6024 6025 6004
f 6005 6026 6027 6006
f 6006 6027 6028 6007
f 6007 6028 6029 6008
f 6008 6029 6030 6009
f 6009 6030 6031 6010
f 6010 6031 6032 6011
f 6011 6032 6033 6012
f 6012 6033 6034 6013
f 6013 6034 6035 6014
f 6014 6035 6036 6015
f 6015 6036 6037 6016
f 6016 6037 6038 6017
f 6017 6038 6039 6018
f 6018 6039 6040 6019
f 6019 6040 6041 6020
f 6020 6041 6042 6021
f 6021 6042 6043 6022
f 6022 6043 6044 6023
f 6023 6044 6045 6024
f 6024 6045 6046 6025
f 6026 6047 6048 6027
f 6027 6048 6049 6028
f 6028 6049 6050 6029
f 6029 6050 6051 6030
f 6030 6051 6052 6031
f 6031 6052 6053 6032
f 6032 6053 6054 6033
f 6033 6054 6055 6034
f 6034 6055 6056 6035
f 6035 6056 6057 6036
f 6036 6057 6058 6037
f 6037 6058 6059 6038
f 6038 6059 6060 6039
f 6039 6060 6061 6040
f 6040 6061 6062 6041
f 6041 6062 6063 6042
f 6042 6063 6064 6043
f 6043 6064 6065 6044
f 6044 6065 6066 6045
f 6045 6066 6067 6046
f 6047 6068 6069 6048
f 6048 6069 6070 6049
f 6049 6070 6071 6050
f 6050 6071 6072 6051
f 6051 6072 6073 6052
f 6052 6073 6074 6053
f 6053 6074 6075 6054
f 6054 6075 6076 6055
f 6055 6076 6077 6056
f 6056 6077 6078 6057
f 6057 6078 6079 6058
f 6058 6079 6080 6059
f 6059 6080 6081 6060
f 6060 6081 6082 6061
f 6061 6082 6083 6062
f 6062 6083 6084 6063
f 6063 6084 6085 6064
f 6064 6085 6086 6065
f 6065 6086 6087 6066
f 6066 6087 6088 6067
f 6068 6089 6090 6069
f 6069 6090 6091 6070
f 6070 6091 6092 6071
f 6071 6092 6093 6072
f 6072 6093 6094 6073
f 6073 6094 6095 6074
f 6074 6095 6096 6075
f 6075 6096 6097 6076
f 6076 6097 6098 6077
f 6077 6098 6099 6078
f 6078 6099 6100 6079
f 6079 6100 6101 6080
f 6080 6101 6102 6081
f 6081 6102 6103 6082
f 6082 6103 6104 6083
f 6083 6104 6105 6084
f 6084 6105 6106 6085
f 6085 6106 6107 6086
f 6086 6107 6108 6087
f 6087 6108 6109 6088
f 6089 6110 6111 6090
f 6090 6111 6112 6091
f 6091 6112 6113 6092
f 6092 6113 6114 6093
f 6093 6114 6115 6094
f 6094 6115 6116 6095
f 6095 6116 6117 6096
f 6096 6117 6118 6097
f 6097 6118 6119 6098
f 6098 6119 6120 6099
f 6099 6120 6121 6100
f 6100 6121 6122 6101
f 6101 6122 6123 6102
f 6102 6123 6124 6103
f 6103 6124 6125 6104
f 6104 6125 6126 6105
f 6105 6126 6127 6106
f 6106 6127 6128 6107
f 6107 6128 6129 6108
f 6108 6129 6130 6109
f 6110 6131 6132 6111
f 6111 6132 6133 6112
f 6112 6133 6134 6113
f 6113 6134 6135 6114
f 6114 6135 6136 6115
f 6115 6136 6137 6116
f 6116 6137 6138 6117
f 6117 6138 6139 6118
f 6118 6139 6140 6119
f 6119 6140 6141 6120
f 6120 6141 6142 6121
f 6121 6142 6143 6122
f 6122 6143 6144 6123
f 6123 6144 6145 6124
f 6124 6145 6146 6125
f 6125 6146 6147 6126
f 6126 6147 6148 6127
f 6127 6148 6149 6128
f 6128 6149 6150 6129
f 6129 6150 6151 6130
f 6131 6152 6153 6132
f 6132 6153 6154 6133
f 6133 6154 6155 6134
f 6134 6155 6156 6135
f 6135 6156 6157 6136
f 6136 6157 6158 6137
f 6137 6158 6159 6138
f 6138 6159 6160 6139
f 6139 6160 6161 6140
f 6140 6161 6162 6141
f 6141 6162 6163 6142
f 6142 6163 6164 6143
f 6143 6164 6165 6144
f 6144 6165 6166 6145
f 6145 6166 6167 6146
f 6146 6167 6168 6147
f 6147 6168 6169 6148
f 6148 6169 6170 6149
f 6149 6170 6171 6150
f 6150 6171 6172 6151
f 6152 6173 6174 6153
f 6153 6174 6175 6154
f 6154 6175 6176 6155
f 6155 6176 6177 6156
f 6156 6177 6178 6157
f 6157 6178 6179 6158
f 6158 6179 6180 6159
f 6159 6180 6181 6160
f 6160 6181 6182 6161
f 6161 6182 6183 6162
f 6162 6183 6184 6163
f 6163 6184 6185 6164
f 6164 6185 6186 6165
f 6165 6186 6187 6166
f 6166 6187 6188 6167
f 6167 6188 6189 6168
f 6168 6189 6190 6169
f 6169 6190 6191 6170
f 6170 6191 6192 6171
f 6171 6192 6193 6172
f 6173 6194 6195 6174
f 6174 6195 6196 6175
f 6175 6196 6197 6176
f 6176 6197 6198 6177
f 6177 6198 6199 6178
f 6178 6199 6200 6179
f 6179 6200 6201 6180
f 6180 6201 6202 6181
f 6181 6202 6203 6182
f 6182 6203 6204 6183
f 6183 6204 6205 6184
f 6184 6205 6206 6185
f 6185 6206 6207 6186
f 6186 6207 6208 6187
f 6187 6208 6209 6188
f 6188 6209 6210 6189
f 6189 6210 6211 6190
f 6190 6211 6212 6191
f 6191 6212 6213 6192
f 6192 6213 6214 6193
f 6194 6215 6216 6195
f 6195 6216 6217 6196
f 6196 6217 6218 6197
f 6197 6218 6219 6198
f 6198 6219 6220 6199
f 6199 6220 6221 6200
f 6200 6221 6222 6201
f 6201 6222 6223 6202
f 6202 6223 6224 6203
f 6203 6224 6225 6204
f 6204 6225 6226 6205
f 6205 6226 6227 6206
f 6206 6227 6228 6207
f 6207 6228 6229 6208
f 6208 6229 6230 6209
f 6209 6230 6231 6210
f 6210 6231 6232 6211
f 6211 6232 6233 6212
f 6212 6233 6234 6213
f 6213 6234 6235 6214
f 6215 6236 6237 6216
f 6216 6237 6238 6217
f 6217 6238 6239 6218
f 6218 6239 6240 6219
f 6219 6240 6241 6220
f 6220 6241 6242 6221
f 6221 6242 6243 6222
f 6222 6243 6244 6223
f 6223 6244 6245 6224
f 6224 6245 6246 6225
f 6225 6246 6247 6226
f 6226 6247 6248 6227
f 6227 6248 6249 6228
f 6228 6249 6250 6229
f 6229 6250 6251 6230
f 6230 6251 6252 6231
f 6231 6252 6253 6232
f 6232 6253 6254 6233
f 6233 6254 6255 6234
f 6234 6255 6256 6235
f 6236 6257 6258 6237
f 6237 6258 6259 6238
f 6238 6259 6260 6239
f 6239 6260 6261 6240
f 6240 6261 6262 6241
f 6241 6262 6263 6242
f 6242 6263 6264 6243
f 6243 6264 6265 6244
f 6244 6265 6266 6245
f 6245 6266 6267 6246
f 6246 6267 6268 6247
f 6247 6268 6269 6248
f 6248 6269 6270 6249
f 6249 6270 6271 6250
f 6250 6271 6272 6251
f 6251 6272 6273 6252
f 6252 6273 6274 6253
f 6253 6274 6275 6254
f 6254 6275 6276 6255
f 6255 6276 6277 6256
f 6257 6278 6279 6258
f 6258 6279 6280 6259
f 6259 6280 6281 6260
f 6260 6281 6282 6261
f 6261 6282 6283 6262
f 6262 6283 6284 6263
f 6263 6284 6285 6264
f 6264 6285 6286 6265
f 6265 6286 6287 6266
f 6266 6287 6288 6267
f 6267 6288 6289 6268
f 6268 6289 6290 6269
f 6269 6290 6291 6270
f 6270 6291 6292 6271
f 6271 6292 6293 6272
f 6272 6293 6294 6273
f 6273 6294 6295 6274
f 6274 6295 6296 6275
f 6275 6296 6297 6276
f 6276 6297 6298 6277
f 6278 6299 6300 6279
f 6279 6300 6301 6280
f 6280 6301 6302 6281
f 6281 6302 6303 6282
f 6282 6303 6304 6283
f 6283 6304 6305 6284
f 6284 6305 6306 6285
f 6285 6306 6307 6286
f 6286 6307 6308 6287
f 6287 6308 6309 6288
f 6288 6309 6310 6289
f 6289 6310 6311 6290
f 6290 6311 6312 6291
f 6291 6312 6313 6292
f 6292 6313 6314 6293
f 6293 6314 6315 6294
f 6294 6315 6316 6295
f 6295 6316 6317 6296
f 6296 6317 6318 6297
f 6297 6318 6319 6298
f 6299 6320 6321 6300
f 6300 6321 6322 6301
f 6301 6322 6323 6302
f 6302 6323 6324 6303
f 6303 6324 6325 6304
f 6304 6325 6326 6305
f 6305 6326 6327 6306
f 6306 6327 6328 6307
f 6307 6328 6329 6308
f 6308 6329 6330 6309
f 6309 6330 6331 6310
f 6310 6331 6332 6311
f 6311 6332 6333 6312
f 6312 6333 6334 6313
f 6313 6334 6335 6314
f 6314 6335 6336 6315
f 6315 6336 6337 6316
f 6316 6337 6338 6317
f 6317 6338 6339 6318
f 6318 6339 6340 6319
f 6320 6341 6342 6321
f 6321 6342 6343 6322
f 6322 6343 6344 6323
f 6323 6344 6345 6324
f 6324 6345 6346 6325
f 6325 6346 6347 6326
f 6326 6347 6348 6327
f 6327 6348 6349 6328
f 6328 6349 6350 6329
f 6329 6350 6351 6330
f 6330 6351 6352 6331
f 6331 6352 6353 6332
f 6332 6353 6354 6333
f 6333 6354 6355 6334
f 6334 6355 6356 6335
f 6335 6356 6357 6336
f 6336 6357 6358 6337
f 6337 6358 6359 6338
f 6338 6359 6360 6339
f 6339 6360 6361 6340
f 6341 6362 6363 6342
f 6342 6363 6364 6343
f 6343 6364 6365 6344
f 6344 6365 6366 6345
f 6345 6366 6367 6346
f 6346 6367 6368 6347
f 6347 6368 6369 6348
f 6348 6369 6370 6349
f 6349 6370 6371 6350
f 6350 6371 6372 6351
f 6351 6372 6373 6352
f 6352 6373 6374 6353
f 6353 6374 6375 6354
f 6354 6375 6376 6355
f 6355 6376 6377 6356
f 6356 6377 6378 6357
f 6357 6378 6379 6358
f 6358 6379 6380 6359
f 6359 6380 6381 6360
f 6360 6381 6382 6361
f 6362 6383 6384 6363
f 6363 6384 6385 6364
f 6364 6385 6386 6365
f 6365 6386 6387 6366
f 6366 6387 6388 6367
f 6367 6388 6389 6368
f 6368 6389 6390 6369
f 6369 6390 6391 6370
f 6370 6391 6392 6371
f 6371 6392 6393 6372
f 6372 6393 6394 6373
f 6373 6394 6395 6374
f 6374 6395 6396 6375
f 6375 6396 6397 6376
f 6376 6397 6398 6377
f 6377 6398 6399 6378
f 6378 6399 6400 6379
f 6379 6400 6401 6380
f 6380 6401 6402 6381
f 6381 6402 6403 6382
f 6383 6404 6405 6384
f 6384 6405 6406 6385
f 6385 6406 6407 6386
f 6386 6407 6408 6387
f 6387 6408 6409 6388
f 6388 6409 6410 6389
f 6389 6410 6411 6390
f 6390 6411 6412 6391
f 6391 6412 6413 6392
f 6392 6413 6414 6393
f 6393 6414 6415 6394
f 6394 6415 6416 6395
f 6395 6416 6417 6396
f 6396 6417 6418 6397
f 6397 6418 6419 6398
f 6398 6419 6420 6399
f 6399 6420 6421 6400
f 6400 6421 6422 6401
f 6401 6422 6423 6402
f 6402 6423 6424 6403
f 6404 6425 6426 6405
f 6405 6426 6427 6406
f 6406 6427 6428 6407
f 6407 6428 6429 6408
f 6408 6429 6430 6409
f 6409 6430 6431 6410
f 6410 6431 6432 6411
f 6411 6432 6433 6412
f 6412 6433 6434 6413
f 6413 6434 6435 6414
f 6414 6435 6436 6415
f 6415 6436 6437 6416
f 6416 6437 6438 6417
f 6417 6438 6439 6418
f 6418 6439 6440 6419
f 6419 6440 6441 6420
f 6420 6441 6442 6421
f 6421 6442 6443 6422
f 6422 6443 6444 6423
f 6423 6444 6445 6424
f 6425 6446 6447 6426
f 6426 6447 6448 6427
f 6427 6448 6449 6428
f 6428 6449 6450 6429
f 6429 6450 6451 6430
f 6430 6451 6452 6431
f 6431 6452 6453 6432
f 6432 6453 6454 6433
f 6433 6454 6455 6434
f 6434 6455 6456 6435
f 6435 6456 6457 6436
f 6436 6457 6458 6437
f 6437 6458 6459 6438
f 6438 6459 6460 6439
f 6439 6460 6461 6440
f 6440 6461 6462 6441
f 6441 6462 6463 6442
f 6442 6463 6464 6443
f 6443 6464 6465 6444
f 6444 6465 6466 6445
f 6446 6467 6468 6447
f 6447 6468 6469 6448
f 6448 6469 6470 6449
f 6449 6470 6471 6450
f 6450 6471 6472 6451
f 6451 6472 6473 6452
f 6452 6473 6474 6453
f 6453 6474 6475 6454
f 6454 6475 6476 6455
f 6455 6476 6477 6456
f 6456 6477 6478 6457
f 6457 6478 6479 6458
f 6458 6479 6480 6459
f 6459 6480 6481 6460
f 6460 6481 6482 6461
f 6461 6482 6483 6462
f 6462 6483 6484 6463
f 6463 6484 6485 6464
f 6464 6485 6486 6465
f 6465 6486 6487 6466
g observed_plane_8
f 6488 6489 6490 6491
f 6491 6490 6492 6493
f 6493 6492 6494 6495
f 6495 6494 6496 6497
f 6497 6496 6498 6499
f 6499 6498 6500 6501
f 6501 6500 6502 6503
f 6503 6502 6504 6505
f 6505 6504 6506 6507
f 6507 6506 6508 6509
f 6509 6508 6510 6511
f 6511 6510 6512 6513
f 6513 6512 6514 6515
f 6515 6514 6516 6517
f 6517 6516 6518 6519
f 6519 6518 6520 6521
f 6521 6520 6522 6523
f 6523 6522 6524 6525
f 6525 6524 6526 6527
f 6527 6526 6528 6529
f 6489 6530 6531 6490
f 6490 6531 6532 6492
f 6492 6532 6533 6494
f 6494 6533 6534 6496
f 6496 6534 6535 6498
f 6498 6535 6536 6500
f 6500 6536 6537 6502
f 6502 6537 6538 6504
f 6504 6538 6539 6506
f 6506 6539 6540 6508
f 6508 6540 6541 6510
f 6510 6541 6542 6512
f 6512 6542 6543 6514
f 6514 6543 6544 6516
f 6516 6544 6545 6518
f 6518 6545 6546 6520
f 6520 6546 6547 6522
f 6522 6547 6548 6524
f 6524 6548 6549 6526
f 6526 6549 6550 6528
f 6530 6551 6552 6531
f 6531 6552 6553 6532
f 6532 6553 6554 6533
f 6533 6554 6555 6534
f 6534 6555 6556 6535
f 6535 6556 6557 6536
f 6536 6557 6558 6537
f 6537 6558 6559 6538
f 6538 6559 6560 6539
f 6539 6560 6561 6540
f 6540 6561 6562 6541
f 6541 6562 6563 6542
f 6542 6563 6564 6543
f 6543 6564 6565 6544
f 6544 6565 6566 6545
f 6545 6566 6567 6546
f 6546 6567 6568 6547
f 6547 6568 6569 6548
f 6548 6569 6570 6549
f 6549 6570 6571 6550
f 6551 6572 6573 6552
f 6552 6573 6574 6553
f 6553 6574 6575 6554
f 6554 6575 6576 6555
f 6555 6576 6577 6556
f 6556 6577 6578 6557
f 6557 6578 6579 6558
f 6558 6579 6580 6559
f 6559 6580 6581 6560
f 6560 6581 6582 6561
f 6561 6582 6583 6562
f 6562 6583 6584 6563
f 6563 6584 6585 6564
f 6564 6585 6586 6565
f 6565 6586 6587 6566
f 6566 6587 6588 6567
f 6567 6588 6589 6568
f 6568 6589 6590 6569
f 6569 6590 6591 6570
f 6570 6591 6592 6571
f 6572 6593 6594 6573
f 6573 6594 6595 6574
f 6574 6595 6596 6575
f 6575 6596 6597 6576
f 6576 6597 6598 6577
f 6577 6598 6599 6578
f 6578 6599 6600 6579
f 6579 6600 6601 6580
f 6580 6601 6602 6581
f 6581 6602 6603 6582
f 6582 6603 6604 6583
f 6584 6605 6606 6585
f 6585 6606 6607 6586
f 6586 6607 6608 6587
f 6587 6608 6609 6588
f 6588 6609 6610 6589
f 6589 6610 6611 6590
f 6593 6612 6613 6594
f 6594 6613 6614 6595
f 6595 6614 6615 6596
f 6596 6615 6616 6597
f 6597 6616 6617 6598
f 6598 6617 6618 6599
f 6599 6618 6619 6600
f 6600 6619 6620 6601
f 6601 6620 6621 6602
f 6602 6621 6622 6603
f 6609 6623 6624 6610
f 6610 6624 6625 6611
f 6612 6626 6627 6613
f 6613 6627 6628 6614
f 6614 6628 6629 6615
f 6615 6629 6630 6616
f 6616 6630 6631 6617
f 6617 6631 6632 6618
f 6618 6632 6633 6619
f 6619 6633 6634 6620
f 6620 6634 6635 6621
f 6621 6635 6636 6622
f 6626 6637 6638 6627
f 6627 6638 6639 6628
f 6628 6639 6640 6629
f 6629 6640 6641 6630
f 6630 6641 6642 6631
f 6631 6642 6643 6632
f 6632 6643 6644 6633
f 6633 6644 6645 6634
f 6634 6645 6646 6635
f 6635 6646 6647 6636
f 6636 6647 6648 6649
f 6649 6648 6650 6651
f 6651 6650 6652 6653
f 6653 6652 6654 6655
f 6637 6656 6657 6638
f 6638 6657 6658 6639
f 6641 6659 6660 6642
f 6642 6660 6661 6643
f 6643 6661 6662 6644
f 6644 6662 6663 6645
f 6645 6663 6664 6646
f 6646 6664 6665 6647
f 6666 6667 6668 6669
f 6669 6668 6670 6671
f 6671 6670 6672 6673
f 6673 6672 6674 6675
f 6675 6674 6676 6677
f 6677 6676 6678 6679
f 6679 6678 6680 6681
f 6681 6680 6682 6683
f 6683 6682 6684 6685
f 6685 6684 6686 6687
f 6687 6686 6688 6689
f 6689 6688 6690 6691
f 6691 6690 6692 6693
f 6693 6692 6694 6695
f 6695 6694 6696 6697
f 6667 6698 6699 6668
f 6668 6699 6700 6670
f 6670 6700 6701 6672
f 6672 6701 6702 6674
f 6674 6702 6703 6676
f 6676 6703 6704 6678
f 6678 6704 6705 6680
f 6680 6705 6706 6682
f 6682 6706 6707 6684
f 6684 6707 6708 6686
f 6686 6708 6709 6688
f 6688 6709 6710 6690
f 6690 6710 6711 6692
f 6692 6711 6712 6694
f 6694 6712 6713 6696
f 6696 6713 6714 6715
f 6698 6716 6717 6699
f 6699 6717 6718 6700
f 6700 6718 6719 6701
f 6701 6719 6720 6702
f 6702 6720 6721 6703
f 6703 6721 6722 6704
f 6704 6722 6723 6705
f 6705 6723 6724 6706
f 6706 6724 6725 6707
f 6707 6725 6726 6708
f 6708 6726 6727 6709
f 6709 6727 6728 6710
f 6710 6728 6729 6711
f 6711 6729 6730 6712
f 6712 6730 6731 6713
f 6713 6731 6732 6714
f 6716 6733 6734 6717
f 6717 6734 6735 6718
f 6718 6735 6736 6719
f 6719 6736 6737 6720
f 6720 6737 6738 6721
f 6721 6738 6739 6722
f 6722 6739 6740 6723
f 6723 6740 6741 6724
f 6724 6741 6742 6725
f 6725 6742 6743 6726
f 6726 6743 6744 6727
f 6727 6744 6745 6728
f 6728 6745 6746 6729
f 6729 6746 6747 6730
f 6730 6747 6748 6731
f 6731 6748 6749 6732
f 6732 6749 6750 6751
f 6733 6752 6753 6734
f 6734 6753 6754 6735
f 6735 6754 6755 6736
f 6736 6755 6756 6737
f 6737 6756 6757 6738
f 6738 6757 6758 6739
f 6739 6758 6759 6740
f 6740 6759 6760 6741
f 6741 6760 6761 6742
f 6742 6761 6762 6743
f 6743 6762 6763 6744
f 6744 6763 6764 6745
f 6745 6764 6765 6746
f 6746 6765 6766 6747
f 6747 6766 6767 6748
f 6748 6767 6768 6749
f 6749 6768 6769 6750
f 6750 6769 6770 6771
f 6771 6770 6772 6773
f 6752 6774 6775 6753
f 6753 6775 6776 6754
f 6754 6776 6777 6755
f 6755 6777 6778 6756
f 6756 6778 6779 6757
f 6757 6779 6780 6758
f 6758 6780 6781 6759
f 6759 6781 6782 6760
f 6760 6782 6783 6761
f 6761 6783 6784 6762
f 6762 6784 6785 6763
f 6763 6785 6786 6764
f 6764 6786 6787 6765
f 6765 6787 6788 6766
f 6766 6788 6789 6767
f 6767 6789 6790 6768
f 6768 6790 6791 6769
f 6769 6791 6792 6770
f 6770 6792 6793 6772
f 6774 6794 6795 6775
f 6775 6795 6796 6776
f 6776 6796 6797 6777
f 6777 6797 6798 6778
f 6778 6798 6799 6779
f 6779 6799 6800 6780
f 6780 6800 6801 6781
f 6781 6801 6802 6782
f 6782 6802 6803 6783
f 6783 6803 6804 6784
f 6784 6804 6805 6785
f 6785 6805 6806 6786
f 6786 6806 6807 6787
f 6787 6807 6808 6788
f 6788 6808 6809 6789
f 6789 6809 6810 6790
f 6790 6810 6811 6791
f 6791 6811 6812 6792
f 6792 6812 6813 6793
f 6793 6813 6814 6815
f 6794 6816 6817 6795
f 6795 6817 6818 6796
f 6796 6818 6819 6797
f 6797 6819 6820 6798
f 6798 6820 6821 6799
f 6799 6821 6822 6800
f 6800 6822 6823 6801
f 6801 6823 6824 6802
f 6802 6824 6825 6803
f 6803 6825 6826 6804
f 6804 6826 6827 6805
f 6805 6827 6828 6806
f 6806 6828 6829 6807
f 6807 6829 6830 6808
f 6808 6830 6831 6809
f 6809 6831 6832 6810
f 6810 6832 6833 6811
f 6811 6833 6834 6812
f 6812 6834 6835 6813
f 6813 6835 6836 6814
f 6816 6837 6838 6817
f 6817 6838 6839 6818
f 6818 6839 6840 6819
f 6819 6840 6841 6820
f 6820 6841 6842 6821
f 6821 6842 6843 6822
f 6822 6843 6844 6823
f 6823 6844 6845 6824
f 6824 6845 6846 6825
f 6825 6846 6847 6826
f 6826 6847 6848 6827
f 6827 6848 6849 6828
f 6828 6849 6850 6829
f 6829 6850 6851 6830
f 6830 6851 6852 6831
f 6831 6852 6853 6832
f 6832 6853 6854 6833
f 6833 6854 6855 6834
f 6834 6855 6856 6835
f 6837 6857 6858 6838
f 6838 6858 6859 6839
f 6839 6859 6860 6840
f 6840 6860 6861 6841
f 6841 6861 6862 6842
f 6842 6862 6863 6843
f 6843 6863 6864 6844
f 6844 6864 6865 6845
f 6845 6865 6866 6846
f 6846 6866 6867 6847
f 6847 6867 6868 6848
f 6857 6869 6870 6858
f 6858 6870 6871 6859
f 6859 6871 6872 6860
f 6860 6872 6873 6861
f 6861 6873 6874 6862
f 6862 6874 6875 6863
f 6863 6875 6876 6864
f 6864 6876 6877 6865
f 6865 6877 6878 6866
f 6866 6878 6879 6867
f 6867 6879 6880 6868
f 6881 6882 6883 6884
f 6884 6883 6885 6886
f 6886 6885 6887 6888
f 6869 6889 6890 6870
f 6870 6890 6891 6871
f 6871 6891 6892 6872
f 6872 6892 6893 6873
f 6873 6893 6894 6874
f 6874 6894 6895 6875
f 6875 6895 6896 6876
f 6876 6896 6897 6877
f 6877 6897 6898 6878
f 6878 6898 6899 6879
f 6879 6899 6900 6880
f 6901 6902 6903 6904
f 6904 6903 6905 6906
f 6906 6905 6907 6908
f 6908 6907 6909 6910
f 6910 6909 6911 6882
f 6882 6911 6912 6883
f 6883 6912 6913 6885
f 6885 6913 6914 6887
f 6889 6915 6916 6890
f 6890 6916 6917 6891
f 6891 6917 6918 6892
f 6892 6918 6919 6893
f 6893 6919 6920 6894
f 6894 6920 6921 6895
f 6895 6921 6922 6896
f 6896 6922 6923 6897
f 6897 6923 6924 6898
f 6898 6924 6925 6899
f 6899 6925 6926 6900
f 6900 6926 6927 6902
f 6902 6927 6928 6903
f 6903 6928 6929 6905
f 6905 6929 6930 6907
f 6907 6930 6931 6909
f 6909 6931 6932 6911
f 6911 6932 6933 6912
f 6912 6933 6934 6913
f 6913 6934 6935 6914
f 6915 6936 6937 6916
f 6916 6937 6938 6917
f 6917 6938 6939 6918
f 6918 6939 6940 6919
f 6919 6940 6941 6920
f 6920 6941 6942 6921
f 6921 6942 6943 6922
f 6922 6943 6944 6923
f 6923 6944 6945 6924
f 6924 6945 6946 6925
f 6925 6946 6947 6926
f 6926 6947 6948 6927
f 6927 6948 6949 6928
f 6928 6949 6950 6929
f 6929 6950 6951 6930
f 6930 6951 6952 6931
f 6931 6952 6953 6932
f 6932 6953 6954 6933
f 6933 6954 6955 6934
f 6934 6955 6956 6935
f 6936 6957 6958 6937
f 6937 6958 6959 6938
f 6938 6959 6960 6939
f 6939 6960 6961 6940
f 6940 6961 6962 6941
f 6941 6962 6963 6942
f 6942 6963 6964 6943
f 6943 6964 6965 6944
f 6944 6965 6966 6945
f 6945 6966 6967 6946
f 6946 6967 6968 6947
f 6947 6968 6969 6948
f 6948 6969 6970 6949
f 6949 6970 6971 6950
f 6950 6971 6972 6951
f 6951 6972 6973 6952
f 6952 6973 6974 6953
f 6953 6974 6975 6954
f 6954 6975 6976 6955
f 6955 6976 6977 6956
f 6957 6978 6979 6958
f 6958 6979 6980 6959
f 6959 6980 6981 6960
f 6960 6981 6982 6961
f 6961 6982 6983 6962
f 6962 6983 6984 6963
f 6963 6984 6985 6964
f 6964 6985 6986 6965
f 6965 6986 6987 6966
f 6966 6987 6988 6967
f 6967 6988 6989 6968
f 6968 6989 6990 6969
f 6969 6990 6991 6970
f 6970 6991 6992 6971
f 6971 6992 6993 6972
f 6972 6993 6994 6973
f 6973 6994 6995 6974
f 6974 6995 6996 6975
f 6975 6996 6997 6976
f 6976 6997 6998 6977
f 6978 6999 7000 6979
f 6979 7000 7001 6980
f 6980 7001 7002 6981
f 6981 7002 7003 6982
f 6982 7003 7004 6983
f 6983 7004 7005 6984
f 6984 7005 7006 6985
f 6985 7006 7007 6986
f 6986 7007 7008 6987
f 6987 7008 7009 6988
f 6988 7009 7010 6989
f 6989 7010 7011 6990
f 6990 7011 7012 6991
f 6991 7012 7013 6992
f 6992 7013 7014 6993
f 6993 7014 7015 6994
f 6994 7015 7016 6995
f 6995 7016 7017 6996
f 6996 7017 7018 6997
f 6997 7018 7019 6998
f 7013 7020 7021 7014
f 7014 7021 7022 7015
f 7015 7022 7023 7016
f 7016 7023 7024 7017
f 7017 7024 7025 7018
f 7018 7025 7026 7019
f 7020 7027 7028 7021
f 7021 7028 7029 7022
f 7022 7029 7030 7023
f 7023 7030 7031 7024
f 7024 7031 7032 7025
f 7025 7032 7033 7026
f 7027 7034 7035 7028
f 7028 7035 7036 7029
f 7029 7036 7037 7030
f 7030 7037 7038 7031
f 7031 7038 7039 7032
f 7032 7039 7040 7033
f 7034 7041 7042 7035
f 7035 7042 7043 7036
f 7036 7043 7044 7037
f 7037 7044 7045 7038
f 7038 7045 7046 7039
f 7039 7046 7047 7040
f 7041 7048 7049 7042
f 7042 7049 7050 7043
f 7043 7050 7051 7044
f 7044 7051 7052 7045
f 7045 7052 7053 7046
f 7046 7053 7054 7047
f 7048 7055 7056 7049
f 7049 7056 7057 7050
f 7050 7057 7058 7051
f 7051 7058 7059 7052
f 7052 7059 7060 7053
f 7053 7060 7061 7054
f 7055 7062 7063 7056
f 7056 7063 7064 7057
f 7057 7064 7065 7058
f 7058 7065 7066 7059
f 7059 7066 7067 7060
f 7060 7067 7068 7061
f 7062 7069 7070 7063
f 7063 7070 7071 7064
f 7064 7071 7072 7065
f 7065 7072 7073 7066
f 7066 7073 7074 7067
f 7067 7074 7075 7068
f 7069 7076 7077 7070
f 7070 7077 7078 7071
f 7071 7078 7079 7072
f 7072 7079 7080 7073
f 7073 7080 7081 7074
f 7074 7081 7082 7075
f 7076 7083 7084 7077
f 7077 7084 7085 7078
f 7078 7085 7086 7079
f 7079 7086 7087 7080
f 7080 7087 7088 7081
f 7081 7088 7089 7082
f 7090 7091 7092 7093
f 7093 7092 7094 7095
f 7095 7094 7096 7097
f 7097 7096 7098 7099
f 7099 7098 7100 7101
f 7101 7100 7102 7103
f 7103 7102 7104 7105
f 7105 7104 7106 7107
f 7107 7106 7108 7109
f 7109 7108 7110 7111
f 7111 7110 7112 7113
f 7113 7112 7114 7115
f 7115 7114 7116 7117
f 7117 7116 7118 7083
f 7083 7118 7119 7084
f 7084 7119 7120 7085
f 7085 7120 7121 7086
f 7086 7121 7122 7087
f 7087 7122 7123 7088
f 7088 7123 7124 7089
f 7091 7125 7126 7092
f 7092 7126 7127 7094
f 7094 7127 7128 7096
f 7096 7128 7129 7098
f 7098 7129 7130 7100
f 7100 7130 7131 7102
f 7102 7131 7132 7104
f 7104 7132 7133 7106
f 7106 7133 7134 7108
f 7108 7134 7135 7110
f 7110 7135 7136 7112
f 7112 7136 7137 7114
f 7114 7137 7138 7116
f 7116 7138 7139 7118
f 7118 7139 7140 7119
f 7119 7140 7141 7120
f 7120 7141 7142 7121
f 7121 7142 7143 7122
f 7122 7143 7144 7123
f 7123 7144 7145 7124
f 7125 7146 7147 7126
f 7126 7147 7148 7127
f 7127 7148 7149 7128
f 7128 7149 7150 7129
f 7129 7150 7151 7130
f 7130 7151 7152 7131
f 7131 7152 7153 7132
f 7132 7153 7154 7133
f 7133 7154 7155 7134
f 7134 7155 7156 7135
f 7135 7156 7157 7136
f 7136 7157 7158 7137
f 7137 7158 7159 7138
f 7138 7159 7160 7139
f 7139 7160 7161 7140
f 7140 7161 7162 7141
f 7141 7162 7163 7142
f 7142 7163 7164 7143
f 7143 7164 7165 7144
f 7144 7165 7166 7145
f 7146 7167 7168 7147
f 7147 7168 7169 7148
f 7148 7169 7170 7149
f 7149 7170 7171 7150
f 7150 7171 7172 7151
f 7151 7172 7173 7152
f 7152 7173 7174 7153
f 7153 7174 7175 7154
f 7154 7175 7176 7155
f 7155 7176 7177 7156
f 7156 7177 7178 7157
f 7157 7178 7179 7158
f 7158 7179 7180 7159
f 7159 7180 7181 7160
f 7160 7181 7182 7161
f 7161 7182 7183 7162
f 7162 7183 7184 7163
f 7163 7184 7185 7164
f 7164 7185 7186 7165
f 7165 7186 7187 7166
f 7167 7188 7189 7168
f 7168 7189 7190 7169
f 7169 7190 7191 7170
f 7170 7191 7192 7171
f 7171 7192 7193 7172
f 7172 7193 7194 7173
f 7173 7194 7195 7174
f 7174 7195 7196 7175
f 7175 7196 7197 7176
f 7176 7197 7198 7177
f 7177 7198 7199 7178
f 7178 7199 7200 7179
f 7179 7200 7201 7180
f 7180 7201 7202 7181
f 7181 7202 7203 7182
f 7182 7203 7204 7183
f 7183 7204 7205 7184
f 7184 7205 7206 7185
f 7185 7206 7207 7186
f 7186 7207 7208 7187
f 7188 7209 7210 7189
f 7189 7210 7211 7190
f 7190 7211 7212 7191
f 7191 7212 7213 7192
f 7192 7213 7214 7193
f 7193 7214 7215 7194
f 7194 7215 7216 7195
f 7195 7216 7217 7196
f 7196 7217 7218 7197
f 7197 7218 7219 7198
f 7198 7219 7220 7199
f 7203 7221 7222 7204
f 7204 7222 7223 7205
f 7205 7223 7224 7206
f 7206 7224 7225 7207
f 7207 7225 7226 7208
f 7209 7227 7228 7210
f 7210 7228 7229 7211
f 7211 7229 7230 7212
f 7212 7230 7231 7213
f 7213 7231 7232 7214
f 7214 7232 7233 7215
f 7215 7233 7234 7216
f 7216 7234 7235 7217
f 7217 7235 7236 7218
f 7218 7236 7237 7219
f 7219 7237 7238 7220
f 7227 7239 7240 7228
f 7228 7240 7241 7229
f 7229 7241 7242 7230
f 7230 7242 7243 7231
f 7231 7243 7244 7232
f 7232 7244 7245 7233
f 7233 7245 7246 7234
f 7234 7246 7247 7235
f 7235 7247 7248 7236
f 7236 7248 7249 7237
f 7237 7249 7250 7238
f 7239 7251 7252 7240
f 7240 7252 7253 7241
f 7241 7253 7254 7242
f 7242 7254 7255 7243
f 7243 7255 7256 7244
f 7244 7256 7257 7245
f 7245 7257 7258 7246
f 7246 7258 7259 7247
f 7247 7259 7260 7248
f 7248 7260 7261 7249
f 7249 7261 7262 7250
f 7251 7263 7264 7252
f 7252 7264 7265 7253
f 7253 7265 7266 7254
f 7254 7266 7267 7255
f 7255 7267 7268 7256
f 7256 7268 7269 7257
f 7257 7269 7270 7258
f 7258 7270 7271 7259
f 7259 7271 7272 7260
f 7260 7272 7273 7261
f 7261 7273 7274 7262
f 7263 7275 7276 7264
f 7264 7276 7277 7265
f 7265 7277 7278 7266
f 7266 7278 7279 7267
f 7267 7279 7280 7268
f 7268 7280 7281 7269
f 7269 7281 7282 7270
f 7270 7282 7283 7271
f 7271 7283 7284 7272
f 7272 7284 7285 7273
f 7273 7285 7286 7274
f 7275 7287 7288 7276
f 7276 7288 7289 7277
f 7277 7289 7290 7278
f 7278 7290 7291 7279
f 7279 7291 7292 7280
f 7280 7292 7293 7281
f 7281 7293 7294 7282
f 7282 7294 7295 7283
f 7283 7295 7296 7284
f 7284 7296 7297 7285
f 7285 7297 7298 7286
f 7287 7299 7300 7288
f 7288 7300 7301 7289
f 7289 7301 7302 7290
f 7290 7302 7303 7291
f 7291 7303 7304 7292
f 7292 7304 7305 7293
f 7293 7305 7306 7294
f 7294 7306 7307 7295
f 7295 7307 7308 7296
f 7296 7308 7309 7297
f 7297 7309 7310 7298
f 7299 7311 7312 7300
f 7300 7312 7313 7301
f 7301 7313 7314 7302
f 7302 7314 7315 7303
f 7303 7315 7316 7304
f 7304 7316 7317 7305
f 7305 7317 7318 7306
f 7306 7318 7319 7307
f 7307 7319 7320 7308
f 7308 7320 7321 7309
f 7309 7321 7322 7310
f 7311 7323 7324 7312
f 7312 7324 7325 7313
f 7313 7325 7326 7314
f 7314 7326 7327 7315
f 7315 7327 7328 7316
f 7316 7328 7329 7317
f 7317 7329 7330 7318
f 7318 7330 7331 7319
f 7319 7331 7332 7320
f 7320 7332 7333 7321
f 7321 7333 7334 7322
f 7323 7335 7336 7324
f 7324 7336 7337 7325
f 7325 7337 7338 7326
f 7326 7338 7339 7327
f 7327 7339 7340 7328
f 7328 7340 7341 7329
f 7329 7341 7342 7330
f 7330 7342 7343 7331
f 7331 7343 7344 7332
f 7332 7344 7345 7333
f 7333 7345 7346 7334
f 7335 7347 7348 7336
f 7336 7348 7349 7337
f 7337 7349 7350 7338
f 7338 7350 7351 7339
f 7339 7351 7352 7340
f 7340 7352 7353 7341
f 7341 7353 7354 7342
f 7342 7354 7355 7343
f 7343 7355 7356 7344
f 7344 7356 7357 7345
f 7345 7357 7358 7346
f 7359 7360 7361 7362
f 7360 7363 7364 7361
f 7363 7365 7366 7364
f 7365 7367 7368 7366
f 7367 7369 7370 7368
f 7369 7371 7372 7370
f 7373 7374 7375 7376
f 7376 7375 7377 7378
f 7378 7377 7379 7380
f 7380 7379 7381 7382
f 7382 7381 7383 7384
f 7384 7383 7385 7386
f 7386 7385 7387 7388
f 7388 7387 7389 7390
f 7390 7389 7391 7392
f 7392 7391 7393 7394
f 7394 7393 7395 7396
f 7396 7395 7397 7398
f 7398 7397 7399 7400
f 7400 7399 7401 7371
f 7371 7401 7402 7372
f 7403 7404 7405 7406
f 7374 7407 7408 7375
f 7375 7408 7409 7377
f 7377 7409 7410 7379
f 7379 7410 7411 7381
f 7381 7411 7412 7383
f 7383 7412 7413 7385
f 7385 7413 7414 7387
f 7387 7414 7415 7389
f 7389 7415 7416 7391
f 7391 7416 7417 7393
f 7393 7417 7418 7395
f 7395 7418 7419 7397
f 7397 7419 7420 7399
f 7399 7420 7421 7401
f 7401 7421 7422 7402
f 7402 7422 7423 7404
f 7404 7423 7424 7405
f 7407 7425 7426 7408
f 7408 7426 7427 7409
f 7409 7427 7428 7410
f 7410 7428 7429 7411
f 7411 7429 7430 7412
f 7412 7430 7431 7413
f 7413 7431 7432 7414
f 7414 7432 7433 7415
f 7415 7433 7434 7416
f 7416 7434 7435 7417
f 7417 7435 7436 7418
f 7418 7436 7437 7419
f 7419 7437 7438 7420
f 7420 7438 7439 7421
f 7421 7439 7440 7422
f 7422 7440 7441 7423
f 7423 7441 7442 7424
f 7425 7443 7444 7426
f 7426 7444 7445 7427
f 7427 7445 7446 7428
f 7428 7446 7447 7429
f 7429 7447 7448 7430
f 7430 7448 7449 7431
f 7431 7449 7450 7432
f 7432 7450 7451 7433
f 7433 7451 7452 7434
f 7434 7452 7453 7435
f 7435 7453 7454 7436
f 7436 7454 7455 7437
f 7437 7455 7456 7438
f 7438 7456 7457 7439
f 7439 7457 7458 7440
f 7440 7458 7459 7441
f 7441 7459 7460 7442
f 7442 7460 7461 7462
f 7443 7463 7464 7444
f 7444 7464 7465 7445
f 7445 7465 7466 7446
f 7446 7466 7467 7447
f 7447 7467 7468 7448
f 7448 7468 7469 7449
f 7449 7469 7470 7450
f 7450 7470 7471 7451
f 7451 7471 7472 7452
f 7452 7472 7473 7453
f 7453 7473 7474 7454
f 7454 7474 7475 7455
f 7455 7475 7476 7456
f 7456 7476 7477 7457
f 7457 7477 7478 7458
f 7458 7478 7479 7459
f 7459 7479 7480 7460
f 7460 7480 7481 7461
f 7461 7481 7482 7483
f 7463 7484 7485 7464
f 7464 7485 7486 7465
f 7465 7486 7487 7466
f 7466 7487 7488 7467
f 7467 7488 7489 7468
f 7468 7489 7490 7469
f 7469 7490 7491 7470
f 7470 7491 7492 7471
f 7471 7492 7493 7472
f 7472 7493 7494 7473
f 7473 7494 7495 7474
f 7474 7495 7496 7475
f 7475 7496 7497 7476
f 7476 7497 7498 7477
f 7477 7498 7499 7478
f 7478 7499 7500 7479
f 7479 7500 7501 7480
f 7480 7501 7502 7481
f 7481 7502 7503 7482
f 7482 7503 7504 7505
f 7484 7506 7507 7485
f 7485 7507 7508 7486
f 7486 7508 7509 7487
f 7487 7509 7510 7488
f 7488 7510 7511 7489
f 7489 7511 7512 7490
f 7490 7512 7513 7491
f 7491 7513 7514 7492
f 7492 7514 7515 7493
f 7493 7515 7516 7494
f 7494 7516 7517 7495
f 7495 7517 7518 7496
f 7496 7518 7519 7497
f 7497 7519 7520 7498
f 7498 7520 7521 7499
f 7499 7521 7522 7500
f 7500 7522 7523 7501
f 7501 7523 7524 7502
f 7502 7524 7525 7503
f 7503 7525 7526 7504
f 7506 7527 7528 7507
f 7507 7528 7529 7508
f 7508 7529 7530 7509
f 7509 7530 7531 7510
f 7510 7531 7532 7511
f 7511 7532 7533 7512
f 7512 7533 7534 7513
f 7513 7534 7535 7514
f 7514 7535 7536 7515
f 7515 7536 7537 7516
f 7516 7537 7538 7517
f 7517 7538 7539 7518
f 7518 7539 7540 7519
f 7519 7540 7541 7520
f 7520 7541 7542 7521
f 7521 7542 7543 7522
f 7522 7543 7544 7523
f 7523 7544 7545 7524
f 7524 7545 7546 7525
f 7525 7546 7547 7526
f 7527 7548 7549 7528
f 7528 7549 7550 7529
f 7529 7550 7551 7530
f 7530 7551 7552 7531
f 7531 7552 7553 7532
f 7532 7553 7554 7533
f 7533 7554 7555 7534
f 7534 7555 7556 7535
f 7535 7556 7557 7536
f 7536 7557 7558 7537
f 7537 7558 7559 7538
f 7538 7559 7560 7539
f 7539 7560 7561 7540
f 7540 7561 7562 7541
f 7541 7562 7563 7542
f 7542 7563 7564 7543
f 7543 7564 7565 7544
f 7544 7565 7566 7545
f 7545 7566 7567 7546
g observed_plane_9
f 7568 7569 7570 7571
f 7571 7570 7572 7573
f 7573 7572 7574 7575
f 7575 7574 7576 7577
f 7577 7576 7578 7579
f 7579 7578 7580 7581
f 7581 7580 7582 7583
f 7583 7582 7584 7585
f 7585 7584 7586 7587
f 7587 7586 7588 7589
f 7589 7588 7590 7591
f 7591 7590 7592 7593
f 7593 7592 7594 7595
f 7569 7596 7597 7570
f 7570 7597 7598 7572
f 7572 7598 7599 7574
f 7574 7599 7600 7576
f 7576 7600 7601 7578
f 7578 7601 7602 7580
f 7580 7602 7603 7582
f 7582 7603 7604 7584
f 7584 7604 7605 7586
f 7586 7605 7606 7588
f 7588 7606 7607 7590
f 7590 7607 7608 7592
f 7592 7608 7609 7594
f 7596 7610 7611 7597
f 7597 7611 7612 7598
f 7598 7612 7613 7599
f 7599 7613 7614 7600
f 7600 7614 7615 7601
f 7601 7615 7616 7602
f 7602 7616 7617 7603
f 7603 7617 7618 7604
f 7604 7618 7619 7605
f 7605 7619 7620 7606
f 7606 7620 7621 7607
f 7607 7621 7622 7608
f 7608 7622 7623 7609
f 7610 7624 7625 7611
f 7611 7625 7626 7612
f 7612 7626 7627 7613
f 7613 7627 7628 7614
f 7614 7628 7629 7615
f 7615 7629 7630 7616
f 7616 7630 7631 7617
f 7617 7631 7632 7618
f 7618 7632 7633 7619
f 7619 7633 7634 7620
f 7620 7634 7635 7621
f 7621 7635 7636 7622
f 7622 7636 7637 7623
f 7624 7638 7639 7625
f 7625 7639 7640 7626
f 7626 7640 7641 7627
f 7627 7641 7642 7628
f 7628 7642 7643 7629
f 7629 7643 7644 7630
f 7630 7644 7645 7631
f 7631 7645 7646 7632
f 7632 7646 7647 7633
f 7633 7647 7648 7634
f 7634 7648 7649 7635
f 7635 7649 7650 7636
f 7636 7650 7651 7637
f 7638 7652 7653 7639
f 7639 7653 7654 7640
f 7640 7654 7655 7641
f 7642 7656 7657 7643
f 7643 7657 7658 7644
f 7644 7658 7659 7645
f 7645 7659 7660 7646
f 7646 7660 7661 7647
f 7647 7661 7662 7648
f 7648 7662 7663 7649
f 7649 7663 7664 7650
f 7653 7665 7666 7654
f 7656 7667 7668 7657
f 7657 7668 7669 7658
f 7658 7669 7670 7659
f 7659 7670 7671 7660
f 7660 7671 7672 7661
f 7661 7672 7673 7662
f 7662 7673 7674 7663
f 7663 7674 7675 7664
f 7667 7676 7677 7668
f 7671 7678 7679 7672
f 7672 7679 7680 7673
f 7676 7681 7682 7677
f 7678 7683 7684 7679
f 7679 7684 7685 7680
f 7686 7687 7688 7689
f 7681 7690 7691 7682
f 7683 7692 7693 7684
f 7684 7693 7694 7685
f 7695 7696 7697 7687
f 7687 7697 7698 7688
f 7688 7698 7699 7700
f 7690 7701 7702 7691
f 7692 7703 7704 7693
f 7693 7704 7705 7694
f 7696 7706 7707 7697
f 7697 7707 7708 7698
f 7698 7708 7709 7699
f 7701 7710 7711 7702
f 7703 7712 7713 7704
f 7704 7713 7714 7705
f 7706 7715 7716 7707
f 7707 7716 7717 7708
f 7708 7717 7718 7709
f 7710 7719 7720 7711
f 7711 7720 7721 7722
f 7722 7721 7723 7724
f 7724 7723 7725 7712
f 7712 7725 7726 7713
f 7713 7726 7727 7714
f 7714 7727 7728 7729
f 7729 7728 7730 7731
f 7715 7732 7733 7716
f 7716 7733 7734 7717
f 7717 7734 7735 7718
f 7719 7736 7737 7720
f 7720 7737 7738 7721
f 7721 7738 7739 7723
f 7723 7739 7740 7725
f 7725 7740 7741 7726
f 7726 7741 7742 7727
f 7727 7742 7743 7728
f 7728 7743 7744 7730
f 7732 7745 7746 7733
f 7733 7746 7747 7734
f 7734 7747 7748 7735
f 7736 7749 7750 7737
f 7737 7750 7751 7738
f 7738 7751 7752 7739
f 7739 7752 7753 7740
f 7740 7753 7754 7741
f 7741 7754 7755 7742
f 7742 7755 7756 7743
f 7743 7756 7757 7744
f 7745 7758 7759 7746
f 7746 7759 7760 7747
f 7747 7760 7761 7748
f 7748 7761 7762 7749
f 7749 7762 7763 7750
f 7750 7763 7764 7751
f 7751 7764 7765 7752
f 7752 7765 7766 7753
f 7753 7766 7767 7754
f 7754 7767 7768 7755
f 7755 7768 7769 7756
f 7756 7769 7770 7757
f 7758 7771 7772 7759
f 7759 7772 7773 7760
f 7760 7773 7774 7761
f 7761 7774 7775 7762
f 7762 7775 7776 7763
f 7763 7776 7777 7764
f 7764 7777 7778 7765
f 7765 7778 7779 7766
f 7766 7779 7780 7767
f 7767 7780 7781 7768
f 7768 7781 7782 7769
f 7769 7782 7783 7770
f 7771 7784 7785 7772
f 7772 7785 7786 7773
f 7773 7786 7787 7774
f 7774 7787 7788 7775
f 7775 7788 7789 7776
f 7776 7789 7790 7777
f 7777 7790 7791 7778
f 7778 7791 7792 7779
f 7779 7792 7793 7780
f 7780 7793 7794 7781
f 7781 7794 7795 7782
f 7782 7795 7796 7783
f 7784 7797 7798 7785
f 7785 7798 7799 7786
f 7786 7799 7800 7787
f 7787 7800 7801 7788
f 7788 7801 7802 7789
f 7789 7802 7803 7790
f 7790 7803 7804 7791
f 7791 7804 7805 7792
f 7792 7805 7806 7793
f 7793 7806 7807 7794
f 7794 7807 7808 7795
f 7795 7808 7809 7796
f 7797 7810 7811 7798
f 7798 7811 7812 7799
f 7799 7812 7813 7800
f 7800 7813 7814 7801
f 7801 7814 7815 7802
f 7802 7815 7816 7803
f 7803 7816 7817 7804
f 7804 7817 7818 7805
f 7805 7818 7819 7806
f 7806 7819 7820 7807
f 7807 7820 7821 7808
f 7808 7821 7822 7809
f 7810 7823 7824 7811
f 7811 7824 7825 7812
f 7812 7825 7826 7813
f 7813 7826 7827 7814
f 7814 7827 7828 7815
f 7815 7828 7829 7816
f 7816 7829 7830 7817
f 7817 7830 7831 7818
f 7818 7831 7832 7819
f 7819 7832 7833 7820
f 7820 7833 7834 7821
f 7821 7834 7835 7822
f 7823 7836 7837 7824
f 7824 7837 7838 7825
f 7825 7838 7839 7826
f 7826 7839 7840 7827
f 7827 7840 7841 7828
f 7828 7841 7842 7829
f 7829 7842 7843 7830
f 7830 7843 7844 7831
f 7831 7844 7845 7832
f 7832 7845 7846 7833
f 7833 7846 7847 7834
f 7834 7847 7848 7835
f 7836 7849 7850 7837
f 7837 7850 7851 7838
f 7838 7851 7852 7839
f 7839 7852 7853 7840
f 7840 7853 7854 7841
f 7841 7854 7855 7842
f 7842 7855 7856 7843
f 7843 7856 7857 7844
f 7844 7857 7858 7845
f 7845 7858 7859 7846
f 7846 7859 7860 7847
f 7847 7860 7861 7848
f 7850 7862 7863 7851
f 7851 7863 7864 7852
f 7852 7864 7865 7853
f 7853 7865 7866 7854
f 7854 7866 7867 7855
f 7855 7867 7868 7856
f 7856 7868 7869 7857
f 7857 7869 7870 7858
f 7858 7870 7871 7859
f 7859 7871 7872 7860
f 7860 7872 7873 7861
f 7862 7874 7875 7863
f 7863 7875 7876 7864
f 7864 7876 7877 7865
f 7865 7877 7878 7866
f 7866 7878 7879 7867
f 7867 7879 7880 7868
f 7868 7880 7881 7869
f 7869 7881 7882 7870
f 7870 7882 7883 7871
f 7871 7883 7884 7872
f 7872 7884 7885 7873
f 7875 7886 7887 7876
f 7876 7887 7888 7877
f 7877 7888 7889 7878
f 7878 7889 7890 7879
f 7879 7890 7891 7880
f 7880 7891 7892 7881
f 7881 7892 7893 7882
f 7882 7893 7894 7883
f 7883 7894 7895 7884
f 7884 7895 7896 7885
f 7886 7897 7898 7887
f 7887 7898 7899 7888
f 7888 7899 7900 7889
f 7889 7900 7901 7890
f 7890 7901 7902 7891
f 7891 7902 7903 7892
f 7892 7903 7904 7893
f 7893 7904 7905 7894
f 7894 7905 7906 7895
f 7895 7906 7907 7896
f 7908 7909 7910 7911
f 7911 7910 7912 7897
f 7897 7912 7913 7898
f 7898 7913 7914 7899
f 7899 7914 7915 7900
f 7900 7915 7916 7901
f 7901 7916 7917 7902
f 7902 7917 7918 7903
f 7903 7918 7919 7904
f 7904 7919 7920 7905
f 7905 7920 7921 7906
f 7906 7921 7922 7907
f 7907 7922 7923 7924
f 7924 7923 7925 7926
f 7926 7925 7927 7928
f 7928 7927 7929 7930
f 7930 7929 7931 7932
f 7932 7931 7933 7934
f 7934 7933 7935 7936
f 7909 7937 7938 7910
f 7910 7938 7939 7912
f 7912 7939 7940 7913
f 7913 7940 7941 7914
f 7914 7941 7942 7915
f 7915 7942 7943 7916
f 7916 7943 7944 7917
f 7917 7944 7945 7918
f 7918 7945 7946 7919
f 7919 7946 7947 7920
f 7920 7947 7948 7921
f 7921 7948 7949 7922
f 7922 7949 7950 7923
f 7923 7950 7951 7925
f 7925 7951 7952 7927
f 7927 7952 7953 7929
f 7929 7953 7954 7931
f 7931 7954 7955 7933
f 7933 7955 7956 7935
f 7935 7956 7957 7958
f 7937 7959 7960 7938
f 7938 7960 7961 7939
f 7939 7961 7962 7940
f 7940 7962 7963 7941
f 7941 7963 7964 7942
f 7942 7964 7965 7943
f 7943 7965 7966 7944
f 7944 7966 7967 7945
f 7945 7967 7968 7946
f 7946 7968 7969 7947
f 7947 7969 7970 7948
f 7948 7970 7971 7949
f 7949 7971 7972 7950
f 7950 7972 7973 7951
f 7951 7973 7974 7952
f 7952 7974 7975 7953
f 7953 7975 7976 7954
f 7954 7976 7977 7955
f 7955 7977 7978 7956
f 7956 7978 7979 7957
f 7959 7980 7981 7960
f 7960 7981 7982 7961
f 7961 7982 7983 7962
f 7962 7983 7984 7963
f 7963 7984 7985 7964
f 7964 7985 7986 7965
f 7965 7986 7987 7966
f 7966 7987 7988 7967
f 7967 7988 7989 7968
f 7968 7989 7990 7969
f 7969 7990 7991 7970
f 7970 7991 7992 7971
f 7971 7992 7993 7972
f 7972 7993 7994 7973
f 7973 7994 7995 7974
f 7974 7995 7996 7975
f 7975 7996 7997 7976
f 7976 7997 7998 7977
f 7977 7998 7999 7978
f 7978 7999 8000 7979
f 7980 8001 8002 7981
f 7983 8003 8004 7984
f 7984 8004 8005 7985
f 7985 8005 8006 7986
f 7986 8006 8007 7987
f 7987 8007 8008 7988
f 7988 8008 8009 7989
f 7989 8009 8010 7990
f 7990 8010 8011 7991
f 7991 8011 8012 7992
f 7992 8012 8013 7993
f 7993 8013 8014 7994
f 7994 8014 8015 7995
f 7995 8015 8016 7996
f 7996 8016 8017 7997
f 7997 8017 8018 7998
f 7998 8018 8019 7999
f 7999 8019 8020 8000
f 8001 8021 8022 8002
f 8003 8023 8024 8004
f 8004 8024 8025 8005
f 8005 8025 8026 8006
f 8006 8026 8027 8007
f 8007 8027 8028 8008
f 8008 8028 8029 8009
f 8009 8029 8030 8010
f 8010 8030 8031 8011
f 8011 8031 8032 8012
f 8012 8032 8033 8013
f 8013 8033 8034 8014
f 8014 8034 8035 8015
f 8015 8035 8036 8016
f 8016 8036 8037 8017
f 8017 8037 8038 8018
f 8018 8038 8039 8019
f 8019 8039 8040 8020
f 8024 8041 8042 8025
f 8025 8042 8043 8026
f 8026 8043 8044 8027
f 8027 8044 8045 8028
f 8028 8045 8046 8029
f 8029 8046 8047 8030
f 8030 8047 8048 8031
f 8031 8048 8049 8032
f 8032 8049 8050 8033
f 8033 8050 8051 8034
f 8034 8051 8052 8035
f 8035 8052 8053 8036
f 8036 8053 8054 8037
f 8037 8054 8055 8038
f 8038 8055 8056 8039
f 8039 8056 8057 8040
f 8041 8058 8059 8042
f 8042 8059 8060 8043
f 8043 8060 8061 8044
f 8044 8061 8062 8045
f 8045 8062 8063 8046
f 8046 8063 8064 8047
f 8047 8064 8065 8048
f 8048 8065 8066 8049
f 8049 8066 8067 8050
f 8050 8067 8068 8051
f 8051 8068 8069 8052
f 8052 8069 8070 8053
f 8053 8070 8071 8054
f 8054 8071 8072 8055
f 8055 8072 8073 8056
f 8056 8073 8074 8057
f 8058 8075 8076 8059
f 8059 8076 8077 8060
f 8060 8077 8078 8061
f 8061 8078 8079 8062
f 8062 8079 8080 8063
f 8063 8080 8081 8064
f 8064 8081 8082 8065
f 8065 8082 8083 8066
f 8066 8083 8084 8067
f 8067 8084 8085 8068
f 8068 8085 8086 8069
f 8069 8086 8087 8070
f 8070 8087 8088 8071
f 8071 8088 8089 8072
f 8072 8089 8090 8073
f 8073 8090 8091 8074
f 8075 8092 8093 8076
f 8076 8093 8094 8077
f 8077 8094 8095 8078
f 8078 8095 8096 8079
f 8079 8096 8097 8080
f 8080 8097 8098 8081
f 8081 8098 8099 8082
f 8082 8099 8100 8083
f 8083 8100 8101 8084
f 8084 8101 8102 8085
f 8085 8102 8103 8086
f 8086 8103 8104 8087
f 8087 8104 8105 8088
f 8088 8105 8106 8089
f 8089 8106 8107 8090
f 8090 8107 8108 8091
f 8092 8109 8110 8093
f 8093 8110 8111 8094
f 8094 8111 8112 8095
f 8095 8112 8113 8096
f 8096 8113 8114 8097
f 8097 8114 8115 8098
f 8101 8116 8117 8102
f 8102 8117 8118 8103
f 8103 8118 8119 8104
f 8104 8119 8120 8105
f 8105 8120 8121 8106
f 8106 8121 8122 8107
f 8107 8122 8123 8108
f 8109 8124 8125 8110
f 8110 8125 8126 8111
f 8111 8126 8127 8112
f 8112 8127 8128 8113
f 8113 8128 8129 8114
f 8114 8129 8130 8115
f 8116 8131 8132 8117
f 8117 8132 8133 8118
f 8118 8133 8134 8119
f 8119 8134 8135 8120
f 8120 8135 8136 8121
f 8121 8136 8137 8122
f 8122 8137 8138 8123
f 8125 8139 8140 8126
f 8126 8140 8141 8127
f 8127 8141 8142 8128
f 8128 8142 8143 8129
f 8129 8143 8144 8130
f 8131 8145 8146 8132
f 8132 8146 8147 8133
f 8133 8147 8148 8134
f 8134 8148 8149 8135
f 8135 8149 8150 8136
f 8136 8150 8151 8137
f 8137 8151 8152 8138
f 8139 8153 8154 8140
f 8140 8154 8155 8141
f 8141 8155 8156 8142
f 8142 8156 8157 8143
f 8143 8157 8158 8144
f 8145 8159 8160 8146
f 8146 8160 8161 8147
f 8147 8161 8162 8148
f 8148 8162 8163 8149
f 8149 8163 8164 8150
f 8150 8164 8165 8151
f 8151 8165 8166 8152
f 8167 8168 8169 8153
f 8153 8169 8170 8154
f 8154 8170 8171 8155
f 8155 8171 8172 8156
f 8156 8172 8173 8157
f 8157 8173 8174 8158
f 8159 8175 8176 8160
f 8160 8176 8177 8161
f 8161 8177 8178 8162
f 8162 8178 8179 8163
f 8163 8179 8180 8164
f 8164 8180 8181 8165
f 8165 8181 8182 8166
f 8168 8183 8184 8169
f 8169 8184 8185 8170
f 8170 8185 8186 8171
f 8171 8186 8187 8172
f 8172 8187 8188 8173
f 8173 8188 8189 8174
f 8174 8189 8190 8191
f 8191 8190 8192 8193
f 8175 8194 8195 8176
f 8176 8195 8196 8177
f 8177 8196 8197 8178
f 8178 8197 8198 8179
f 8179 8198 8199 8180
f 8180 8199 8200 8181
f 8181 8200 8201 8182
f 8183 8202 8203 8184
f 8184 8203 8204 8185
f 8185 8204 8205 8186
f 8186 8205 8206 8187
f 8187 8206 8207 8188
f 8188 8207 8208 8189
f 8189 8208 8209 8190
f 8190 8209 8210 8192
f 8192 8210 8211 8194
f 8194 8211 8212 8195
f 8195 8212 8213 8196
f 8196 8213 8214 8197
f 8197 8214 8215 8198
f 8198 8215 8216 8199
f 8199 8216 8217 8200
f 8200 8217 8218 8201
f 8202 8219 8220 8203
f 8203 8220 8221 8204
f 8204 8221 8222 8205
f 8205 8222 8223 8206
f 8206 8223 8224 8207
f 8207 8224 8225 8208
f 8208 8225 8226 8209
f 8209 8226 8227 8210
f 8210 8227 8228 8211
f 8211 8228 8229 8212
f 8212 8229 8230 8213
f 8213 8230 8231 8214
f 8214 8231 8232 8215
f 8215 8232 8233 8216
f 8216 8233 8234 8217
f 8217 8234 8235 8218
f 8219 8236 8237 8220
f 8220 8237 8238 8221
f 8221 8238 8239 8222
f 8222 8239 8240 8223
f 8223 8240 8241 8224
f 8224 8241 8242 8225
f 8225 8242 8243 8226
f 8226 8243 8244 8227
f 8227 8244 8245 8228
f 8228 8245 8246 8229
f 8229 8246 8247 8230
f 8230 8247 8248 8231
f 8231 8248 8249 8232
f 8232 8249 8250 8233
f 8233 8250 8251 8234
f 8234 8251 8252 8235
f 8236 8253 8254 8237
f 8237 8254 8255 8238
f 8238 8255 8256 8239
f 8239 8256 8257 8240
f 8240 8257 8258 8241
f 8241 8258 8259 8242
f 8242 8259 8260 8243
f 8243 8260 8261 8244
f 8244 8261 8262 8245
f 8245 8262 8263 8246
f 8246 8263 8264 8247
f 8247 8264 8265 8248
f 8248 8265 8266 8249
f 8249 8266 8267 8250
f 8250 8267 8268 8251
f 8251 8268 8269 8252
f 8270 8271 8272 8273
f 8273 8272 8274 8253
f 8253 8274 8275 8254
f 8254 8275 8276 8255
f 8255 8276 8277 8256
f 8256 8277 8278 8257
f 8257 8278 8279 8258
f 8258 8279 8280 8259
f 8259 8280 8281 8260
f 8260 8281 8282 8261
f 8261 8282 8283 8262
f 8262 8283 8284 8263
f 8263 8284 8285 8264
f 8264 8285 8286 8265
f 8265 8286 8287 8266
f 8266 8287 8288 8267
f 8267 8288 8289 8268
f 8268 8289 8290 8269
f 8291 8292 8293 8294
f 8294 8293 8295 8271
f 8271 8295 8296 8272
f 8272 8296 8297 8274
f 8274 8297 8298 8275
f 8275 8298 8299 8276
f 8276 8299 8300 8277
f 8277 8300 8301 8278
f 8278 8301 8302 8279
f 8279 8302 8303 8280
f 8280 8303 8304 8281
f 8281 8304 8305 8282
f 8282 8305 8306 8283
f 8283 8306 8307 8284
f 8284 8307 8308 8285
f 8285 8308 8309 8286
f 8286 8309 8310 8287
f 8287 8310 8311 8288
f 8288 8311 8312 8289
f 8289 8312 8313 8290
f 8292 8314 8315 8293
f 8293 8315 8316 8295
f 8295 8316 8317 8296
f 8296 8317 8318 8297
f 8297 8318 8319 8298
f 8298 8319 8320 8299
f 8299 8320 8321 8300
f 8300 8321 8322 8301
f 8301 8322 8323 8302
f 8302 8323 8324 8303
f 8303 8324 8325 8304
f 8304 8325 8326 8305
f 8305 8326 8327 8306
f 8306 8327 8328 8307
f 8307 8328 8329 8308
f 8308 8329 8330 8309
f 8309 8330 8331 8310
f 8310 8331 8332 8311
f 8311 8332 8333 8312
f 8312 8333 8334 8313
f 8314 8335 8336 8315
f 8315 8336 8337 8316
f 8316 8337 8338 8317
f 8317 8338 8339 8318
f 8318 8339 8340 8319
f 8319 8340 8341 8320
f 8320 8341 8342 8321
f 8321 8342 8343 8322
f 8322 8343 8344 8323
f 8323 8344 8345 8324
f 8324 8345 8346 8325
f 8325 8346 8347 8326
f 8326 8347 8348 8327
f 8327 8348 8349 8328
f 8328 8349 8350 8329
f 8329 8350 8351 8330
f 8330 8351 8352 8331
f 8331 8352 8353 8332
f 8332 8353 8354 8333
f 8333 8354 8355 8334
f 8335 8356 8357 8336
f 8336 8357 8358 8337
f 8337 8358 8359 8338
f 8338 8359 8360 8339
f 8339 8360 8361 8340
f 8340 8361 8362 8341
f 8341 8362 8363 8342
f 8342 8363 8364 8343
f 8343 8364 8365 8344
f 8344 8365 8366 8345
f 8345 8366 8367 8346
f 8346 8367 8368 8347
f 8347 8368 8369 8348
f 8348 8369 8370 8349
f 8349 8370 8371 8350
f 8350 8371 8372 8351
f 8351 8372 8373 8352
f 8352 8373 8374 8353
f 8353 8374 8375 8354
f 8354 8375 8376 8355
f 8356 8377 8378 8357
f 8357 8378 8379 8358
f 8358 8379 8380 8359
f 8359 8380 8381 8360
f 8360 8381 8382 8361
f 8361 8382 8383 8362
f 8362 8383 8384 8363
f 8363 8384 8385 8364
f 8364 8385 8386 8365
f 8365 8386 8387 8366
f 8366 8387 8388 8367
f 8367 8388 8389 8368
f 8368 8389 8390 8369
f 8369 8390 8391 8370
f 8370 8391 8392 8371
f 8371 8392 8393 8372
f 8372 8393 8394 8373
f 8373 8394 8395 8374
f 8374 8395 8396 8375
f 8375 8396 8397 8376
f 8377 8398 8399 8378
f 8378 8399 8400 8379
f 8379 8400 8401 8380
f 8380 8401 8402 8381
f 8381 8402 8403 8382
f 8382 8403 8404 8383
f 8383 8404 8405 8384
f 8384 8405 8406 8385
f 8385 8406 8407 8386
f 8386 8407 8408 8387
f 8387 8408 8409 8388
f 8388 8409 8410 8389
f 8389 8410 8411 8390
f 8390 8411 8412 8391
f 8391 8412 8413 8392
f 8392 8413 8414 8393
f 8393 8414 8415 8394
f 8394 8415 8416 8395
f 8395 8416 8417 8396
f 8398 8418 8419 8399
f 8399 8419 8420 8400
f 8400 8420 8421 8401
f 8401 8421 8422 8402
f 8402 8422 8423 8403
f 8403 8423 8424 8404
f 8404 8424 8425 8405
f 8405 8425 8426 8406
f 8406 8426 8427 8407
f 8407 8427 8428 8408
f 8408 8428 8429 8409
f 8409 8429 8430 8410
f 8410 8430 8431 8411
f 8411 8431 8432 8412
f 8412 8432 8433 8413
f 8413 8433 8434 8414
f 8414 8434 8435 8415
f 8415 8435 8436 8416
f 8416 8436 8437 8417
f 8417 8437 8438 8439
f 8418 8440 8441 8419
f 8419 8441 8442 8420
f 8420 8442 8443 8421
f 8421 8443 8444 8422
f 8422 8444 8445 8423
f 8423 8445 8446 8424
f 8424 8446 8447 8425
f 8425 8447 8448 8426
f 8426 8448 8449 8427
f 8427 8449 8450 8428
f 8428 8450 8451 8429
f 8429 8451 8452 8430
f 8430 8452 8453 8431
f 8431 8453 8454 8432
f 8432 8454 8455 8433
f 8433 8455 8456 8434
f 8434 8456 8457 8435
f 8435 8457 8458 8436
f 8436 8458 8459 8437
f 8437 8459 8460 8438
f 8440 8461 8462 8441
f 8441 8462 8463 8442
f 8442 8463 8464 8443
f 8443 8464 8465 8444
f 8444 8465 8466 8445
f 8445 8466 8467 8446
f 8446 8467 8468 8447
f 8447 8468 8469 8448
f 8448 8469 8470 8449
f 8449 8470 8471 8450
f 8450 8471 8472 8451
f 8451 8472 8473 8452
f 8452 8473 8474 8453
f 8453 8474 8475 8454
f 8454 8475 8476 8455
f 8455 8476 8477 8456
f 8456 8477 8478 8457
f 8457 8478 8479 8458
f 8458 8479 8480 8459
f 8459 8480 8481 8460
f 8461 8482 8483 8462
f 8462 8483 8484 8463
f 8463 8484 8485 8464
f 8464 8485 8486 8465
f 8465 8486 8487 8466
f 8466 8487 8488 8467
f 8467 8488 8489 8468
f 8468 8489 8490 8469
f 8469 8490 8491 8470
f 8470 8491 8492 8471
f 8471 8492 8493 8472
f 8472 8493 8494 8473
f 8473 8494 8495 8474
f 8474 8495 8496 8475
f 8475 8496 8497 8476
f 8476 8497 8498 8477
f 8477 8498 8499 8478
f 8478 8499 8500 8479
f 8479 8500 8501 8480
f 8480 8501 8502 8481
f 8482 8503 8504 8483
f 8483 8504 8505 8484
f 8484 8505 8506 8485
f 8485 8506 8507 8486
f 8486 8507 8508 8487
f 8487 8508 8509 8488
f 8488 8509 8510 8489
f 8489 8510 8511 8490
f 8490 8511 8512 8491
f 8491 8512 8513 8492
f 8492 8513 8514 8493
f 8493 8514 8515 8494
f 8494 8515 8516 8495
f 8495 8516 8517 8496
f 8496 8517 8518 8497
f 8497 8518 8519 8498
f 8498 8519 8520 8499
f 8499 8520 8521 8500
f 8500 8521 8522 8501
f 8501 8522 8523 8502
f 8503 8524 8525 8504
f 8504 8525 8526 8505
f 8505 8526 8527 8506
f 8506 8527 8528 8507
f 8507 8528 8529 8508
f 8508 8529 8530 8509
f 8509 8530 8531 8510
f 8510 8531 8532 8511
f 8511 8532 8533 8512
f 8512 8533 8534 8513
f 8513 8534 8535 8514
f 8514 8535 8536 8515
f 8515 8536 8537 8516
f 8516 8537 8538 8517
f 8517 8538 8539 8518
f 8518 8539 8540 8519
f 8519 8540 8541 8520
f 8520 8541 8542 8521
f 8521 8542 8543 8522
f 8522 8543 8544 8523
f 8532 8545 8546 8533
f 8533 8546 8547 8534
f 8534 8547 8548 8535
f 8535 8548 8549 8536
f 8536 8549 8550 8537
f 8537 8550 8551 8538
f 8538 8551 8552 8539
f 8539 8552 8553 8540
f 8540 8553 8554 8541
f 8541 8554 8555 8542
f 8542 8555 8556 8543
f 8543 8556 8557 8544
f 8545 8558 8559 8546
f 8546 8559 8560 8547
f 8547 8560 8561 8548
f 8548 8561 8562 8549
f 8549 8562 8563 8550
f 8550 8563 8564 8551
f 8551 8564 8565 8552
f 8552 8565 8566 8553
f 8553 8566 8567 8554
f 8554 8567 8568 8555
f 8555 8568 8569 8556
f 8556 8569 8570 8557
f 8558 8571 8572 8559
f 8559 8572 8573 8560
f 8560 8573 8574 8561
f 8561 8574 8575 8562
f 8562 8575 8576 8563
f 8563 8576 8577 8564
f 8564 8577 8578 8565
f 8565 8578 8579 8566
f 8566 8579 8580 8567
f 8567 8580 8581 8568
f 8568 8581 8582 8569
f 8569 8582 8583 8570
f 8571 8584 8585 8572
f 8572 8585 8586 8573
f 8573 8586 8587 8574
f 8574 8587 8588 8575
f 8575 8588 8589 8576
f 8576 8589 8590 8577
f 8577 8590 8591 8578
f 8578 8591 8592 8579
f 8579 8592 8593 8580
f 8580 8593 8594 8581
f 8581 8594 8595 8582
f 8582 8595 8596 8583
f 8584 8597 8598 8585
f 8585 8598 8599 8586
f 8589 8600 8601 8590
f 8590 8601 8602 8591
f 8591 8602 8603 8592
f 8592 8603 8604 8593
f 8593 8604 8605 8594
f 8594 8605 8606 8595
f 8595 8606 8607 8596
f 8597 8608 8609 8598
f 8598 8609 8610 8599
f 8600 8611 8612 8601
f 8601 8612 8613 8602
f 8602 8613 8614 8603
f 8603 8614 8615 8604
f 8604 8615 8616 8605
f 8605 8616 8617 8606
f 8606 8617 8618 8607
f 8608 8619 8620 8609
f 8609 8620 8621 8610
f 8611 8622 8623 8612
f 8612 8623 8624 8613
f 8613 8624 8625 8614
f 8614 8625 8626 8615
f 8615 8626 8627 8616
f 8616 8627 8628 8617
f 8617 8628 8629 8618
f 8619 8630 8631 8620
f 8620 8631 8632 8621
f 8622 8633 8634 8623
f 8623 8634 8635 8624
f 8624 8635 8636 8625
f 8625 8636 8637 8626
f 8626 8637 8638 8627
f 8627 8638 8639 8628
f 8628 8639 8640 8629
f 8630 8641 8642 8631
f 8631 8642 8643 8632
f 8633 8644 8645 8634
f 8634 8645 8646 8635
f 8635 8646 8647 8636
f 8636 8647 8648 8637
f 8637 8648 8649 8638
f 8638 8649 8650 8639
f 8639 8650 8651 8640
f 8641 8652 8653 8642
f 8642 8653 8654 8643
f 8643 8654 8655 8656
f 8656 8655 8657 8658
f 8658 8657 8659 8644
f 8644 8659 8660 8645
f 8645 8660 8661 8646
f 8646 8661 8662 8647
f 8647 8662 8663 8648
f 8648 8663 8664 8649
f 8649 8664 8665 8650
f 8650 8665 8666 8651
f 8652 8667 8668 8653
f 8653 8668 8669 8654
f 8654 8669 8670 8655
f 8655 8670 8671 8657
f 8657 8671 8672 8659
f 8659 8672 8673 8660
f 8660 8673 8674 8661
f 8661 8674 8675 8662
f 8662 8675 8676 8663
f 8663 8676 8677 8664
f 8664 8677 8678 8665
f 8665 8678 8679 8666
f 8667 8680 8681 8668
f 8668 8681 8682 8669
f 8669 8682 8683 8670
f 8670 8683 8684 8671
f 8671 8684 8685 8672
f 8672 8685 8686 8673
f 8673 8686 8687 8674
f 8674 8687 8688 8675
f 8675 8688 8689 8676
f 8676 8689 8690 8677
f 8677 8690 8691 8678
f 8678 8691 8692 8679
f 8680 8693 8694 8681
f 8681 8694 8695 8682
f 8682 8695 8696 8683
f 8683 8696 8697 8684
f 8684 8697 8698 8685
f 8685 8698 8699 8686
f 8686 8699 8700 8687
f 8687 8700 8701 8688
f 8688 8701 8702 8689
f 8689 8702 8703 8690
f 8690 8703 8704 8691
f 8691 8704 8705 8692
f 8706 8707 8708 8709
f 8709 8708 8710 8711
f 8711 8710 8712 8713
f 8713 8712 8714 8715
f 8715 8714 8716 8717
f 8717 8716 8718 8719
f 8719 8718 8720 8693
f 8693 8720 8721 8694
f 8694 8721 8722 8695
f 8695 8722 8723 8696
f 8696 8723 8724 8697
f 8697 8724 8725 8698
f 8698 8725 8726 8699
f 8699 8726 8727 8700
f 8700 8727 8728 8701
f 8701 8728 8729 8702
f 8702 8729 8730 8703
f 8703 8730 8731 8704
f 8704 8731 8732 8705
f 8707 8733 8734 8708
f 8708 8734 8735 8710
f 8710 8735 8736 8712
f 8712 8736 8737 8714
f 8714 8737 8738 8716
f 8716 8738 8739 8718
f 8718 8739 8740 8720
f 8720 8740 8741 8721
f 8721 8741 8742 8722
f 8722 8742 8743 8723
f 8723 8743 8744 8724
f 8724 8744 8745 8725
f 8725 8745 8746 8726
f 8726 8746 8747 8727
f 8727 8747 8748 8728
f 8728 8748 8749 8729
f 8729 8749 8750 8730
f 8730 8750 8751 8731
f 8731 8751 8752 8732
f 8734 8753 8754 8735
f 8735 8754 8755 8736
f 8736 8755 8756 8737
f 8737 8756 8757 8738
f 8738 8757 8758 8739
f 8739 8758 8759 8740
f 8740 8759 8760 8741
f 8741 8760 8761 8742
f 8742 8761 8762 8743
f 8743 8762 8763 8744
f 8744 8763 8764 8745
f 8745 8764 8765 8746
f 8746 8765 8766 8747
f 8747 8766 8767 8748
f 8748 8767 8768 8749
f 8749 8768 8769 8750
f 8750 8769 8770 8751
f 8751 8770 8771 8752
f 8753 8772 8773 8754
f 8754 8773 8774 8755
f 8755 8774 8775 8756
f 8756 8775 8776 8757
f 8757 8776 8777 8758
f 8758 8777 8778 8759
f 8759 8778 8779 8760
f 8760 8779 8780 8761
f 8761 8780 8781 8762
f 8762 8781 8782 8763
f 8763 8782 8783 8764
f 8764 8783 8784 8765
f 8765 8784 8785 8766
f 8766 8785 8786 8767
f 8767 8786 8787 8768
f 8768 8787 8788 8769
f 8769 8788 8789 8770
f 8770 8789 8790 8771
f 8772 8791 8792 8773
f 8773 8792 8793 8774
f 8774 8793 8794 8775
f 8775 8794 8795 8776
f 8776 8795 8796 8777
f 8777 8796 8797 8778
f 8778 8797 8798 8779
f 8779 8798 8799 8780
f 8780 8799 8800 8781
f 8781 8800 8801 8782
f 8782 8801 8802 8783
f 8783 8802 8803 8784
f 8784 8803 8804 8785
f 8785 8804 8805 8786
f 8786 8805 8806 8787
f 8787 8806 8807 8788
f 8788 8807 8808 8789
f 8789 8808 8809 8790
f 8810 8811 8812 8813
f 8813 8812 8814 8791
f 8791 8814 8815 8792
f 8792 8815 8816 8793
f 8793 8816 8817 8794
f 8794 8817 8818 8795
f 8795 8818 8819 8796
f 8796 8819 8820 8797
f 8797 8820 8821 8798
f 8798 8821 8822 8799
f 8799 8822 8823 8800
f 8800 8823 8824 8801
f 8801 8824 8825 8802
f 8802 8825 8826 8803
f 8803 8826 8827 8804
f 8804 8827 8828 8805
f 8805 8828 8829 8806
f 8806 8829 8830 8807
f 8807 8830 8831 8808
f 8808 8831 8832 8809
f 8811 8833 8834 8812
f 8812 8834 8835 8814
f 8814 8835 8836 8815
f 8815 8836 8837 8816
f 8816 8837 8838 8817
f 8817 8838 8839 8818
f 8818 8839 8840 8819
f 8819 8840 8841 8820
f 8820 8841 8842 8821
f 8821 8842 8843 8822
f 8822 8843 8844 8823
f 8823 8844 8845 8824
f 8824 8845 8846 8825
f 8825 8846 8847 8826
f 8826 8847 8848 8827
f 8827 8848 8849 8828
f 8828 8849 8850 8829
f 8829 8850 8851 8830
f 8830 8851 8852 8831
f 8831 8852 8853 8832
g observed_plane_10
f 8854 8855 8856 8857
f 8857 8856 8858 8859
f 8859 8858 8860 8861
f 8861 8860 8862 8863
f 8863 8862 8864 8865
f 8865 8864 8866 8867
f 8867 8866 8868 8869
f 8869 8868 8870 8871
f 8871 8870 8872 8873
f 8873 8872 8874 8875
f 8875 8874 8876 8877
f 8877 8876 8878 8879
f 8879 8878 8880 8881
f 8881 8880 8882 8883
f 8884 8885 8886 8887
f 8887 8886 8888 8889
f 8889 8888 8890 8891
f 8891 8890 8892 8893
f 8855 8894 8895 8856
f 8856 8895 8896 8858
f 8858 8896 8897 8860
f 8860 8897 8898 8862
f 8862 8898 8899 8864
f 8864 8899 8900 8866
f 8866 8900 8901 8868
f 8868 8901 8902 8870
f 8870 8902 8903 8872
f 8872 8903 8904 8874
f 8874 8904 8905 8876
f 8876 8905 8906 8878
f 8878 8906 8907 8880
f 8880 8907 8908 8882
f 8882 8908 8909 8885
f 8885 8909 8910 8886
f 8886 8910 8911 8888
f 8888 8911 8912 8890
f 8890 8912 8913 8892
f 8894 8914 8915 8895
f 8895 8915 8916 8896
f 8896 8916 8917 8897
f 8897 8917 8918 8898
f 8898 8918 8919 8899
f 8899 8919 8920 8900
f 8900 8920 8921 8901
f 8901 8921 8922 8902
f 8902 8922 8923 8903
f 8903 8923 8924 8904
f 8904 8924 8925 8905
f 8905 8925 8926 8906
f 8906 8926 8927 8907
f 8907 8927 8928 8908
f 8908 8928 8929 8909
f 8909 8929 8930 8910
f 8910 8930 8931 8911
f 8911 8931 8932 8912
f 8912 8932 8933 8913
f 8914 8934 8935 8915
f 8915 8935 8936 8916
f 8916 8936 8937 8917
f 8917 8937 8938 8918
f 8918 8938 8939 8919
f 8919 8939 8940 8920
f 8920 8940 8941 8921
f 8921 8941 8942 8922
f 8922 8942 8943 8923
f 8923 8943 8944 8924
f 8924 8944 8945 8925
f 8925 8945 8946 8926
f 8926 8946 8947 8927
f 8927 8947 8948 8928
f 8928 8948 8949 8929
f 8929 8949 8950 8930
f 8930 8950 8951 8931
f 8931 8951 8952 8932
f 8932 8952 8953 8933
f 8933 8953 8954 8955
f 8934 8956 8957 8935
f 8935 8957 8958 8936
f 8936 8958 8959 8937
f 8937 8959 8960 8938
f 8938 8960 8961 8939
f 8939 8961 8962 8940
f 8940 8962 8963 8941
f 8941 8963 8964 8942
f 8942 8964 8965 8943
f 8943 8965 8966 8944
f 8944 8966 8967 8945
f 8945 8967 8968 8946
f 8946 8968 8969 8947
f 8947 8969 8970 8948
f 8948 8970 8971 8949
f 8949 8971 8972 8950
f 8950 8972 8973 8951
f 8951 8973 8974 8952
f 8952 8974 8975 8953
f 8956 8976 8977 8957
f 8957 8977 8978 8958
f 8958 8978 8979 8959
f 8959 8979 8980 8960
f 8960 8980 8981 8961
f 8961 8981 8982 8962
f 8962 8982 8983 8963
f 8963 8983 8984 8964
f 8964 8984 8985 8965
f 8965 8985 8986 8966
f 8966 8986 8987 8967
f 8967 8987 8988 8968
f 8968 8988 8989 8969
f 8969 8989 8990 8970
f 8970 8990 8991 8971
f 8971 8991 8992 8972
f 8972 8992 8993 8973
f 8973 8993 8994 8974
f 8974 8994 8995 8975
f 8975 8995 8996 8997
f 8976 8998 8999 8977
f 8977 8999 9000 8978
f 8978 9000 9001 8979
f 8979 9001 9002 8980
f 8980 9002 9003 8981
f 8981 9003 9004 8982
f 8982 9004 9005 8983
f 8983 9005 9006 8984
f 8984 9006 9007 8985
f 8985 9007 9008 8986
f 8986 9008 9009 8987
f 8987 9009 9010 8988
f 8988 9010 9011 8989
f 8989 9011 9012 8990
f 8990 9012 9013 8991
f 8991 9013 9014 8992
f 8992 9014 9015 8993
f 8993 9015 9016 8994
f 8994 9016 9017 8995
f 8998 9018 9019 8999
f 8999 9019 9020 9000
f 9000 9020 9021 9001
f 9001 9021 9022 9002
f 9002 9022 9023 9003
f 9003 9023 9024 9004
f 9004 9024 9025 9005
f 9005 9025 9026 9006
f 9006 9026 9027 9007
f 9007 9027 9028 9008
f 9008 9028 9029 9009
f 9009 9029 9030 9010
f 9010 9030 9031 9011
f 9011 9031 9032 9012
f 9012 9032 9033 9013
f 9013 9033 9034 9014
f 9014 9034 9035 9015
f 9015 9035 9036 9016
f 9018 9037 9038 9019
f 9019 9038 9039 9020
f 9020 9039 9040 9021
f 9021 9040 9041 9022
f 9022 9041 9042 9023
f 9023 9042 9043 9024
f 9024 9043 9044 9025
f 9025 9044 9045 9026
f 9026 9045 9046 9027
f 9027 9046 9047 9028
f 9028 9047 9048 9029
f 9029 9048 9049 9030
f 9030 9049 9050 9031
f 9031 9050 9051 9032
f 9032 9051 9052 9033
f 9033 9052 9053 9034
f 9034 9053 9054 9035
f 9035 9054 9055 9036
f 9051 9056 9057 9052
f 9052 9057 9058 9053
f 9054 9059 9060 9055
f 9055 9060 9061 9062
f 9056 9063 9064 9057
f 9057 9064 9065 9058
f 9058 9065 9066 9059
f 9063 9067 9068 9064
f 9069 9070 9071 9072
f 9067 9073 9074 9068
f 9068 9074 9075 9076
f 9076 9075 9077 9078
f 9078 9077 9079 9070
f 9075 9080 9081 9077
f 9082 9083 9084 9085
f 9085 9084 9086 9080
f 9087 9088 9089 9090
f 9090 9089 9091 9092
f 9093 9094 9095 9096
f 9096 9095 9097 9098
f 9098 9097 9099 9100
f 9100 9099 9101 9102
f 9102 9101 9103 9104
f 9104 9103 9105 9106
f 9106 9105 9107 9108
f 9108 9107 9109 9110
f 9110 9109 9111 9112
f 9112 9111 9113 9114
f 9114 9113 9115 9116
f 9116 9115 9117 9118
f 9118 9117 9119 9120
f 9120 9119 9121 9122
f 9094 9123 9124 9095
f 9095 9124 9125 9097
f 9097 9125 9126 9099
f 9099 9126 9127 9101
f 9101 9127 9128 9103
f 9103 9128 9129 9105
f 9105 9129 9130 9107
f 9107 9130 9131 9109
f 9109 9131 9132 9111
f 9111 9132 9133 9113
f 9113 9133 9134 9115
f 9115 9134 9135 9117
f 9123 9136 9137 9124
f 9124 9137 9138 9125
f 9125 9138 9139 9126
f 9126 9139 9140 9127
f 9127 9140 9141 9128
f 9128 9141 9142 9129
f 9129 9142 9143 9130
f 9130 9143 9144 9131
f 9131 9144 9145 9132
f 9132 9145 9146 9133
f 9133 9146 9147 9134
f 9134 9147 9148 9135
f 9135 9148 9149 9150
f 9136 9151 9152 9137
f 9137 9152 9153 9138
f 9138 9153 9154 9139
f 9139 9154 9155 9140
f 9140 9155 9156 9141
f 9141 9156 9157 9142
f 9142 9157 9158 9143
f 9143 9158 9159 9144
f 9144 9159 9160 9145
f 9145 9160 9161 9146
f 9146 9161 9162 9147
f 9147 9162 9163 9148
f 9148 9163 9164 9149
f 9149 9164 9165 9166
f 9167 9168 9169 9170
f 9151 9171 9172 9152
f 9152 9172 9173 9153
f 9153 9173 9174 9154
f 9154 9174 9175 9155
f 9155 9175 9176 9156
f 9156 9176 9177 9157
f 9157 9177 9178 9158
f 9158 9178 9179 9159
f 9159 9179 9180 9160
f 9160 9180 9181 9161
f 9161 9181 9182 9162
f 9162 9182 9183 9163
f 9163 9183 9184 9164
f 9164 9184 9185 9165
f 9165 9185 9186 9187
f 9187 9186 9188 9189
f 9189 9188 9190 9191
f 9191 9190 9192 9168
f 9171 9193 9194 9172
f 9172 9194 9195 9173
f 9173 9195 9196 9174
f 9174 9196 9197 9175
f 9175 9197 9198 9176
f 9176 9198 9199 9177
f 9177 9199 9200 9178
f 9178 9200 9201 9179
f 9179 9201 9202 9180
f 9180 9202 9203 9181
f 9181 9203 9204 9182
f 9182 9204 9205 9183
f 9183 9205 9206 9184
f 9184 9206 9207 9185
f 9185 9207 9208 9186
f 9186 9208 9209 9188
f 9188 9209 9210 9190
f 9192 9211 9212 9213
f 9193 9214 9215 9194
f 9194 9215 9216 9195
f 9195 9216 9217 9196
f 9196 9217 9218 9197
f 9197 9218 9219 9198
f 9198 9219 9220 9199
f 9199 9220 9221 9200
f 9200 9221 9222 9201
f 9201 9222 9223 9202
f 9202 9223 9224 9203
f 9203 9224 9225 9204
f 9204 9225 9226 9205
f 9205 9226 9227 9206
f 9206 9227 9228 9207
f 9207 9228 9229 9208
f 9214 9230 9231 9215
f 9215 9231 9232 9216
f 9216 9232 9233 9217
f 9217 9233 9234 9218
f 9218 9234 9235 9219
f 9219 9235 9236 9220
f 9220 9236 9237 9221
f 9221 9237 9238 9222
f 9222 9238 9239 9223
f 9223 9239 9240 9224
f 9224 9240 9241 9225
f 9225 9241 9242 9226
f 9226 9242 9243 9227
f 9227 9243 9244 9228
f 9228 9244 9245 9229
f 9230 9246 9247 9231
f 9231 9247 9248 9232
f 9232 9248 9249 9233
f 9233 9249 9250 9234
f 9234 9250 9251 9235
f 9235 9251 9252 9236
f 9236 9252 9253 9237
f 9237 9253 9254 9238
f 9238 9254 9255 9239
f 9239 9255 9256 9240
f 9240 9256 9257 9241
f 9241 9257 9258 9242
f 9242 9258 9259 9243
f 9243 9259 9260 9244
f 9244 9260 9261 9245
f 9245 9261 9262 9263
f 9246 9264 9265 9247
f 9247 9265 9266 9248
f 9248 9266 9267 9249
f 9249 9267 9268 9250
f 9250 9268 9269 9251
f 9251 9269 9270 9252
f 9252 9270 9271 9253
f 9253 9271 9272 9254
f 9254 9272 9273 9255
f 9255 9273 9274 9256
f 9256 9274 9275 9257
f 9257 9275 9276 9258
f 9258 9276 9277 9259
f 9259 9277 9278 9260
f 9260 9278 9279 9261
f 9261 9279 9280 9262
f 9262 9280 9281 9282
f 9282 9281 9283 9284
f 9284 9283 9285 9286
f 9264 9287 9288 9265
f 9265 9288 9289 9266
f 9266 9289 9290 9267
f 9267 9290 9291 9268
f 9268 9291 9292 9269
f 9269 9292 9293 9270
f 9270 9293 9294 9271
f 9271 9294 9295 9272
f 9272 9295 9296 9273
f 9273 9296 9297 9274
f 9274 9297 9298 9275
f 9275 9298 9299 9276
f 9276 9299 9300 9277
f 9277 9300 9301 9278
f 9278 9301 9302 9279
f 9279 9302 9303 9280
f 9280 9303 9304 9281
f 9281 9304 9305 9283
f 9283 9305 9306 9285
f 9287 9307 9308 9288
f 9288 9308 9309 9289
f 9289 9309 9310 9290
f 9290 9310 9311 9291
f 9291 9311 9312 9292
f 9292 9312 9313 9293
f 9293 9313 9314 9294
f 9294 9314 9315 9295
f 9295 9315 9316 9296
f 9296 9316 9317 9297
f 9297 9317 9318 9298
f 9298 9318 9319 9299
f 9299 9319 9320 9300
f 9300 9320 9321 9301
f 9301 9321 9322 9302
f 9302 9322 9323 9303
f 9303 9323 9324 9304
f 9304 9324 9325 9305
f 9305 9325 9326 9306
f 9306 9326 9327 9328
f 9307 9329 9330 9308
f 9308 9330 9331 9309
f 9309 9331 9332 9310
f 9310 9332 9333 9311
f 9311 9333 9334 9312
f 9312 9334 9335 9313
f 9313 9335 9336 9314
f 9314 9336 9337 9315
f 9315 9337 9338 9316
f 9316 9338 9339 9317
f 9317 9339 9340 9318
f 9318 9340 9341 9319
f 9319 9341 9342 9320
f 9320 9342 9343 9321
f 9321 9343 9344 9322
f 9322 9344 9345 9323
f 9323 9345 9346 9324
f 9324 9346 9347 9325
f 9325 9347 9348 9326
f 9329 9349 9350 9330
f 9330 9350 9351 9331
f 9331 9351 9352 9332
f 9332 9352 9353 9333
f 9333 9353 9354 9334
f 9334 9354 9355 9335
f 9335 9355 9356 9336
f 9336 9356 9357 9337
f 9337 9357 9358 9338
f 9338 9358 9359 9339
f 9339 9359 9360 9340
f 9340 9360 9361 9341
f 9341 9361 9362 9342
f 9342 9362 9363 9343
f 9343 9363 9364 9344
f 9344 9364 9365 9345
f 9345 9365 9366 9346
f 9346 9366 9367 9347
f 9349 9368 9369 9350
f 9350 9369 9370 9351
f 9351 9370 9371 9352
f 9352 9371 9372 9353
f 9353 9372 9373 9354
f 9354 9373 9374 9355
f 9355 9374 9375 9356
f 9356 9375 9376 9357
f 9357 9376 9377 9358
f 9358 9377 9378 9359
f 9359 9378 9379 9360
f 9360 9379 9380 9361
f 9361 9380 9381 9362
f 9362 9381 9382 9363
f 9363 9382 9383 9364
f 9364 9383 9384 9365
f 9365 9384 9385 9366
f 9368 9386 9387 9369
f 9369 9387 9388 9370
f 9370 9388 9389 9371
f 9371 9389 9390 9372
f 9372 9390 9391 9373
f 9373 9391 9392 9374
f 9374 9392 9393 9375
f 9375 9393 9394 9376
f 9376 9394 9395 9377
f 9377 9395 9396 9378
f 9378 9396 9397 9379
f 9379 9397 9398 9380
f 9380 9398 9399 9381
f 9381 9399 9400 9382
f 9382 9400 9401 9383
f 9383 9401 9402 9384
f 9386 9403 9404 9387
f 9387 9404 9405 9388
f 9388 9405 9406 9389
f 9389 9406 9407 9390
f 9390 9407 9408 9391
f 9391 9408 9409 9392
f 9392 9409 9410 9393
f 9393 9410 9411 9394
f 9394 9411 9412 9395
f 9395 9412 9413 9396
f 9396 9413 9414 9397
f 9397 9414 9415 9398
f 9398 9415 9416 9399
f 9399 9416 9417 9400
f 9400 9417 9418 9401
f 9401 9418 9419 9402
f 9417 9420 9421 9418
f 9420 9422 9423 9421
f 9422 9424 9425 9423
f 9424 9426 9427 9425
f 9426 9428 9429 9427
f 9428 9430 9431 9429
f 9430 9432 9433 9431
f 9432 9434 9435 9433
f 9434 9436 9437 9435
f 9436 9438 9439 9437
f 9440 9441 9442 9443
f 9443 9442 9444 9445
f 9445 9444 9446 9447
f 9447 9446 9448 9449
f 9449 9448 9450 9451
f 9451 9450 9452 9453
f 9453 9452 9454 9455
f 9455 9454 9456 9457
f 9457 9456 9458 9459
f 9459 9458 9460 9461
f 9461 9460 9462 9463
f 9463 9462 9464 9465
f 9465 9464 9466 9467
f 9467 9466 9468 9438
f 9438 9468 9469 9439
f 9441 9470 9471 9442
f 9442 9471 9472 9444
f 9444 9472 9473 9446
f 9446 9473 9474 9448
f 9448 9474 9475 9450
f 9450 9475 9476 9452
f 9452 9476 9477 9454
f 9454 9477 9478 9456
f 9456 9478 9479 9458
f 9458 9479 9480 9460
f 9460 9480 9481 9462
f 9462 9481 9482 9464
f 9464 9482 9483 9466
f 9466 9483 9484 9468
f 9468 9484 9485 9469
f 9470 9486 9487 9471
f 9471 9487 9488 9472
f 9472 9488 9489 9473
f 9473 9489 9490 9474
f 9474 9490 9491 9475
f 9475 9491 9492 9476
f 9476 9492 9493 9477
f 9477 9493 9494 9478
f 9478 9494 9495 9479
f 9479 9495 9496 9480
f 9480 9496 9497 9481
f 9486 9498 9499 9487
f 9487 9499 9500 9488
f 9488 9500 9501 9489
f 9489 9501 9502 9490
f 9490 9502 9503 9491
f 9491 9503 9504 9492
f 9492 9504 9505 9493
f 9493 9505 9506 9494
f 9494 9506 9507 9495
f 9495 9507 9508 9496
f 9496 9508 9509 9497
f 9497 9509 9510 9511
f 9498 9512 9513 9499
f 9499 9513 9514 9500
f 9500 9514 9515 9501
f 9501 9515 9516 9502
f 9502 9516 9517 9503
f 9503 9517 9518 9504
f 9504 9518 9519 9505
f 9505 9519 9520 9506
f 9506 9520 9521 9507
f 9507 9521 9522 9508
f 9508 9522 9523 9509
f 9524 9525 9526 9527
f 9512 9528 9529 9513
f 9513 9529 9530 9514
f 9514 9530 9531 9515
f 9515 9531 9532 9516
f 9516 9532 9533 9517
f 9517 9533 9534 9518
f 9518 9534 9535 9519
f 9519 9535 9536 9520
f 9520 9536 9537 9521
f 9521 9537 9538 9522
f 9522 9538 9539 9523
f 9540 9541 9542 9543
f 9543 9542 9544 9545
f 9545 9544 9546 9547
f 9547 9546 9548 9525
f 9526 9549 9550 9551
f 9528 9552 9553 9529
f 9529 9553 9554 9530
f 9530 9554 9555 9531
f 9531 9555 9556 9532
f 9532 9556 9557 9533
f 9533 9557 9558 9534
f 9534 9558 9559 9535
f 9535 9559 9560 9536
f 9536 9560 9561 9537
f 9537 9561 9562 9538
f 9538 9562 9563 9539
f 9539 9563 9564 9565
f 9565 9564 9566 9567
f 9567 9566 9568 9541
f 9541 9568 9569 9542
f 9542 9569 9570 9544
f 9549 9571 9572 9550
f 9552 9573 9574 9553
f 9553 9574 9575 9554
f 9554 9575 9576 9555
f 9555 9576 9577 9556
f 9556 9577 9578 9557
f 9557 9578 9579 9558
f 9558 9579 9580 9559
f 9559 9580 9581 9560
f 9560 9581 9582 9561
f 9561 9582 9583 9562
f 9562 9583 9584 9563
f 9563 9584 9585 9564
f 9564 9585 9586 9566
f 9566 9586 9587 9568
f 9568 9587 9588 9569
f 9569 9588 9589 9570
f 9570 9589 9590 9591
f 9571 9592 9593 9572
f 9573 9594 9595 9574
f 9574 9595 9596 9575
f 9575 9596 9597 9576
f 9576 9597 9598 9577
f 9577 9598 9599 9578
f 9578 9599 9600 9579
f 9579 9600 9601 9580
f 9580 9601 9602 9581
f 9581 9602 9603 9582
f 9582 9603 9604 9583
f 9583 9604 9605 9584
f 9584 9605 9606 9585
f 9585 9606 9607 9586
f 9586 9607 9608 9587
f 9587 9608 9609 9588
f 9588 9609 9610 9589
f 9589 9610 9611 9590
f 9590 9611 9612 9613
f 9592 9614 9615 9593
f 9594 9616 9617 9595
f 9595 9617 9618 9596
f 9596 9618 9619 9597
f 9597 9619 9620 9598
f 9598 9620 9621 9599
f 9599 9621 9622 9600
f 9600 9622 9623 9601
f 9601 9623 9624 9602
f 9602 9624 9625 9603
f 9603 9625 9626 9604
f 9604 9626 9627 9605
f 9605 9627 9628 9606
f 9606 9628 9629 9607
f 9607 9629 9630 9608
f 9608 9630 9631 9609
f 9609 9631 9632 9610
f 9610 9632 9633 9611
f 9611 9633 9634 9612
f 9612 9634 9635 9614
f 9614 9635 9636 9615
f 9616 9637 9638 9617
f 9617 9638 9639 9618
f 9618 9639 9640 9619
f 9619 9640 9641 9620
f 9620 9641 9642 9621
f 9621 9642 9643 9622
f 9622 9643 9644 9623
f 9623 9644 9645 9624
f 9624 9645 9646 9625
f 9625 9646 9647 9626
f 9626 9647 9648 9627
f 9627 9648 9649 9628
f 9628 9649 9650 9629
f 9629 9650 9651 9630
f 9630 9651 9652 9631
f 9631 9652 9653 9632
f 9632 9653 9654 9633
f 9633 9654 9655 9634
f 9634 9655 9656 9635
f 9635 9656 9657 9636
f 9637 9658 9659 9638
f 9638 9659 9660 9639
f 9639 9660 9661 9640
f 9640 9661 9662 9641
f 9641 9662 9663 9642
f 9642 9663 9664 9643
f 9643 9664 9665 9644
f 9644 9665 9666 9645
f 9645 9666 9667 9646
f 9646 9667 9668 9647
f 9647 9668 9669 9648
f 9648 9669 9670 9649
f 9649 9670 9671 9650
f 9650 9671 9672 9651
f 9651 9672 9673 9652
f 9652 9673 9674 9653
f 9653 9674 9675 9654
f 9654 9675 9676 9655
f 9655 9676 9677 9656
f 9656 9677 9678 9657
f 9658 9679 9680 9659
f 9659 9680 9681 9660
f 9660 9681 9682 9661
f 9661 9682 9683 9662
f 9662 9683 9684 9663
f 9663 9684 9685 9664
f 9664 9685 9686 9665
f 9665 9686 9687 9666
f 9666 9687 9688 9667
f 9667 9688 9689 9668
f 9668 9689 9690 9669
f 9669 9690 9691 9670
f 9670 9691 9692 9671
f 9671 9692 9693 9672
f 9672 9693 9694 9673
f 9673 9694 9695 9674
f 9674 9695 9696 9675
f 9675 9696 9697 9676
f 9676 9697 9698 9677
f 9677 9698 9699 9678
f 9679 9700 9701 9680
f 9680 9701 9702 9681
f 9681 9702 9703 9682
f 9682 9703 9704 9683
f 9683 9704 9705 9684
f 9684 9705 9706 9685
f 9685 9706 9707 9686
f 9686 9707 9708 9687
f 9687 9708 9709 9688
f 9688 9709 9710 9689
f 9689 9710 9711 9690
f 9690 9711 9712 9691
f 9691 9712 9713 9692
f 9692 9713 9714 9693
f 9693 9714 9715 9694
f 9694 9715 9716 9695
f 9695 9716 9717 9696
f 9696 9717 9718 9697
f 9697 9718 9719 9698
f 9700 9720 9721 9701
f 9701 9721 9722 9702
f 9702 9722 9723 9703
f 9703 9723 9724 9704
f 9704 9724 9725 9705
f 9705 9725 9726 9706
f 9706 9726 9727 9707
f 9707 9727 9728 9708
f 9708 9728 9729 9709
f 9709 9729 9730 9710
f 9710 9730 9731 9711
f 9711 9731 9732 9712
f 9712 9732 9733 9713
f 9713 9733 9734 9714
f 9714 9734 9735 9715
f 9715 9735 9736 9716
f 9716 9736 9737 9717
f 9717 9737 9738 9718
f 9718 9738 9739 9719
f 9719 9739 9740 9741
f 9720 9742 9743 9721
f 9721 9743 9744 9722
f 9722 9744 9745 9723
f 9723 9745 9746 9724
f 9724 9746 9747 9725
f 9725 9747 9748 9726
f 9726 9748 9749 9727
f 9727 9749 9750 9728
f 9728 9750 9751 9729
f 9729 9751 9752 9730
f 9730 9752 9753 9731
f 9731 9753 9754 9732
f 9732 9754 9755 9733
f 9733 9755 9756 9734
f 9734 9756 9757 9735
f 9735 9757 9758 9736
f 9736 9758 9759 9737
f 9737 9759 9760 9738
f 9738 9760 9761 9739
f 9739 9761 9762 9740
f 9742 9763 9764 9743
f 9743 9764 9765 9744
f 9744 9765 9766 9745
f 9745 9766 9767 9746
f 9746 9767 9768 9747
f 9747 9768 9769 9748
f 9748 9769 9770 9749
f 9749 9770 9771 9750
f 9750 9771 9772 9751
f 9751 9772 9773 9752
f 9752 9773 9774 9753
f 9753 9774 9775 9754
f 9754 9775 9776 9755
f 9755 9776 9777 9756
f 9756 9777 9778 9757
f 9757 9778 9779 9758
f 9758 9779 9780 9759
f 9759 9780 9781 9760
f 9760 9781 9782 9761
f 9761 9782 9783 9762
f 9777 9784 9785 9778
f 9778 9785 9786 9779
f 9779 9786 9787 9780
f 9780 9787 9788 9781
f 9781 9788 9789 9782
f 9782 9789 9790 9783
f 9784 9791 9792 9785
f 9785 9792 9793 9786
f 9786 9793 9794 9787
f 9787 9794 9795 9788
f 9788 9795 9796 9789
f 9789 9796 9797 9790
f 9791 9798 9799 9792
f 9792 9799 9800 9793
f 9793 9800 9801 9794
f 9794 9801 9802 9795
f 9795 9802 9803 9796
f 9796 9803 9804 9797
f 9798 9805 9806 9799
f 9799 9806 9807 9800
f 9800 9807 9808 9801
f 9801 9808 9809 9802
f 9802 9809 9810 9803
f 9803 9810 9811 9804
f 9805 9812 9813 9806
f 9806 9813 9814 9807
f 9807 9814 9815 9808
f 9808 9815 9816 9809
f 9809 9816 9817 9810
f 9810 9817 9818 9811
f 9812 9819 9820 9813
f 9813 9820 9821 9814
f 9814 9821 9822 9815
f 9815 9822 9823 9816
f 9816 9823 9824 9817
f 9817 9824 9825 9818
f 9819 9826 9827 9820
f 9820 9827 9828 9821
f 9821 9828 9829 9822
f 9822 9829 9830 9823
f 9823 9830 9831 9824
f 9826 9832 9833 9827
f 9827 9833 9834 9828
f 9828 9834 9835 9829
f 9829 9835 9836 9830
f 9830 9836 9837 9831
f 9831 9837 9838 9839
f 9832 9840 9841 9833
f 9833 9841 9842 9834
f 9834 9842 9843 9835
f 9835 9843 9844 9836
f 9836 9844 9845 9837
f 9837 9845 9846 9838
f 9847 9848 9849 9850
f 9850 9849 9851 9852
f 9852 9851 9853 9854
f 9854 9853 9855 9856
f 9856 9855 9857 9858
f 9858 9857 9859 9860
f 9860 9859 9861 9862
f 9862 9861 9863 9864
f 9864 9863 9865 9866
f 9866 9865 9867 9868
f 9868 9867 9869 9870
f 9870 9869 9871 9872
f 9872 9871 9873 9874
f 9874 9873 9875 9840
f 9840 9875 9876 9841
f 9841 9876 9877 9842
f 9842 9877 9878 9843
f 9843 9878 9879 9844
f 9844 9879 9880 9845
f 9845 9880 9881 9846
f 9848 9882 9883 9849
f 9849 9883 9884 9851
f 9851 9884 9885 9853
f 9853 9885 9886 9855
f 9855 9886 9887 9857
f 9857 9887 9888 9859
f 9859 9888 9889 9861
f 9861 9889 9890 9863
f 9863 9890 9891 9865
f 9865 9891 9892 9867
f 9867 9892 9893 9869
f 9869 9893 9894 9871
f 9871 9894 9895 9873
f 9873 9895 9896 9875
f 9875 9896 9897 9876
f 9876 9897 9898 9877
f 9877 9898 9899 9878
f 9878 9899 9900 9879
f 9879 9900 9901 9880
f 9880 9901 9902 9881
f 9882 9903 9904 9883
f 9883 9904 9905 9884
f 9884 9905 9906 9885
f 9885 9906 9907 9886
f 9886 9907 9908 9887
f 9887 9908 9909 9888
f 9888 9909 9910 9889
f 9889 9910 9911 9890
f 9890 9911 9912 9891
f 9891 9912 9913 9892
f 9892 9913 9914 9893
f 9893 9914 9915 9894
f 9894 9915 9916 9895
f 9895 9916 9917 9896
f 9896 9917 9918 9897
f 9897 9918 9919 9898
f 9898 9919 9920 9899
f 9899 9920 9921 9900
f 9900 9921 9922 9901
f 9901 9922 9923 9902
f 9903 9924 9925 9904
f 9904 9925 9926 9905
f 9905 9926 9927 9906
f 9906 9927 9928 9907
f 9907 9928 9929 9908
f 9908 9929 9930 9909
f 9909 9930 9931 9910
f 9910 9931 9932 9911
f 9911 9932 9933 9912
f 9912 9933 9934 9913
f 9913 9934 9935 9914
f 9914 9935 9936 9915
f 9915 9936 9937 9916
f 9916 9937 9938 9917
f 9917 9938 9939 9918
f 9918 9939 9940 9919
f 9919 9940 9941 9920
f 9920 9941 9942 9921
f 9921 9942 9943 9922
f 9922 9943 9944 9923
f 9924 9945 9946 9925
f 9925 9946 9947 9926
f 9926 9947 9948 9927
f 9927 9948 9949 9928
f 9928 9949 9950 9929
f 9929 9950 9951 9930
f 9930 9951 9952 9931
f 9931 9952 9953 9932
f 9932 9953 9954 9933
f 9933 9954 9955 9934
f 9934 9955 9956 9935
f 9935 9956 9957 9936
f 9936 9957 9958 9937
f 9937 9958 9959 9938
f 9938 9959 9960 9939
f 9939 9960 9961 9940
f 9940 9961 9962 9941
f 9941 9962 9963 9942
f 9942 9963 9964 9943
f 9943 9964 9965 9944
f 9945 9966 9967 9946
f 9946 9967 9968 9947
f 9947 9968 9969 9948
f 9948 9969 9970 9949
f 9949 9970 9971 9950
f 9950 9971 9972 9951
f 9951 9972 9973 9952
f 9952 9973 9974 9953
f 9953 9974 9975 9954
f 9954 9975 9976 9955
f 9955 9976 9977 9956
f 9956 9977 9978 9957
f 9957 9978 9979 9958
f 9958 9979 9980 9959
f 9959 9980 9981 9960
f 9960 9981 9982 9961
f 9961 9982 9983 9962
f 9962 9983 9984 9963
f 9963 9984 9985 9964
f 9964 9985 9986 9965
f 9966 9987 9988 9967
f 9967 9988 9989 9968
f 9968 9989 9990 9969
f 9969 9990 9991 9970
f 9970 9991 9992 9971
f 9971 9992 9993 9972
f 9972 9993 9994 9973
f 9973 9994 9995 9974
f 9974 9995 9996 9975
f 9975 9996 9997 9976
f 9976 9997 9998 9977
f 9977 9998 9999 9978
f 9978 9999 10000 9979
f 9979 10000 10001 9980
f 9980 10001 10002 9981
f 9981 10002 10003 9982
f 9982 10003 10004 9983
f 9983 10004 10005 9984
f 9984 10005 10006 9985
f 9985 10006 10007 9986
f 9987 10008 10009 9988
f 9988 10009 10010 9989
f 9989 10010 10011 9990
f 9990 10011 10012 9991
f 9991 10012 10013 9992
f 9992 10013 10014 9993
f 9993 10014 10015 9994
f 9994 10015 10016 9995
f 9995 10016 10017 9996
f 9996 10017 10018 9997
f 9997 10018 10019 9998
f 9998 10019 10020 9999
f 9999 10020 10021 10000
f 10000 10021 10022 10001
f 10001 10022 10023 10002
f 10002 10023 10024 10003
f 10003 10024 10025 10004
f 10004 10025 10026 10005
f 10005 10026 10027 10006
f 10006 10027 10028 10007
f 10008 10029 10030 10009
f 10009 10030 10031 10010
f 10010 10031 10032 10011
f 10011 10032 10033 10012
f 10012 10033 10034 10013
f 10013 10034 10035 10014
f 10014 10035 10036 10015
f 10015 10036 10037 10016
f 10016 10037 10038 10017
f 10017 10038 10039 10018
f 10018 10039 10040 10019
f 10019 10040 10041 10020
f 10020 10041 10042 10021
f 10021 10042 10043 10022
f 10022 10043 10044 10023
f 10023 10044 10045 10024
f 10024 10045 10046 10025
f 10025 10046 10047 10026
f 10026 10047 10048 10027
f 10027 10048 10049 10028
